excel_row,batch,product_model,brand,enterprise,current_value,state,motor_peak_power_kw,motor_total_power_kw,motor_supplier,motor_model,same_model_candidate,same_model_source_rows,same_model_source_batches,inference_tier,confidence,motor_model_candidate_nm,motor_model_source_rows,motor_model_source_batches,preferred_candidate_nm,preferred_method,candidate_conflict,copyright
2,341,BAW7003UB51BEV,北京汽车,北京汽车制造厂有限公司,120/,power_only,110,110,青山工业,,,,,,,,,,,,,Copyright © 2026 David YE
3,341,BAW7003UB52BEV,北京汽车,北京汽车制造厂有限公司,120/,power_only,110,110,青山工业,,,,,,,,,,,,,Copyright © 2026 David YE
5,341,BYD7008BEVA10,比亚迪牌,比亚迪汽车有限公司,135/,power_only,160,160,比亚迪,,,,,,,,,,,,,Copyright © 2026 David YE
16,341,JX6490T-M5BEV,江铃牌,江铃汽车股份有限公司,120/,power_only,,,方正电机,,,,,,,,,,,,,Copyright © 2026 David YE
17,341,JX6570T-M5BEV,江铃牌,江铃汽车股份有限公司,120/,power_only,,,方正电机,,,,,,,,,,,,,Copyright © 2026 David YE
21,341,SVW6461AEV,大众,上汽大众汽车有限公司,125/,power_only,150,150,大众汽车自动变速器,,,,,,,,,,,,,Copyright © 2026 David YE
24,341,THZ6450BEVS30C,哪吒牌,浙江合众新能源汽车有限公司,120/,power_only,,,菲仕绿能科技,,,,,,,,,,,,,Copyright © 2026 David YE
25,341,THZ7000BEVS116,哪吒牌,浙江合众新能源汽车有限公司,55/,power_only,,,中车时代,,,,,,,,,,,,,Copyright © 2026 David YE
58,342,SC6443PBABEV,长安牌,河北长安汽车有限公司,60/,power_only,,,汇川联合动力,,,,,,,,,,,,,Copyright © 2026 David YE
60,342,SC6491AAABEV,长安牌,重庆长安汽车股份有限公司,,blank,160,160,华为,,,,,,,,,,,,,Copyright © 2026 David YE
61,342,SC7001ABEBEV,长安牌,重庆长安汽车股份有限公司,55/,power_only,160,160,上海电驱动,,,,,,,,,,,,,Copyright © 2026 David YE
62,342,SC7001ABGBEV,长安牌,重庆长安汽车股份有限公司,,blank,160,160,上海电驱动,,,,,,,,,,,,,Copyright © 2026 David YE
66,342,SKE6470SBEVA4S,赛力斯牌,重庆金康新能源汽车有限公司,,blank,,,金康动力/华为,,,,,,,,,,,,,Copyright © 2026 David YE
94,343,HKL6520MBEV,大马牌,江苏九龙汽车制造有限公司,150/,power_only,,,英搏尔电气,,,,,,,,,,,,,Copyright © 2026 David YE
95,343,HQ7002BEV76,帝豪牌,浙江豪情汽车制造有限公司,310.0,ambiguous,120,120,,,150/310,196,345,C-same-model,medium,,,,310,同一产品型号跨批次记录唯一一致,,Copyright © 2026 David YE
123,343,VCC7002F04VBEV,极星牌,浙江豪情汽车制造有限公司,330.0,ambiguous,,,,,150/330,171,344,C-same-model,medium,,,,330,同一产品型号跨批次记录唯一一致,,Copyright © 2026 David YE
124,343,VCC7002F05VBEV,极星牌,浙江豪情汽车制造有限公司,330.0,ambiguous,,,,,150/330,172,344,C-same-model,medium,,,,330,同一产品型号跨批次记录唯一一致,,Copyright © 2026 David YE
144,344,BQ6460NY1BEV,田野牌,河北中兴汽车制造有限公司,,blank,,,,,,,,,,,,,,,,Copyright © 2026 David YE
163,344,MR7001SEV01,吉利牌,浙江吉利汽车有限公司,100/,power_only,160,160,英搏尔电气,,,,,,,,,,,,,Copyright © 2026 David YE
175,344,YZ7000BEV,天琴牌,重汽(重庆)轻型汽车有限公司,35/,power_only,,,上海汽车电驱动,,,,,,,,,,,,,Copyright © 2026 David YE
178,345,BJ7000USD9-BEV,北京牌,北京新能源汽车股份有限公司,120/,power_only,160,160,北京新能源,,,,,,,,,,,,,Copyright © 2026 David YE
181,345,BQ6460NY1BEV,田野牌,河北中兴汽车制造有限公司,,blank,,,大地和电气,,,,,,,,,,,,,Copyright © 2026 David YE
199,345,JL6471SEV02,吉利牌,浙江豪情汽车制造有限公司,100/,power_only,120,120,英搏尔电气,,,,,,,,,,,,,Copyright © 2026 David YE
279,346,HX7002BEV,红星牌,河北红星汽车制造有限公司,32/,power_only,,,创驱新能源,,,,,,,,,,,,,Copyright © 2026 David YE
282,346,LZW7002EVB1PAN,五菱牌,上汽通用五菱汽车股份有限公司,24/,power_only,30,30,方正电机,,,,,,,,,,,,,Copyright © 2026 David YE
316,347,BYD7004BEV2,比亚迪牌,比亚迪汽车工业有限公司,130,ambiguous,180,180,比亚迪,,,,,,,,,,,,,Copyright © 2026 David YE
369,347,TSL7000BEVAR4,特斯拉牌,特斯拉(上海)有限公司,202,ambiguous,,,特斯拉,,,,,,,,,,,,,Copyright © 2026 David YE
397,348,JX6550T-M5BEV,江铃牌,江铃汽车股份有限公司,120/,power_only,,,浙江方正电机,,,,,,,,,,,,,Copyright © 2026 David YE
417,348,SQR6471CHEVT1D,奇瑞牌,奇瑞汽车股份有限公司,125,ambiguous,130,130,奇瑞汽车,,,,,,,,,,,,,Copyright © 2026 David YE
419,348,TSL7000BEVAR3,特斯拉牌,特斯拉(上海)有限公司,220,ambiguous,,,特斯拉（上海）,,,,,,,,,,,,,Copyright © 2026 David YE
420,348,TSL7000BEVAR4,特斯拉牌,特斯拉(上海)有限公司,202,ambiguous,,,特斯拉公司,,,,,,,,,,,,,Copyright © 2026 David YE
429,348,EQ6492AL5F2SHEV,岚图牌,东风汽车集团有限公司,255,ambiguous,120,120,,,,,,,,,,,,,,Copyright © 2026 David YE
430,349,BJ7000C5DFK-BEV,北京牌,北汽云南瑞丽汽车有限公司,240.0,ambiguous,,,,,120/240,479,350,C-same-model,medium,,,,240,同一产品型号跨批次记录唯一一致,,Copyright © 2026 David YE
431,349,BJ7000C5DHK-BEV,北京牌,北汽云南瑞丽汽车有限公司,240.0,ambiguous,,,,,120/240,480,350,C-same-model,medium,,,,240,同一产品型号跨批次记录唯一一致,,Copyright © 2026 David YE
440,349,DXK7001RD10BEV,东风牌,东风小康汽车有限公司,25,ambiguous,,,上海汽车电驱动,,,,,,,,,,,,,Copyright © 2026 David YE
441,349,DXK7001RD7BEV,东风牌,东风小康汽车有限公司,25,ambiguous,,,上海汽车电驱动,,,,,,,,,,,,,Copyright © 2026 David YE
442,349,DXK7001RD9BEV,东风牌,东风小康汽车有限公司,25,ambiguous,,,浙江方正电机,,,,,,,,,,,,,Copyright © 2026 David YE
446,349,FZ7000BEV09,零跑牌,零跑汽车有限公司,80,ambiguous,170,170,金华零跑,,,,,,,,,,,,,Copyright © 2026 David YE
460,349,LZW7004EVA5EBKU,五菱牌,上汽通用五菱汽车股份有限公司,110.0,ambiguous,30,30,,,30/110,500,350,C-same-model,medium,,,,110,同一产品型号跨批次记录唯一一致,,Copyright © 2026 David YE
463,349,LZW7004EVB9KBJ,五菱牌,上汽通用五菱汽车股份有限公司,24,ambiguous,30,30,卧龙采埃孚,,,,,,,,,,,,,Copyright © 2026 David YE
464,349,LZW7004EVC1DBKU,五菱牌,上汽通用五菱汽车股份有限公司,110.0,ambiguous,30,30,,,30/110,501,350,C-same-model,medium,,,,110,同一产品型号跨批次记录唯一一致,,Copyright © 2026 David YE
465,349,LZW7004EVC1KBK,五菱牌,上汽通用五菱汽车股份有限公司,30,ambiguous,30,30,双林汽车柳州分公司,,,,,,,,,,,,,Copyright © 2026 David YE
466,349,NEQ7000BEVJ72U,奇瑞牌,奇瑞新能源汽车股份有限公司,120.0,ambiguous,,,,,30/120,502,350,C-same-model,medium,,,,120,同一产品型号跨批次记录唯一一致,,Copyright © 2026 David YE
489,350,FZ6480BEV04,零跑牌,零跑汽车有限公司,200,ambiguous,170,170,金华零跑,,,,,,,,,,,,,Copyright © 2026 David YE
506,350,THZ6451BEVS30J,哪吒牌,合众新能源汽车有限公司,,blank,120,120,,,,,,,,,,,,,,Copyright © 2026 David YE
526,351,DXK7001RD4BEV,东风牌,东风小康汽车有限公司,25,ambiguous,,,上海汽车电驱动,,,,,,,,,,,,,Copyright © 2026 David YE
531,351,FZ6480BEV09,零跑牌,零跑汽车有限公司,200,ambiguous,170,170,金华零跑,,,,,,,,,,,,,Copyright © 2026 David YE
554,351,THZ6451BEVS30J,哪吒牌,合众新能源汽车有限公司,120,ambiguous,120,120,无锡中车浩夫尔动力,,,,,,,,,,,,,Copyright © 2026 David YE
584,352,BAW7000UL45BEV,燕铃牌,北京汽车制造厂有限公司,18/,power_only,110,110,德州浦益希机电,,,,,,,,,,,,,Copyright © 2026 David YE
591,352,DN6530MBEV,东南牌,东南(福建)汽车工业有限公司,80/,power_only,,,厦门金龙汽车新能源科技有限公司,,,,,,,,,,,,,Copyright © 2026 David YE
592,352,DXK7001RD11BEV,东风牌,东风小康汽车有限公司,25/,power_only,,,上海汽车电驱动有限公司,,,,,,,,,,,,,Copyright © 2026 David YE
593,352,EXH6460A09BEV,威马牌,湖北星晖新能源智能汽车有限公司,160/,power_only,,,苏州汇川,,,,,,,,,,,,,Copyright © 2026 David YE
595,352,HFC7000WEV12,思皓牌,安徽江淮汽车集团股份有限公司,,blank,130,130,合肥道一动力/珠海英搏尔电气,,,,,,,,,,,,,Copyright © 2026 David YE
596,352,HXK7000BEVB01,凌宝牌,江苏吉麦新能源车业有限公司,20/,power_only,,,浙江奥思伟尔电动科技,,,,,,,,,,,,,Copyright © 2026 David YE
598,352,JX6510PA5BEV,江铃牌,江铃汽车股份有限公司,120/,power_only,,,浙江方正电机,,,,,,,,,,,,,Copyright © 2026 David YE
603,352,YGM7002BEVB5,领途牌,领途汽车有限公司,29/,power_only,,,浙江方正电机/山东得普达电机,,,,,,,,,,,,,Copyright © 2026 David YE
607,352,BYD7150YT6HEV4,比亚迪牌,比亚迪汽车工业有限公司,"PM 160/
PM 200/",power_only,180,180,,,,,,,,,,,,,,Copyright © 2026 David YE
620,353,CGC6481BEV2P2,大运牌,成都大运汽车集团有限公司,145/,power_only,,,精进电动科技,,,,,,,,,,,,,Copyright © 2026 David YE
630,353,YGM7002BEVB2,领途牌,领途汽车有限公司,,blank,,,浙江方正电机;山东得普达电机,,,,,,,,,,,,,Copyright © 2026 David YE
631,353,LXA6500SHEVMP,理想牌,重庆理想汽车有限公司,,blank,330,330,,,,,,,,,,,,,,Copyright © 2026 David YE
632,353,LXA6500SHEVMQ,理想牌,重庆理想汽车有限公司,,blank,330,330,,,,,,,,,,,,,,Copyright © 2026 David YE
638,354,DFM7002G1F0BEV,风神牌,东风汽车集团有限公司,110,ambiguous,120,120,弗迪动力,,,,,,,,,,,,,Copyright © 2026 David YE
674,355,BAW7000UL44BEV,燕铃牌,北京汽车制造厂有限公司,,blank,110,110,方正电机,,,,,,,,,,,,,Copyright © 2026 David YE
675,355,BAW7000UL46BEV,燕铃牌,北京汽车制造厂有限公司,,blank,110,110,方正电机,,,,,,,,,,,,,Copyright © 2026 David YE
676,355,BQ6460N1BEV,田野牌,河北中兴汽车制造有限公司,,blank,,,深圳市大地和电气,,,,,,,,,,,,,Copyright © 2026 David YE
708,355,HRQ7000BEV01,恒合牌,湖南恒润汽车有限公司,,blank,,,永康市斯科若电器,,,,,,,,,,,,,Copyright © 2026 David YE
720,355,NEQ7000BEVJ72W,奇瑞牌,奇瑞新能源汽车股份有限公司,,blank,,,奇瑞新能源汽车,,,,,,,,,,,,,Copyright © 2026 David YE
736,355,FV6462HCDEHEV,大众牌,一汽-大众汽车有限公司,85,ambiguous,,,,,,,,,,,,,,,,Copyright © 2026 David YE
738,355,SQR6470CHEVT1D1,奇瑞牌,奇瑞汽车股份有限公司,,blank,130,130,,,,,,,,,,,,,,Copyright © 2026 David YE
741,356,BJ6539EVAA1,福田牌,北汽福田汽车股份有限公司,,blank,,,北汽福田,,,,,,,,,,,,,Copyright © 2026 David YE
742,356,BJ7001A612BEV,极狐(ARCFOX)牌,北汽蓝谷麦格纳汽车有限公司,160,ambiguous,175,175,北京西门子,,,,,,,,,,,,,Copyright © 2026 David YE
743,356,BJ7001AUAF-BEV,极狐(ARCFOX)牌,北汽蓝谷麦格纳汽车有限公司,175,ambiguous,175,175,北京新能源,,,,,,,,,,,,,Copyright © 2026 David YE
745,356,DFM7003G1F1BEV,风神牌,东风汽车集团有限公司,,blank,120,120,深圳市泉胜新技术开发,,,,,,,,,,,,,Copyright © 2026 David YE
752,356,JL7000BEV03,精灵(smart)牌,浙江豪情汽车制造有限公司,200,ambiguous,120,120,威睿电动,,,,,,,,,,,,,Copyright © 2026 David YE
758,356,MA7002BEVA,敏微牌,江苏敏安电动汽车有限公司,20,ambiguous,,,方正电机,,,,,,,,,,,,,Copyright © 2026 David YE
759,356,MR7003SEV01,帝豪牌,浙江吉利汽车有限公司,60,ambiguous,160,160,格雷博智能动力,,,,,,,,,,,,,Copyright © 2026 David YE
766,356,NJL6450EV1,开沃牌,南京金龙客车制造有限公司,220.0,ambiguous,,,南京金龙客车,,60/220,600,352,C-same-model,medium,,,,220,同一产品型号跨批次记录唯一一致,,Copyright © 2026 David YE
778,356,SC6471DEA6HEV,长安牌,重庆铃耀汽车有限公司,110,ambiguous,,,,,,,,,,,,,,,,Copyright © 2026 David YE
784,357,BJ7000QHN6X6BEV,北京牌,北汽瑞翔汽车有限公司,80,ambiguous,,,苏州汇川,,,,,,,,,,,,,Copyright © 2026 David YE
785,357,BJ7000QHN6X9BEV,北京牌,北汽瑞翔汽车有限公司,80,ambiguous,,,苏州汇川,,,,,,,,,,,,,Copyright © 2026 David YE
786,357,BYD7004BEV6,比亚迪牌,比亚迪汽车工业有限公司,70,ambiguous,180,180,长沙市比亚迪,,,,,,,,,,,,,Copyright © 2026 David YE
787,357,BYD7004BEV7,比亚迪牌,比亚迪汽车工业有限公司,130,ambiguous,180,180,长沙市比亚迪,,,,,,,,,,,,,Copyright © 2026 David YE
814,357,NEQ7000BEVJH11G,奇瑞牌,奇瑞新能源汽车股份有限公司,23,ambiguous,,,山东双林,,,,,,,,,,,,,Copyright © 2026 David YE
841,359,BAW7000UB44BEV,燕铃牌,北京汽车制造厂有限公司,25,ambiguous,110,110,方正电机,,,,,,,,,,,,,Copyright © 2026 David YE
842,359,BJ6539EVAA2,福田牌,北汽福田汽车股份有限公司,85,ambiguous,,,北汽福田,,,,,,,,,,,,,Copyright © 2026 David YE
849,359,GAM6450BEVD0A,埃安(AION)牌,广汽乘用车有限公司,150,ambiguous,,,广州尼得科,,,,,,,,,,,,,Copyright © 2026 David YE
850,359,GAM6450BEVD0D,埃安(AION)牌,广汽乘用车有限公司,150,ambiguous,,,广州尼得科,,,,,,,,,,,,,Copyright © 2026 David YE
851,359,HX7003BEV,红星牌,河北红星汽车制造有限公司,26,ambiguous,,,得普达电机,,,,,,,,,,,,,Copyright © 2026 David YE
884,359,YQZ7001BEVHIPHIZ,悦达牌,江苏悦达起亚汽车有限公司,,blank,,,,,,,,,,,,,,,,Copyright © 2026 David YE
892,360,BJ7000C5DES-SEV,北京牌,北京新能源汽车股份有限公司,,blank,160,160,北京新能源汽车,,,,,,,,,,,,,Copyright © 2026 David YE
893,360,BMW7000ABEV,宝马(BMW)牌,华晨宝马汽车有限公司,250,ambiguous,240,240,BMW AG,,,,,,,,,,,,,Copyright © 2026 David YE
896,360,DC7006XAAXBEVM,富康牌,神龙汽车有限公司,110,ambiguous,,,东风电驱动,,,,,,,,,,,,,Copyright © 2026 David YE
898,360,DFL7000NA69BEV,启辰牌,东风汽车有限公司,120,ambiguous,,,巨一动力,,,,,,,,,,,,,Copyright © 2026 David YE
904,360,HFC7002BSEV1,思皓牌,安徽江淮汽车集团股份有限公司,142,ambiguous,130,130,江淮汽车,,,,,,,,,,,,,Copyright © 2026 David YE
905,360,HMC6482PM0BEV,海马牌,海南海马汽车有限公司,150,ambiguous,,,弗迪动力,,,,,,,,,,,,,Copyright © 2026 David YE
906,360,HRQ6352BEV,恒润牌,湖南恒润汽车有限公司,35,ambiguous,,,恒润汽车,,,,,,,,,,,,,Copyright © 2026 David YE
907,360,JWT6470SEV04,枫叶牌,枫盛汽车(江苏)有限公司,,blank,,,英搏尔电气,,,,,,,,,,,,,Copyright © 2026 David YE
908,360,JWT7001SEV01,枫叶牌,枫盛汽车(江苏)有限公司,,blank,,,英搏尔电气,,,,,,,,,,,,,Copyright © 2026 David YE
909,360,JX6550TA-M5BEV,江铃牌,江铃汽车股份有限公司,,blank,,,方正电机,,,,,,,,,,,,,Copyright © 2026 David YE
910,360,LZ6460XPF0EV,东风牌,东风柳州汽车有限公司,150,ambiguous,,,弗迪动力,,,,,,,,,,,,,Copyright © 2026 David YE
911,360,LZW7003EVB3MAB,宝骏牌,上汽通用五菱汽车股份有限公司,50,ambiguous,30,30,中车时代电气,,,,,,,,,,,,,Copyright © 2026 David YE
912,360,LZW7004EVPWCB,五菱牌,上汽通用五菱汽车股份有限公司,20,ambiguous,30,30,方正电机,,,,,,,,,,,,,Copyright © 2026 David YE
914,360,NEQ7000BEVJ722,奇瑞牌,奇瑞新能源汽车股份有限公司,55,ambiguous,,,奇瑞新能源,,,,,,,,,,,,,Copyright © 2026 David YE
915,360,NEQ7000BEVJ727,奇瑞牌,奇瑞新能源汽车股份有限公司,55,ambiguous,,,奇瑞新能源,,,,,,,,,,,,,Copyright © 2026 David YE
916,360,NJL6472BEV400,开沃牌,南京金龙客车制造有限公司,150,ambiguous,,,比亚迪汽车,,,,,,,,,,,,,Copyright © 2026 David YE
917,360,SC6453BBCBEV,长安牌,河北长安汽车有限公司,60,ambiguous,,,苏州汇川,,,,,,,,,,,,,Copyright © 2026 David YE
918,360,SC6453BBDBEV,长安牌,河北长安汽车有限公司,60,ambiguous,,,苏州汇川,,,,,,,,,,,,,Copyright © 2026 David YE
919,360,YQZ7000BEVZ,悦达牌,江苏悦达起亚汽车有限公司,247,ambiguous,,,联合汽车电子,,,,,,,,,,,,,Copyright © 2026 David YE
920,360,YQZ7001BEVZ,悦达牌,江苏悦达起亚汽车有限公司,247,ambiguous,,,联合汽车电子,,,,,,,,,,,,,Copyright © 2026 David YE
921,360,YQZ7002BEVZ,悦达牌,江苏悦达起亚汽车有限公司,247,ambiguous,,,联合汽车电子,,,,,,,,,,,,,Copyright © 2026 David YE
922,360,ZTA6450EV,众泰牌,浙江众泰汽车制造有限公司,95,ambiguous,,,大洋电机,,,,,,,,,,,,,Copyright © 2026 David YE
930,360,JL6482DCHEV02,吉利牌,浙江豪情汽车制造有限公司,338.0,ambiguous,120,120,,,107/338,995,362,C-same-model,medium,,,,338,同一产品型号跨批次记录唯一一致,,Copyright © 2026 David YE
931,360,JL6482DCHEV03,吉利牌,浙江豪情汽车制造有限公司,338.0,ambiguous,120,120,,,107/338,996,362,C-same-model,medium,,,,338,同一产品型号跨批次记录唯一一致,,Copyright © 2026 David YE
932,360,NJL6470CHEV1,开沃牌,南京金龙客车制造有限公司,,blank,,,,,,,,,,,,,,,,Copyright © 2026 David YE
933,360,NJL6470CHEV2,开沃牌,南京金龙客车制造有限公司,,blank,,,,,,,,,,,,,,,,Copyright © 2026 David YE
934,361,GAH6460BEVS0F,合创牌,广汽乘用车(杭州)有限公司,160/,power_only,,,苏州汇川,,,,,,,,,,,,,Copyright © 2026 David YE
935,361,THZ7000BEVS11H,哪吒牌,合众新能源汽车有限公司,70/,power_only,120,120,中车时代电气,,,,,,,,,,,,,Copyright © 2026 David YE
936,361,THZ7000BEVS11J,哪吒牌,合众新能源汽车有限公司,70/,power_only,120,120,中车时代电气,,,,,,,,,,,,,Copyright © 2026 David YE
939,361,CC6470AH05EPHEV,哈弗牌,长城汽车股份有限公司,,blank,126,126,,,,,,,,,,,,,,Copyright © 2026 David YE
940,361,CC6470AH05GPHEV,哈弗牌,长城汽车股份有限公司,,blank,126,126,,,,,,,,,,,,,,Copyright © 2026 David YE
941,362,BAW6490MA5BEV,锐胜牌,北京汽车制造厂有限公司,,blank,110,110,,,,,,,,,,,,,,Copyright © 2026 David YE
942,362,BAW6521MA5BEV,锐胜牌,北京汽车制造厂有限公司,,blank,110,110,,,,,,,,,,,,,,Copyright © 2026 David YE
943,362,BYD6470SBEV5,比亚迪牌,比亚迪汽车有限公司,,blank,160,160,,,,,,,,,,,,,,Copyright © 2026 David YE
945,362,CA6467BEVA,一汽牌,中国第一汽车集团有限公司,,blank,180,180,,,,,,,,,,,,,,Copyright © 2026 David YE
946,362,CA6467BSEVA,一汽牌,中国第一汽车集团有限公司,,blank,180,180,,,,,,,,,,,,,,Copyright © 2026 David YE
963,362,HFC6511REV2C7,瑞风牌,安徽江淮汽车集团股份有限公司,,blank,130,130,,,,,,,,,,,,,,Copyright © 2026 David YE
966,362,HRQ6352BEV,恒润牌,湖南恒润汽车有限公司,,blank,,,,,,,,,,,,,,,,Copyright © 2026 David YE
967,362,HXK7000BEVA16,凌宝牌,江苏吉麦新能源车业有限公司,,blank,,,,,,,,,,,,,,,,Copyright © 2026 David YE
968,362,HXK7000BEVB03,凌宝牌,江苏吉麦新能源车业有限公司,,blank,,,,,,,,,,,,,,,,Copyright © 2026 David YE
969,362,HXK7000BEVD00,凌宝牌,江苏吉麦新能源车业有限公司,,blank,,,,,,,,,,,,,,,,Copyright © 2026 David YE
972,362,JNJ7000EVF1,江南牌,湖南江南汽车制造有限公司,,blank,,,,,,,,,,,,,,,,Copyright © 2026 David YE
973,362,JNJ7000EVF3,江南牌,湖南江南汽车制造有限公司,,blank,,,,,,,,,,,,,,,,Copyright © 2026 David YE
974,362,LF6470SEV01,枫叶牌,重庆睿蓝汽车制造有限公司,,blank,,,,,,,,,,,,,,,,Copyright © 2026 David YE
975,362,LF6470SEV02,枫叶牌,重庆睿蓝汽车制造有限公司,100/？,power_only,,,珠海英搏尔,,,,,,,,,,,,,Copyright © 2026 David YE
976,362,LF6480SEV01,枫叶牌,重庆睿蓝汽车制造有限公司,,blank,,,,,,,,,,,,,,,,Copyright © 2026 David YE
977,362,LZ7000SKD0EV,东风牌,东风柳州汽车有限公司,,blank,,,,,,,,,,,,,,,,Copyright © 2026 David YE
978,362,LZ7000SKD1EV,东风牌,东风柳州汽车有限公司,,blank,,,,,,,,,,,,,,,,Copyright © 2026 David YE
979,362,LZW7004EVPUAMB,五菱牌,上汽通用五菱汽车股份有限公司,,blank,30,30,,,,,,,,,,,,,,Copyright © 2026 David YE
981,362,NEQ7000BEVJH11H,奇瑞牌,奇瑞新能源汽车股份有限公司,,blank,,,,,,,,,,,,,,,,Copyright © 2026 David YE
982,362,NEQ7000BEVJH11J,奇瑞牌,奇瑞新能源汽车股份有限公司,,blank,,,,,,,,,,,,,,,,Copyright © 2026 David YE
983,362,NHQ6490BEVGG,小鹏牌,肇庆小鹏新能源投资有限公司,,blank,,,,,,,,,,,,,,,,Copyright © 2026 David YE
984,362,NHQ6490BEVGM,小鹏牌,肇庆小鹏新能源投资有限公司,,blank,,,,,,,,,,,,,,,,Copyright © 2026 David YE
985,362,NHQ6490BEVGN,小鹏牌,肇庆小鹏新能源投资有限公司,,blank,,,,,,,,,,,,,,,,Copyright © 2026 David YE
986,362,NJ6537EYEVCM,依维柯牌,南京汽车集团有限公司,,blank,,,,,,,,,,,,,,,,Copyright © 2026 David YE
987,362,NJ6557EEVM,依维柯牌,南京汽车集团有限公司,,blank,,,,,,,,,,,,,,,,Copyright © 2026 David YE
988,362,SC6483ABCBEV,长安牌,河北长安汽车有限公司,,blank,,,,,,,,,,,,,,,,Copyright © 2026 David YE
989,362,SC6491ECABEV,阿维塔（AVATR）牌,重庆长安汽车股份有限公司,,blank,160,160,,,,,,,,,,,,,,Copyright © 2026 David YE
990,362,SH6531T1BEV-8,大通牌,上汽大通汽车有限公司,,blank,,,,,,,,,,,,,,,,Copyright © 2026 David YE
1000,362,SQR6460CHEVF16,捷途牌,奇瑞商用车(安徽)有限公司,,blank,,,,,,,,,,,,,,,,Copyright © 2026 David YE
1001,363,BJ6480A602BEV,极狐(ARCFOX)牌,北汽蓝谷麦格纳汽车有限公司,175,ambiguous,175,175,北汽新能源,,,,,,,,,,,,,Copyright © 2026 David YE
1003,363,BJ7000C5DDK-BEV,北京牌,北汽云南瑞丽汽车有限公司,,blank,,,,,,,,,,,,,,,,Copyright © 2026 David YE
1005,363,CAF6470B1BEV,玛斯丹(MUSTANG)牌,长安福特汽车有限公司,210,ambiguous,,,长安福特汽车,,,,,,,,,,,,,Copyright © 2026 David YE
1006,363,CAF6470B2BEV,玛斯丹(MUSTANG)牌,长安福特汽车有限公司,210,ambiguous,,,长安福特汽车,,,,,,,,,,,,,Copyright © 2026 David YE
1007,363,CAF6470B3BEV,玛斯丹(MUSTANG)牌,长安福特汽车有限公司,210,ambiguous,,,长安福特/LG,,,,,,,,,,,,,Copyright © 2026 David YE
1008,363,CAF6470B4BEV,玛斯丹(MUSTANG)牌,长安福特汽车有限公司,210,ambiguous,,,长安福特汽车,,,,,,,,,,,,,Copyright © 2026 David YE
1010,363,DD7000BEVWRA1,黄海牌,丹东黄海汽车有限责任公司,,blank,,,,,,,,,,,,,,,,Copyright © 2026 David YE
1012,363,DFL7000NA68BEV,启辰牌,东风汽车有限公司,120,ambiguous,,,智新科技,,,,,,,,,,,,,Copyright © 2026 David YE
1014,363,DFL7001NA62BEV,启辰牌,东风汽车有限公司,120,ambiguous,,,智新科技,,,,,,,,,,,,,Copyright © 2026 David YE
1016,363,DXK6450EC13BEV,东风牌,东风小康汽车有限公司,,blank,,,,,,,,,,,,,,,,Copyright © 2026 David YE
1025,363,JX7001EREBEV,羿驰牌,江西江铃集团新能源汽车有限公司,,blank,,,,,,,,,,,,,,,,Copyright © 2026 David YE
1027,363,QAL70005A3BEV,悠宝利(U-Belief)牌,观致汽车有限公司,,blank,,,,,,,,,,,,,,,,Copyright © 2026 David YE
1028,363,QAL70015A3BEV,悠宝利(U-Belief)牌,观致汽车有限公司,,blank,,,,,,,,,,,,,,,,Copyright © 2026 David YE
1041,363,CC6490AY02DPHEV,魏牌牌,长城汽车股份有限公司,,blank,126,126,,,,,,,,,,,,,,Copyright © 2026 David YE
1045,363,DXK6481AS1PHEVH,东风牌,东风小康汽车有限公司,,blank,,,,,,,,,,,,,,,,Copyright © 2026 David YE
1046,363,SQR6461CHEVF16,捷途牌,奇瑞商用车(安徽)有限公司,,blank,,,,,,,,,,,,,,,,Copyright © 2026 David YE
1047,364,BYD7009BEV9,比亚迪牌,比亚迪汽车工业有限公司,150,ambiguous,180,180,长沙比亚迪,,,,,,,,,,,,,Copyright © 2026 David YE
1048,364,CAF6470B1BEV,玛斯丹(MUSTANG)牌,长安福特汽车有限公司,210,ambiguous,,,长安福特,,,,,,,,,,,,,Copyright © 2026 David YE
1049,364,CAF6470B2BEV,玛斯丹(MUSTANG)牌,长安福特汽车有限公司,210,ambiguous,,,长安福特,,,,,,,,,,,,,Copyright © 2026 David YE
1050,364,CAF6470B3BEV,玛斯丹(MUSTANG)牌,长安福特汽车有限公司,"F:210/
R:210/",power_only,,,LGE/长安福特,,,,,,,,,,,,,Copyright © 2026 David YE
1051,364,CAF6470B4BEV,玛斯丹(MUSTANG)牌,长安福特汽车有限公司,"F:210/
R:210/",power_only,,,LGE/长安福特,,,,,,,,,,,,,Copyright © 2026 David YE
1052,364,JNJ7000EVF1,江南牌,湖南江南汽车制造有限公司,,blank,,,,,,,,,,,,,,,,Copyright © 2026 David YE
1053,364,JNJ7000EVF3,江南牌,湖南江南汽车制造有限公司,,blank,,,,,,,,,,,,,,,,Copyright © 2026 David YE
1056,365,BJ6526EVAA1,福田牌,北汽福田汽车股份有限公司,,blank,,,,,,,,,,,,,,,,Copyright © 2026 David YE
1058,365,BQ7000N2BEV,田野牌,河北中兴汽车制造有限公司,,blank,,,,,,,,,,,,,,,,Copyright © 2026 David YE
1059,365,BQ7000N3BEV,田野牌,河北中兴汽车制造有限公司,,blank,,,,,,,,,,,,,,,,Copyright © 2026 David YE
1061,365,DD7000BEVWRA1,黄海牌,丹东黄海汽车有限责任公司,,blank,,,,,,,,,,,,,,,,Copyright © 2026 David YE
1062,365,DFM7001G1F2SBEV,风神牌,东风汽车集团有限公司,,blank,120,120,,,,,,,,,,,,,,Copyright © 2026 David YE
1063,365,DXK6460HF5BEV,东风牌,东风小康汽车有限公司,,blank,,,,,,,,,,,,,,,,Copyright © 2026 David YE
1064,365,DXK7001RD18BEV,东风牌,东风小康汽车有限公司,,blank,,,,,,,,,,,,,,,,Copyright © 2026 David YE
1065,365,DXK7001RD19BEV,东风牌,东风小康汽车有限公司,,blank,,,,,,,,,,,,,,,,Copyright © 2026 David YE
1066,365,DXK7001RD20BEV,东风牌,东风小康汽车有限公司,,blank,,,,,,,,,,,,,,,,Copyright © 2026 David YE
1072,365,GXE7002BEV3A,翼刻牌,江苏国新新能源乘用车有限公司,,blank,,,,,,,,,,,,,,,,Copyright © 2026 David YE
1073,365,GXE7002BEV3B,翼刻牌,江苏国新新能源乘用车有限公司,,blank,,,,,,,,,,,,,,,,Copyright © 2026 David YE
1074,365,HX7004BEV,红星牌,河北红星汽车制造有限公司,,blank,,,,,,,,,,,,,,,,Copyright © 2026 David YE
1083,365,JX6482UBEV,爱驰牌,江铃控股有限公司,,blank,,,,,,,,,,,,,,,,Copyright © 2026 David YE
1084,365,LZW6450EVA6KAU,五菱牌,上汽通用五菱汽车股份有限公司,,blank,30,30,,,,,,,,,,,,,,Copyright © 2026 David YE
1085,365,LZW6450EVHKAU,五菱牌,上汽通用五菱汽车股份有限公司,,blank,30,30,,,,,,,,,,,,,,Copyright © 2026 David YE
1086,365,LZW7004EVC1UBJ,五菱牌,上汽通用五菱汽车股份有限公司,,blank,30,30,,,,,,,,,,,,,,Copyright © 2026 David YE
1087,365,LZW7007EVB3KAB,五菱牌,上汽通用五菱汽车股份有限公司,,blank,30,30,,,,,,,,,,,,,,Copyright © 2026 David YE
1088,365,LZW7007EVC1KBJ,五菱牌,上汽通用五菱汽车股份有限公司,,blank,30,30,,,,,,,,,,,,,,Copyright © 2026 David YE
1089,365,MR6490SEV04,英伦牌,浙江吉利汽车有限公司,,blank,160,160,,,,,,,,,,,,,,Copyright © 2026 David YE
1092,365,NEQ7000BEVJ728,奇瑞牌,奇瑞新能源汽车股份有限公司,,blank,,,,,,,,,,,,,,,,Copyright © 2026 David YE
1100,365,SGA6320BEVSH61B,国金汽车牌,山东国金汽车制造有限公司,,blank,,,,,,,,,,,,,,,,Copyright © 2026 David YE
1102,365,SH6531T1SEV-9,大通牌,上汽大通汽车有限公司,,blank,,,,,,,,,,,,,,,,Copyright © 2026 David YE
1126,365,CJL6451AL3HEV,路虎(LAND ROVER)牌,奇瑞捷豹路虎汽车有限公司,,blank,,,,,,,,,,,,,,,,Copyright © 2026 David YE
1128,365,FZ6480SHEV14,零跑牌,零跑汽车有限公司,,blank,170,170,,,,,,,,,,,,,,Copyright © 2026 David YE
1132,365,MR6490DSHEV06,英伦牌,浙江吉利汽车有限公司,,blank,160,160,,,,,,,,,,,,,,Copyright © 2026 David YE
1133,365,NJL6470PHEV3,创维牌,南京金龙客车制造有限公司,,blank,,,,,,,,,,,,,,,,Copyright © 2026 David YE
1138,365,SQR6450CHEVT1E,奇瑞牌,奇瑞汽车股份有限公司,,blank,130,130,,,,,,,,,,,,,,Copyright © 2026 David YE
1141,366,BAW6490MA51BEV,锐胜牌,北京汽车制造厂有限公司,,blank,110,110,,,,,,,,,,,,,,Copyright © 2026 David YE
1142,366,BAW6521MA51BEV,锐胜牌,北京汽车制造厂有限公司,,blank,110,110,,,,,,,,,,,,,,Copyright © 2026 David YE
1146,366,BJ7000QHN6X6BEV,北京牌,北汽瑞翔汽车有限公司,,blank,,,,,,,,,,,,,,,,Copyright © 2026 David YE
1147,366,BJ7000QHN6X8BEV,北京牌,北汽瑞翔汽车有限公司,,blank,,,,,,,,,,,,,,,,Copyright © 2026 David YE
1148,366,BJ7000QHN6X9BEV,北京牌,北汽瑞翔汽车有限公司,,blank,,,,,,,,,,,,,,,,Copyright © 2026 David YE
1151,366,BRX6490DB5X0BEV,辰际牌,北汽瑞翔汽车有限公司,,blank,,,,,,,,,,,,,,,,Copyright © 2026 David YE
1159,366,CW7000BH00HABEV,欧拉牌,日照魏牌汽车有限公司,150/?,power_only,,,联合汽车电子,,,,,,,,,,,,,Copyright © 2026 David YE
1160,366,CW7000BH00NABEV,欧拉牌,日照魏牌汽车有限公司,150/?,power_only,,,联合汽车电子,,,,,,,,,,,,,Copyright © 2026 David YE
1161,366,CW7000BH01NBBEV,欧拉牌,日照魏牌汽车有限公司,150/?,power_only,,,联合汽车电子,,,,,,,,,,,,,Copyright © 2026 David YE
1162,366,CW7000BH21NCBEV,欧拉牌,日照魏牌汽车有限公司,"F: 150/?
R: 150/?",power_only,,,联合汽车电子,,,,,,,,,,,,,Copyright © 2026 David YE
1164,366,JNJ7000EVF,江南牌,湖南江南汽车制造有限公司,,blank,,,,,,,,,,,,,,,,Copyright © 2026 David YE
1165,366,JNJ7000EVF2,江南牌,湖南江南汽车制造有限公司,,blank,,,,,,,,,,,,,,,,Copyright © 2026 David YE
1166,366,JNJ7000EVF4,江南牌,湖南江南汽车制造有限公司,,blank,,,,,,,,,,,,,,,,Copyright © 2026 David YE
1173,366,MR6525BEV06,极氪牌,浙江吉利汽车有限公司,"F: 200/?
R: 200/?",power_only,160,160,威睿电动/威睿电动,,,,,,,,,,,,,Copyright © 2026 David YE
1176,366,THZ7000BEVS11M,哪吒牌,合众新能源汽车有限公司,55/?,power_only,120,120,株洲中车时代,,,,,,,,,,,,,Copyright © 2026 David YE
1183,366,JKC6460B6S0SHEV,斯威牌,华晨鑫源重庆汽车有限公司,,blank,,,,,,,,,,,,,,,,Copyright © 2026 David YE
1192,367,BJ6470A50BEV,极狐(ARCFOX)牌,北汽蓝谷麦格纳汽车有限公司,200/?,power_only,175,175,北京新能源汽车,,,,,,,,,,,,,Copyright © 2026 David YE
1193,367,BJ7001A619BEV,极狐(ARCFOX)牌,北汽蓝谷麦格纳汽车有限公司,160/?,power_only,175,175,北京西门子,,,,,,,,,,,,,Copyright © 2026 David YE
1194,367,BYD7001BEVA,比亚迪牌,比亚迪汽车有限公司,55/?,power_only,160,160,西安比亚迪,,,,,,,,,,,,,Copyright © 2026 David YE
1195,367,BYD7001BEVA1,比亚迪牌,比亚迪汽车有限公司,55/?,power_only,160,160,西安比亚迪,,,,,,,,,,,,,Copyright © 2026 David YE
1196,367,BYD7001BEVA2,比亚迪牌,比亚迪汽车有限公司,55/?,power_only,160,160,西安比亚迪,,,,,,,,,,,,,Copyright © 2026 David YE
1197,367,BYD7002BEV11,比亚迪牌,比亚迪汽车工业有限公司,70/?,power_only,180,180,长沙市比亚迪,,,,,,,,,,,,,Copyright © 2026 David YE
1198,367,BYD7003BEV11,比亚迪牌,比亚迪汽车工业有限公司,70/?,power_only,180,180,长沙市比亚迪,,,,,,,,,,,,,Copyright © 2026 David YE
1199,367,DFM7002G1FBBEV,风神牌,东风汽车集团有限公司,,blank,120,120,,,,,,,,,,,,,,Copyright © 2026 David YE
1200,367,FZ6480BEV16,零跑牌,零跑汽车有限公司,200/?,power_only,170,170,金华零跑,,,,,,,,,,,,,Copyright © 2026 David YE
1201,367,FZ6480BEV17,零跑牌,零跑汽车有限公司,200/?,power_only,170,170,金华零跑,,,,,,,,,,,,,Copyright © 2026 David YE
1202,367,FZ6480BEV18,零跑牌,零跑汽车有限公司,200/?,power_only,170,170,金华零跑,,,,,,,,,,,,,Copyright © 2026 David YE
1203,367,FZ7000BEV14,零跑牌,零跑汽车有限公司,,blank,170,170,,,,,,,,,,,,,,Copyright © 2026 David YE
1204,367,FZ7000BEV15,零跑牌,零跑汽车有限公司,,blank,170,170,,,,,,,,,,,,,,Copyright © 2026 David YE
1205,367,FZ7000BEVC01G,零跑牌,零跑汽车有限公司,200/?,power_only,170,170,金华零跑,,,,,,,,,,,,,Copyright © 2026 David YE
1206,367,FZ7000BEVC01H,零跑牌,零跑汽车有限公司,200/?,power_only,170,170,金华零跑,,,,,,,,,,,,,Copyright © 2026 David YE
1207,367,GAM6450BEVD0L,埃安(AION)牌,广汽乘用车有限公司,150/?,power_only,,,广州尼得科,,,,,,,,,,,,,Copyright © 2026 David YE
1208,367,GAM6450BEVD0M,埃安(AION)牌,广汽乘用车有限公司,150/?,power_only,,,广州尼得科,,,,,,,,,,,,,Copyright © 2026 David YE
1209,367,GAM6450BEVD0N,埃安(AION)牌,广汽乘用车有限公司,150/?,power_only,,,苏州汇川,,,,,,,,,,,,,Copyright © 2026 David YE
1210,367,GAM6450BEVD0P,埃安(AION)牌,广汽乘用车有限公司,150/?,power_only,,,广州尼得科,,,,,,,,,,,,,Copyright © 2026 David YE
1211,367,GAM6450BEVD0Q,埃安(AION)牌,广汽乘用车有限公司,150/?,power_only,,,广州尼得科,,,,,,,,,,,,,Copyright © 2026 David YE
1212,367,GAM6450BEVD0R,埃安(AION)牌,广汽乘用车有限公司,100/?,power_only,,,苏州汇川,,,,,,,,,,,,,Copyright © 2026 David YE
1213,367,GAM7001BEVA1A,埃安(AION)牌,广汽乘用车有限公司,150/?,power_only,,,广州尼得科,,,,,,,,,,,,,Copyright © 2026 David YE
1214,367,GAM7001BEVA1B,埃安(AION)牌,广汽乘用车有限公司,100/?,power_only,,,苏州汇川,,,,,,,,,,,,,Copyright © 2026 David YE
1215,367,HFC6493EC1SEV1-W,蔚来牌,安徽江淮汽车集团股份有限公司,"F: 150/?
R: 210/?",power_only,130,130,蔚来动力,,,,,,,,,,,,,Copyright © 2026 David YE
1216,367,HFC6494ECSEV2-W,蔚来牌,安徽江淮汽车集团股份有限公司,"F: 180/?
R: 300/?",power_only,130,130,蔚然(南京)动力,,,,,,,,,,,,,Copyright © 2026 David YE
1217,367,JL7000BEV01,精灵(smart)牌,浙江豪情汽车制造有限公司,200/?,power_only,120,120,威睿电动,,,,,,,,,,,,,Copyright © 2026 David YE
1218,367,JNJ7000EVF7,江南牌,湖南江南汽车制造有限公司,,blank,,,,,,,,,,,,,,,,Copyright © 2026 David YE
1219,367,LZ6460XPD0EV,东风牌,东风柳州汽车有限公司,,blank,,,,,,,,,,,,,,,,Copyright © 2026 David YE
1220,367,LZ6510NEB0EV,东风牌,东风柳州汽车有限公司,,blank,,,,,,,,,,,,,,,,Copyright © 2026 David YE
1221,367,LZ7000SKD3EV,东风牌,东风柳州汽车有限公司,,blank,,,,,,,,,,,,,,,,Copyright © 2026 David YE
1222,367,LZW7004EVJECD,五菱牌,上汽通用五菱汽车股份有限公司,,blank,30,30,,,,,,,,,,,,,,Copyright © 2026 David YE
1223,367,LZW7004EVJUCD,五菱牌,上汽通用五菱汽车股份有限公司,,blank,30,30,,,,,,,,,,,,,,Copyright © 2026 David YE
1224,367,LZW7004EVPUCD,五菱牌,上汽通用五菱汽车股份有限公司,,blank,30,30,,,,,,,,,,,,,,Copyright © 2026 David YE
1225,367,LZW7007EVB3KABB,五菱牌,上汽通用五菱汽车股份有限公司,,blank,30,30,,,,,,,,,,,,,,Copyright © 2026 David YE
1226,367,LZW7007EVC1KBJB,五菱牌,上汽通用五菱汽车股份有限公司,,blank,30,30,,,,,,,,,,,,,,Copyright © 2026 David YE
1227,367,MR6525BEV06,极氪牌,浙江吉利汽车有限公司,"F: 200/?
R: 200/?",power_only,160,160,威睿电动/威睿电动,,,,,,,,,,,,,Copyright © 2026 David YE
1228,367,SGM6500BCBEV,凯迪拉克(CADILLAC)牌,上汽通用汽车有限公司,250/？,power_only,130,130,上汽通用汽车,,,,,,,,,,,,,Copyright © 2026 David YE
1229,367,SGM6500BDBEV,凯迪拉克(CADILLAC)牌,上汽通用汽车有限公司,255/?,power_only,130,130,上汽通用汽车,,,,,,,,,,,,,Copyright © 2026 David YE
1230,367,SGM6500BEBEV,凯迪拉克(CADILLAC)牌,上汽通用汽车有限公司,"F: 155/?
R: 220/?",power_only,130,130,上汽通用汽车,,,,,,,,,,,,,Copyright © 2026 David YE
1232,367,SH6486N1BEV-6,大通牌,上汽大通汽车有限公司,,blank,,,,,,,,,,,,,,,,Copyright © 2026 David YE
1233,367,YDE7000BEV1S,云度牌,云度新能源汽车有限公司,,blank,,,,,,,,,,,,,,,,Copyright © 2026 David YE
1234,367,YDE7000BEV1T,云度牌,云度新能源汽车有限公司,,blank,,,,,,,,,,,,,,,,Copyright © 2026 David YE
1235,367,YZ7001BEV5,天琴牌,重汽(重庆)轻型汽车有限公司,,blank,,,,,,,,,,,,,,,,Copyright © 2026 David YE
1236,367,CC6470AP02CPHEV,魏牌牌,长城汽车股份有限公司,,blank,126,126,,,,,,,,,,,,,,Copyright © 2026 David YE
1237,367,CC6470AP02EPHEV,魏牌牌,长城汽车股份有限公司,,blank,126,126,,,,,,,,,,,,,,Copyright © 2026 David YE
1238,367,CC6470AP02FPHEV,魏牌牌,长城汽车股份有限公司,,blank,126,126,,,,,,,,,,,,,,Copyright © 2026 David YE
1239,367,CC6470AP22CPHEV,魏牌牌,长城汽车股份有限公司,,blank,126,126,,,,,,,,,,,,,,Copyright © 2026 David YE
1240,367,CC6520BP00BPHEV,魏牌牌,长城汽车股份有限公司,,blank,126,126,,,,,,,,,,,,,,Copyright © 2026 David YE
1241,367,CC6520BP20CPHEV,魏牌牌,长城汽车股份有限公司,,blank,126,126,,,,,,,,,,,,,,Copyright © 2026 David YE
1243,367,FZ6480SHEV19,零跑牌,零跑汽车有限公司,200,ambiguous,170,170,,,,,,,,,,,,,,Copyright © 2026 David YE
1244,367,FZ6480SHEV20,零跑牌,零跑汽车有限公司,200,ambiguous,170,170,,,,,,,,,,,,,,Copyright © 2026 David YE
1245,367,GHA6471RAC6APHEV,本田(HONDA)牌,广汽本田汽车有限公司,135,ambiguous,,,,,,,,,,,,,,,,Copyright © 2026 David YE
1246,367,GHA7202AAC6APHEV,本田(HONDA)牌,广汽本田汽车有限公司,135,ambiguous,,,,,,,,,,,,,,,,Copyright © 2026 David YE
1247,367,LXA6502SHEVX3,理想牌,重庆理想汽车有限公司,,blank,330,330,,,,,,,,,,,,,,Copyright © 2026 David YE
1248,367,LXA6511SHEVX4,理想牌,重庆理想汽车有限公司,,blank,330,330,,,,,,,,,,,,,,Copyright © 2026 David YE
1249,367,MR6501DCHEV02,领克牌,浙江吉利汽车有限公司,,blank,160,160,,,,,,,,,,,,,,Copyright © 2026 David YE
1250,367,SC6471DED6HEV,长安牌,重庆铃耀汽车有限公司,110,ambiguous,,,,,,,,,,,,,,,,Copyright © 2026 David YE
1251,367,SC6493ADC6HEV,长安牌,重庆长安汽车股份有限公司,110,ambiguous,160,160,,,,,,,,,,,,,,Copyright © 2026 David YE
1252,367,SQR6451CHEVT1E,奇瑞牌,奇瑞汽车股份有限公司,,blank,130,130,,,,,,,,,,,,,,Copyright © 2026 David YE
1253,367,SQR6462CHEVF16,捷途牌,奇瑞商用车(安徽)有限公司,,blank,,,,,,,,,,,,,,,,Copyright © 2026 David YE
1254,367,SQR6463CHEVF16,捷途牌,奇瑞商用车(安徽)有限公司,,blank,,,,,,,,,,,,,,,,Copyright © 2026 David YE
1255,367,SQR6471CHEVT18,奇瑞牌,奇瑞汽车股份有限公司,,blank,130,130,,,,,,,,,,,,,,Copyright © 2026 David YE
1256,368,BAW7000UL48BEV,燕铃牌,北京汽车制造厂有限公司,,blank,110,110,,,,,,,,,,,,,,Copyright © 2026 David YE
1257,368,BYD7003BEVA4,比亚迪牌,比亚迪汽车工业有限公司,150/？,power_only,180,180,比亚迪汽车,,,,,,,,,,,,,Copyright © 2026 David YE
1258,368,CW7000BH00HABEV,欧拉牌,日照魏牌汽车有限公司,150/？,power_only,,,联合汽车电子,,,,,,,,,,,,,Copyright © 2026 David YE
1259,368,CW7000BH00NABEV,欧拉牌,日照魏牌汽车有限公司,150/？,power_only,,,联合汽车电子,,,,,,,,,,,,,Copyright © 2026 David YE
1260,368,CW7000BH01NBBEV,欧拉牌,日照魏牌汽车有限公司,150/？,power_only,,,联合汽车电子,,,,,,,,,,,,,Copyright © 2026 David YE
1261,368,CW7000BH21NCBEV,欧拉牌,日照魏牌汽车有限公司,"前:150/?
后:150/?",power_only,,,联合汽车电子,,,,,,,,,,,,,Copyright © 2026 David YE
1262,368,HFC6483EC1SEV1-W,蔚来牌,安徽江淮汽车集团股份有限公司,"前:150/?
后:210/?",power_only,130,130,蔚来动力,,,,,,,,,,,,,Copyright © 2026 David YE
1263,368,JKC6450A0X3BEV,鑫源牌,华晨鑫源重庆汽车有限公司,,blank,,,,,,,,,,,,,,,,Copyright © 2026 David YE
1264,368,JKC6450A0X4BEV,鑫源牌,华晨鑫源重庆汽车有限公司,,blank,,,,,,,,,,,,,,,,Copyright © 2026 David YE
1265,368,JL7001SEV03,枫叶牌,浙江豪情汽车制造有限公司,,blank,120,120,,,,,,,,,,,,,,Copyright © 2026 David YE
1266,368,LZW7007EVB3VAB,五菱牌,上汽通用五菱汽车股份有限公司,,blank,30,30,,,,,,,,,,,,,,Copyright © 2026 David YE
1267,368,LZW7007EVC2MBMA,宝骏牌,上汽通用五菱汽车股份有限公司,,blank,30,30,,,,,,,,,,,,,,Copyright © 2026 David YE
1268,368,LZW7007EVD2MBMA,宝骏牌,上汽通用五菱汽车股份有限公司,,blank,30,30,,,,,,,,,,,,,,Copyright © 2026 David YE
1269,368,MR7001SEV04,枫叶牌,浙江吉利汽车有限公司,,blank,160,160,,,,,,,,,,,,,,Copyright © 2026 David YE
1270,368,MR7005BEV05,极氪牌,浙江吉利汽车有限公司,200/?,power_only,160,160,威睿电动,,,,,,,,,,,,,Copyright © 2026 David YE
1271,368,MR7005BEV07,极氪牌,浙江吉利汽车有限公司,"前:115/?
后:200/?",power_only,160,160,威睿电动,,,,,,,,,,,,,Copyright © 2026 David YE
1272,368,MR7005BEV09,极氪牌,浙江吉利汽车有限公司,200/?,power_only,160,160,威睿电动,,,,,,,,,,,,,Copyright © 2026 David YE
1273,368,SH6473P1BEV-6,大通牌,上汽大通汽车有限公司,,blank,,,,,,,,,,,,,,,,Copyright © 2026 David YE
1274,368,SH6473P1BEV-7,大通牌,上汽大通汽车有限公司,,blank,,,,,,,,,,,,,,,,Copyright © 2026 David YE
1275,368,SH6486N1BEV-7,大通牌,上汽大通汽车有限公司,,blank,,,,,,,,,,,,,,,,Copyright © 2026 David YE
1276,368,THZ7000BEVS11N,哪吒牌,合众新能源汽车有限公司,,blank,120,120,,,,,,,,,,,,,,Copyright © 2026 David YE
1277,368,VCC7003F05XBEV,沃尔沃牌,浙江豪情汽车制造有限公司,"前:110/?
后:190/?",power_only,,,"前：华域汽车
后：台达电子",,,,,,,,,,,,,Copyright © 2026 David YE
1278,368,VCC7003F43XBEV,沃尔沃牌,浙江豪情汽车制造有限公司,"前:110/?
后:190/?",power_only,,,"前：华域汽车
后：台达电子",,,,,,,,,,,,,Copyright © 2026 David YE
1279,368,YQZ6490BEVY,悦达牌,江苏悦达起亚汽车有限公司,"前:127/?
后:247/?",power_only,,,联合汽车电子,,,,,,,,,,,,,Copyright © 2026 David YE
1280,368,YQZ6491BEVY,悦达牌,江苏悦达起亚汽车有限公司,247/？,power_only,,,联合汽车电子,,,,,,,,,,,,,Copyright © 2026 David YE
1281,368,YQZ6492BEVY,悦达牌,江苏悦达起亚汽车有限公司,247/？,power_only,,,联合汽车电子,,,,,,,,,,,,,Copyright © 2026 David YE
1282,368,ZN6532H5PBEV,东风牌,郑州日产汽车有限公司,,blank,,,,,,,,,,,,,,,,Copyright © 2026 David YE
1283,368,BYD6471ST6HEV1,比亚迪牌,比亚迪汽车工业有限公司,132/？,power_only,180,180,,,,,,,,,,,,,,Copyright © 2026 David YE
1284,368,BYD6471ST6HEV2,比亚迪牌,比亚迪汽车工业有限公司,145/？,power_only,180,180,,,,,,,,,,,,,,Copyright © 2026 David YE
1285,368,BYD6471ST6HEV3,比亚迪牌,比亚迪汽车工业有限公司,145/？,power_only,180,180,,,,,,,,,,,,,,Copyright © 2026 David YE
1286,368,BYD6482ST6HEV6,比亚迪牌,比亚迪汽车有限公司,145/？,power_only,160,160,,,,,,,,,,,,,,Copyright © 2026 David YE
1287,368,CC6460BM02APHEV,哈弗牌,长城汽车股份有限公司,,blank,126,126,,,,,,,,,,,,,,Copyright © 2026 David YE
1288,368,CC6460BM02BPHEV,哈弗牌,长城汽车股份有限公司,,blank,126,126,,,,,,,,,,,,,,Copyright © 2026 David YE
1289,368,CC6460BM02CPHEV,哈弗牌,长城汽车股份有限公司,,blank,126,126,,,,,,,,,,,,,,Copyright © 2026 David YE
1290,368,CC6460BM02DPHEV,哈弗牌,长城汽车股份有限公司,,blank,126,126,,,,,,,,,,,,,,Copyright © 2026 David YE
1291,368,CC6480BT03APHEV,哈弗牌,长城汽车股份有限公司,,blank,126,126,,,,,,,,,,,,,,Copyright © 2026 David YE
1292,368,CC6480BT03BPHEV,哈弗牌,长城汽车股份有限公司,,blank,126,126,,,,,,,,,,,,,,Copyright © 2026 David YE
1293,368,CC6480BT03CPHEV,哈弗牌,长城汽车股份有限公司,,blank,126,126,,,,,,,,,,,,,,Copyright © 2026 David YE
1294,368,CC6480BT03DPHEV,哈弗牌,长城汽车股份有限公司,,blank,126,126,,,,,,,,,,,,,,Copyright © 2026 David YE
1295,368,CC6480BT25APHEV,哈弗牌,长城汽车股份有限公司,,blank,126,126,,,,,,,,,,,,,,Copyright © 2026 David YE
1296,368,EQ6493AL5F2SHEV,岚图牌,东风汽车集团有限公司,"160/？
200/？",power_only,120,120,,,,,,,,,,,,,,Copyright © 2026 David YE
1297,368,LXA6502SHEVX2,理想牌,重庆理想汽车有限公司,,blank,330,330,,,,,,,,,,,,,,Copyright © 2026 David YE
1298,368,LXA6511SHEVX3,理想牌,重庆理想汽车有限公司,,blank,330,330,,,,,,,,,,,,,,Copyright © 2026 David YE
1299,368,MR6501DPHEV03,领克牌,浙江吉利汽车有限公司,,blank,160,160,,,,,,,,,,,,,,Copyright © 2026 David YE
1300,369,BJ7001A616BEV,极狐(ARCFOX)牌,北汽蓝谷麦格纳汽车有限公司,"F::221/
R:252/",power_only,175,175,华为,,,,,,,,,,,,,Copyright © 2026 David YE
1301,369,BYD7006BEVA5,比亚迪牌,比亚迪汽车有限公司,170,ambiguous,160,160,南京市比亚迪,,,,,,,,,,,,,Copyright © 2026 David YE
1302,369,CA7000H0EVF,红旗牌,中国第一汽车集团有限公司,140,ambiguous,180,180,中车时代,,,,,,,,,,,,,Copyright © 2026 David YE
1303,369,CA7000H0SEVA,红旗牌,中国第一汽车集团有限公司,100,ambiguous,180,180,中车时代,,,,,,,,,,,,,Copyright © 2026 David YE
1304,369,CC7000BH00HCBEV,欧拉牌,长城汽车股份有限公司,150,ambiguous,126,126,蜂巢传动系统,,,,,,,,,,,,,Copyright © 2026 David YE
1305,369,CC7000BJ00GABEV,欧拉牌,长城汽车股份有限公司,135,ambiguous,126,126,蜂巢传动系统,,,,,,,,,,,,,Copyright © 2026 David YE
1306,369,CC7000BJ00NABEV,欧拉牌,长城汽车股份有限公司,135,ambiguous,126,126,蜂巢传动系统,,,,,,,,,,,,,Copyright © 2026 David YE
1307,369,CSA6501LBEV4,智己牌,上海汽车集团股份有限公司,"F:175/
R:250/",power_only,180,180,联合汽车电子/华域汽车,,,,,,,,,,,,,Copyright © 2026 David YE
1308,369,DFM7002G1FCBEV,风神牌,东风汽车集团有限公司,,blank,120,120,,,,,,,,,,,,,,Copyright © 2026 David YE
1309,369,DHW7006DHBEV,毅威(M-NV)牌,东风本田汽车有限公司,160,ambiguous,,,智新科技,,,,,,,,,,,,,Copyright © 2026 David YE
1310,369,GAM7001BEVA1E,埃安(AION)牌,广汽乘用车有限公司,100,ambiguous,,,苏州汇川,,,,,,,,,,,,,Copyright © 2026 David YE
1311,369,HFC7002EWEV1,江淮牌,安徽江淮汽车集团股份有限公司,,blank,130,130,,,,,,,,,,,,,,Copyright © 2026 David YE
1312,369,HFC7002EWEV2,江淮牌,安徽江淮汽车集团股份有限公司,,blank,130,130,,,,,,,,,,,,,,Copyright © 2026 David YE
1313,369,HFC7004CSEV1-W,蔚来牌,安徽江淮汽车集团股份有限公司,"F:150/
R:210/",power_only,130,130,蔚来,,,,,,,,,,,,,Copyright © 2026 David YE
1314,369,HXK7000BEVE00,吉麦牌,江苏吉麦新能源车业有限公司,,blank,,,,,,,,,,,,,,,,Copyright © 2026 David YE
1315,369,LZ7000SKD6EV,东风牌,东风柳州汽车有限公司,,blank,,,,,,,,,,,,,,,,Copyright © 2026 David YE
1316,369,LZW6520EVC7EBNC,五菱牌,上汽通用五菱汽车股份有限公司,,blank,30,30,,,,,,,,,,,,,,Copyright © 2026 David YE
1317,369,LZW7007EVB3UAB,五菱牌,上汽通用五菱汽车股份有限公司,,blank,30,30,,,,,,,,,,,,,,Copyright © 2026 David YE
1318,369,NEQ6470BEVS61,奇瑞牌,奇瑞新能源汽车股份有限公司,,blank,,,,,,,,,,,,,,,,Copyright © 2026 David YE
1319,369,NHQ6480BEVFA,小鹏牌,肇庆小鹏新能源投资有限公司,218,ambiguous,,,武汉小鹏,,,,,,,,,,,,,Copyright © 2026 David YE
1320,369,NHQ6480BEVFB,小鹏牌,肇庆小鹏新能源投资有限公司,218,ambiguous,,,武汉小鹏,,,,,,,,,,,,,Copyright © 2026 David YE
1321,369,NHQ6480BEVFC,小鹏牌,肇庆小鹏新能源投资有限公司,"F:140/
R:218/",power_only,,,武汉小鹏,,,,,,,,,,,,,Copyright © 2026 David YE
1322,369,QCJ6491SBEV1,腾势牌,比亚迪汽车工业有限公司,"F:160/
R:230/",power_only,180,180,抚州比亚迪/南京市比亚迪,,,,,,,,,,,,,Copyright © 2026 David YE
1323,369,QCJ6491SBEV2,腾势牌,比亚迪汽车工业有限公司,230,ambiguous,180,180,南京市比亚迪,,,,,,,,,,,,,Copyright © 2026 David YE
1324,369,QCJ6491SBEV3,腾势牌,比亚迪汽车工业有限公司,"F:160/
R:230/",power_only,180,180,抚州比亚迪/南京市比亚迪,,,,,,,,,,,,,Copyright © 2026 David YE
1325,369,QCJ6491SBEV4,腾势牌,比亚迪汽车工业有限公司,230,ambiguous,180,180,南京市比亚迪,,,,,,,,,,,,,Copyright © 2026 David YE
1326,369,SC6483ABEBEV,长安牌,河北长安汽车有限公司,,blank,,,,,,,,,,,,,,,,Copyright © 2026 David YE
1327,369,SGM6491BBBEV,别克(BUICK)牌,上汽通用汽车有限公司,150,ambiguous,130,130,上汽通用,,,,,,,,,,,,,Copyright © 2026 David YE
1328,369,THZ6460BEVS30K,哪吒牌,合众新能源汽车有限公司,120,ambiguous,120,120,菲仕绿能,,,,,,,,,,,,,Copyright © 2026 David YE
1329,369,THZ7000BEVS364,哪吒牌,合众新能源汽车有限公司,170,ambiguous,120,120,中车浩夫尔,,,,,,,,,,,,,Copyright © 2026 David YE
1330,369,THZ7000BEVS404,哪吒牌,合众新能源汽车有限公司,170,ambiguous,120,120,菲仕绿能,,,,,,,,,,,,,Copyright © 2026 David YE
1331,369,THZ7000BEVS405,哪吒牌,合众新能源汽车有限公司,170,ambiguous,120,120,菲仕绿能,,,,,,,,,,,,,Copyright © 2026 David YE
1332,369,VCC7002F21VBEV,极星牌,浙江豪情汽车制造有限公司,"F::110/
R:200/",power_only,,,华域/台达,,,,,,,,,,,,,Copyright © 2026 David YE
1333,369,VCC7002F22VBEV,极星牌,浙江豪情汽车制造有限公司,"F::110/
R:200/",power_only,,,华域/台达,,,,,,,,,,,,,Copyright © 2026 David YE
1334,369,VCC7002F23VBEV,极星牌,浙江豪情汽车制造有限公司,220,ambiguous,,,台达,,,,,,,,,,,,,Copyright © 2026 David YE
1335,369,VCC7002F24VBEV,极星牌,浙江豪情汽车制造有限公司,220,ambiguous,,,台达,,,,,,,,,,,,,Copyright © 2026 David YE
1336,369,VCC7003F06XBEV,沃尔沃牌,浙江豪情汽车制造有限公司,175,ambiguous,,,台达,,,,,,,,,,,,,Copyright © 2026 David YE
1337,369,VCC7003F07XBEV,沃尔沃牌,浙江豪情汽车制造有限公司,175,ambiguous,,,台达,,,,,,,,,,,,,Copyright © 2026 David YE
1338,369,VCC7003F44XBEV,沃尔沃牌,浙江豪情汽车制造有限公司,175,ambiguous,,,台达,,,,,,,,,,,,,Copyright © 2026 David YE
1339,369,VCC7003F45XBEV,沃尔沃牌,浙江豪情汽车制造有限公司,175,ambiguous,,,台达,,,,,,,,,,,,,Copyright © 2026 David YE
1340,369,BYD6482ST6HEV7,比亚迪牌,比亚迪汽车有限公司,145/,power_only,160,160,,,,,,,,,,,,,,Copyright © 2026 David YE
1341,369,BYD6482ST6HEV8,比亚迪牌,比亚迪汽车有限公司,145/,power_only,160,160,,,,,,,,,,,,,,Copyright © 2026 David YE
1342,369,CC6480BT25CPHEV,哈弗牌,长城汽车股份有限公司,,blank,126,126,,,,,,,,,,,,,,Copyright © 2026 David YE
1343,369,CC6520BP00DPHEV,魏牌牌,长城汽车股份有限公司,,blank,126,126,,,,,,,,,,,,,,Copyright © 2026 David YE
1344,369,DFL6460NTT81PHEV,启辰牌,东风汽车有限公司,,blank,,,,,,,,,,,,,,,,Copyright © 2026 David YE
1345,369,DFL6460NTT82PHEV,启辰牌,东风汽车有限公司,,blank,,,,,,,,,,,,,,,,Copyright © 2026 David YE
1346,369,DHW7201CUHEV,本田(HONDA)牌,东风本田汽车有限公司,135/,power_only,,,,,,,,,,,,,,,,Copyright © 2026 David YE
1347,369,HQ6472DCHEV01,吉利牌,浙江豪情汽车制造有限公司,,blank,120,120,,,,,,,,,,,,,,Copyright © 2026 David YE
1349,369,SKE6470SSHEVR2,赛力斯牌,赛力斯汽车有限公司,235/,power_only,,,,,,,,,,,,,,,,Copyright © 2026 David YE
1351,369,SKE6480SSHEVR4,赛力斯牌,赛力斯汽车有限公司,200,ambiguous,,,,,,,,,,,,,,,,Copyright © 2026 David YE
1352,369,SQR6451CHEVT1C,星途牌,奇瑞汽车股份有限公司,,blank,130,130,,,,,,,,,,,,,,Copyright © 2026 David YE
1353,370,BJ6450D46BEV,极狐(ARCFOX)牌,北汽蓝谷麦格纳汽车有限公司,120/,power_only,175,175,北京新能源,,,,,,,,,,,,,Copyright © 2026 David YE
1354,370,BYD6483SBEV,比亚迪牌,比亚迪汽车有限公司,150/,power_only,160,160,长沙市比亚迪,,,,,,,,,,,,,Copyright © 2026 David YE
1355,370,BYD6483SBEV1,比亚迪牌,比亚迪汽车有限公司,160/,power_only,160,160,南京市比亚迪,,,,,,,,,,,,,Copyright © 2026 David YE
1356,370,CA7007BEVR,一汽牌,中国第一汽车集团有限公司,,blank,180,180,,,,,,,,,,,,,,Copyright © 2026 David YE
1357,370,CC6460BM00HABEV,哈弗牌,长城汽车股份有限公司,150/,power_only,126,126,蜂巢传动,,,,,,,,,,,,,Copyright © 2026 David YE
1358,370,CC6460BM03HBBEV,哈弗牌,长城汽车股份有限公司,150/,power_only,126,126,蜂巢传动,,,,,,,,,,,,,Copyright © 2026 David YE
1359,370,CC7000BH00NEBEV,欧拉牌,长城汽车股份有限公司,150/,power_only,126,126,蜂巢传动,,,,,,,,,,,,,Copyright © 2026 David YE
1360,370,CGC7000BEV2J6,大运牌,成都大运汽车集团有限公司,,blank,,,,,,,,,,,,,,,,Copyright © 2026 David YE
1361,370,CSA6501LBEV5,智己牌,上海汽车集团股份有限公司,250/,power_only,180,180,华域汽车,,,,,,,,,,,,,Copyright © 2026 David YE
1362,370,CSA7002CBEV1,名爵牌,上海汽车集团股份有限公司, 231/,power_only,180,180,华域汽车,,,,,,,,,,,,,Copyright © 2026 David YE
1363,370,CSA7002CBEV2,名爵牌,上海汽车集团股份有限公司,250/,power_only,180,180,华域汽车,,,,,,,,,,,,,Copyright © 2026 David YE
1365,370,DXK6450EC16BEV,东风牌,东风小康汽车有限公司,,blank,,,,,,,,,,,,,,,,Copyright © 2026 David YE
1366,370,FV7007AABEV,大众牌,一汽-大众汽车有限公司,150/,power_only,,,大众汽车,,,,,,,,,,,,,Copyright © 2026 David YE
1367,370,GAH7000BEVT0C,合创牌,广汽乘用车(杭州)有限公司,186/,power_only,,,苏州汇川,,,,,,,,,,,,,Copyright © 2026 David YE
1368,370,GAM6450BEVD0S,埃安(AION)牌,广汽乘用车有限公司,150/,power_only,,,苏州汇川,,,,,,,,,,,,,Copyright © 2026 David YE
1369,370,GAM6460BEVC1B,埃安(AION)牌,广汽乘用车有限公司,180/,power_only,,,苏州汇川,,,,,,,,,,,,,Copyright © 2026 David YE
1370,370,GAM6460BEVC1C,埃安(AION)牌,广汽乘用车有限公司,180/,power_only,,,苏州汇川,,,,,,,,,,,,,Copyright © 2026 David YE
1371,370,GAM6460BEVC1D,埃安(AION)牌,广汽乘用车有限公司,180/,power_only,,,苏州汇川,,,,,,,,,,,,,Copyright © 2026 David YE
1372,370,GAM7001BEVA1C,埃安(AION)牌,广汽乘用车有限公司,100/,power_only,,,苏州汇川,,,,,,,,,,,,,Copyright © 2026 David YE
1373,370,JKC6450A0X5BEV,鑫源牌,华晨鑫源重庆汽车有限公司,,blank,,,,,,,,,,,,,,,,Copyright © 2026 David YE
1374,370,JX6556T-M6BEV,江铃全顺牌,江铃汽车股份有限公司,,blank,,,,,,,,,,,,,,,,Copyright © 2026 David YE
1375,370,JX6556TB-M6BEV,江铃全顺牌,江铃汽车股份有限公司,,blank,,,,,,,,,,,,,,,,Copyright © 2026 David YE
1376,370,JX7001ERFBEV,羿驰牌,江西江铃集团新能源汽车有限公司,,blank,,,,,,,,,,,,,,,,Copyright © 2026 David YE
1377,370,JX7004ESBBEV,羿驰牌,江西江铃集团新能源汽车有限公司,,blank,,,,,,,,,,,,,,,,Copyright © 2026 David YE
1379,370,LZ7000SKD4EV,东风牌,东风柳州汽车有限公司,,blank,,,,,,,,,,,,,,,,Copyright © 2026 David YE
1380,370,LZW6450EVA1,五菱牌,上汽通用五菱汽车股份有限公司,,blank,30,30,,,,,,,,,,,,,,Copyright © 2026 David YE
1381,370,LZW7007EVA1,五菱牌,上汽通用五菱汽车股份有限公司,,blank,30,30,,,,,,,,,,,,,,Copyright © 2026 David YE
1382,370,NEQ7000BEVSH61,奇瑞牌,奇瑞新能源汽车股份有限公司,,blank,,,,,,,,,,,,,,,,Copyright © 2026 David YE
1383,370,QCJ6490SBEV2,腾势牌,比亚迪汽车工业有限公司,230/,power_only,180,180,南京市比亚迪,,,,,,,,,,,,,Copyright © 2026 David YE
1385,370,SC6450VQ6B7BEV,长安牌,重庆长安汽车股份有限公司,,blank,160,160,,,,,,,,,,,,,,Copyright © 2026 David YE
1386,370,SC7006AAQBEV,长安牌,重庆长安汽车股份有限公司,190/,power_only,160,160,重庆长安,,,,,,,,,,,,,Copyright © 2026 David YE
1387,370,SC7007AAABEV,长安牌,重庆长安汽车股份有限公司,190/,power_only,160,160,重庆长安,,,,,,,,,,,,,Copyright © 2026 David YE
1388,370,SC7007AABBEV,长安牌,重庆长安汽车股份有限公司,160/,power_only,160,160,重庆长安,,,,,,,,,,,,,Copyright © 2026 David YE
1390,370,SGM7002BBBEV,别克(BUICK)牌,上汽通用汽车有限公司,150/,power_only,130,130,上汽通用,,,,,,,,,,,,,Copyright © 2026 David YE
1392,370,SH6491N1BEV-6,大通牌,上汽大通汽车有限公司,,blank,,,,,,,,,,,,,,,,Copyright © 2026 David YE
1393,370,SH6491N1BEV-8,大通牌,上汽大通汽车有限公司,,blank,,,,,,,,,,,,,,,,Copyright © 2026 David YE
1394,370,SH6491N1BEV-9,大通牌,上汽大通汽车有限公司,,blank,,,,,,,,,,,,,,,,Copyright © 2026 David YE
1395,370,SH6491N1SEV-9,大通牌,上汽大通汽车有限公司,,blank,,,,,,,,,,,,,,,,Copyright © 2026 David YE
1396,370,SKE6470SBEVA7S,赛力斯牌,赛力斯汽车有限公司,,blank,,,,,,,,,,,,,,,,Copyright © 2026 David YE
1397,370,SKE6470SBEVR3,赛力斯牌,赛力斯汽车有限公司,,blank,,,,,,,,,,,,,,,,Copyright © 2026 David YE
1398,370,THZ6450SEVS30M,哪吒牌,合众新能源汽车有限公司,120/,power_only,120,120,中车浩夫尔,,,,,,,,,,,,,Copyright © 2026 David YE
1399,370,THZ7000BEVS365,哪吒牌,合众新能源汽车有限公司,170/,power_only,120,120,菲仕绿能,,,,,,,,,,,,,Copyright © 2026 David YE
1400,370,THZ7000BEVS406,哪吒牌,合众新能源汽车有限公司, 200/,power_only,120,120,舍弗勒,,,,,,,,,,,,,Copyright © 2026 David YE
1401,370,BYD6471ST6HEV5,比亚迪牌,比亚迪汽车工业有限公司,,blank,180,180,,,,,,,,,,,,,,Copyright © 2026 David YE
1402,370,CC6480BT25DPHEV,哈弗牌,长城汽车股份有限公司,,blank,126,126,,,,,,,,,,,,,,Copyright © 2026 David YE
1403,370,CC6500BD02APHEV,魏牌牌,长城汽车股份有限公司,,blank,126,126,,,,,,,,,,,,,,Copyright © 2026 David YE
1404,370,CC6500BD22APHEV,魏牌牌,长城汽车股份有限公司,,blank,126,126,,,,,,,,,,,,,,Copyright © 2026 David YE
1405,370,JL6482DCHEV06,吉利牌,浙江豪情汽车制造有限公司,,blank,120,120,,,,,,,,,,,,,,Copyright © 2026 David YE
1406,370,QCJ6490ST6HEV2,腾势牌,比亚迪汽车工业有限公司,,blank,180,180,,,,,,,,,,,,,,Copyright © 2026 David YE
1407,370,QCJ6490ST6HEV3,腾势牌,比亚迪汽车工业有限公司,,blank,180,180,,,,,,,,,,,,,,Copyright © 2026 David YE
1408,370,SC6471EAC6HEV,长安牌,重庆长安汽车股份有限公司,,blank,160,160,,,,,,,,,,,,,,Copyright © 2026 David YE
1409,370,SC7156AAC6HEV,长安牌,重庆长安汽车股份有限公司,,blank,160,160,,,,,,,,,,,,,,Copyright © 2026 David YE
1410,370,SC7156AAF6HEV,长安牌,重庆长安汽车股份有限公司,,blank,160,160,,,,,,,,,,,,,,Copyright © 2026 David YE
1411,370,SC7157AAA6HEV,长安牌,重庆长安汽车股份有限公司,,blank,160,160,,,,,,,,,,,,,,Copyright © 2026 David YE
1412,371,BAW6521MAKBEV,锐胜牌,北京汽车制造厂有限公司,,blank,110,110,,,,,,,,,,,,,,Copyright © 2026 David YE
1413,371,BMW6462ABEV,宝马(BMW)牌,华晨宝马汽车有限公司,"F: 150/
R: 150/",power_only,240,240,采埃孚,,,,,,,,,,,,,Copyright © 2026 David YE
1414,371,BYD7003BEV12,比亚迪牌,比亚迪汽车工业有限公司,70/?,power_only,180,180,长沙市比亚迪,,,,,,,,,,,,,Copyright © 2026 David YE
1415,371,CC7000BJ00HEBEV,欧拉牌,长城汽车股份有限公司,105/,power_only,126,126,联合汽车电子,,,,,,,,,,,,,Copyright © 2026 David YE
1416,371,CGC7000BEV2J7,大运牌,成都大运汽车集团有限公司,,blank,,,,,,,,,,,,,,,,Copyright © 2026 David YE
1417,371,DXK7000KD2BEV,东风牌,东风小康汽车有限公司,,blank,,,,,,,,,,,,,,,,Copyright © 2026 David YE
1418,371,GAM7000BEVE0B,埃安(AION)牌,广汽乘用车有限公司,180/,power_only,,,广州尼得科,,,,,,,,,,,,,Copyright © 2026 David YE
1419,371,GAM7000BEVE0D,埃安(AION)牌,广汽乘用车有限公司,250/,power_only,,,广州尼得科,,,,,,,,,,,,,Copyright © 2026 David YE
1420,371,GAM7000BEVE0E,埃安(AION)牌,广汽乘用车有限公司,180/,power_only,,,广州尼得科,,,,,,,,,,,,,Copyright © 2026 David YE
1421,371,GAM7000BEVE0G,埃安(AION)牌,广汽乘用车有限公司,180/,power_only,,,广州尼得科,,,,,,,,,,,,,Copyright © 2026 David YE
1422,371,GAM7001BEVA1G,埃安(AION)牌,广汽乘用车有限公司,100/,power_only,,,苏州汇川,,,,,,,,,,,,,Copyright © 2026 David YE
1423,371,GAM7001BEVA1H,埃安(AION)牌,广汽乘用车有限公司,100/,power_only,,,苏州汇川,,,,,,,,,,,,,Copyright © 2026 David YE
1424,371,JHC7002BEV67,几何牌,山西新能源汽车工业有限公司,100/,power_only,,,浙江鑫可传动,,,,,,,,,,,,,Copyright © 2026 David YE
1425,371,JHC7002BEV68,几何牌,山西新能源汽车工业有限公司,100/,power_only,,,浙江鑫可传动,,,,,,,,,,,,,Copyright © 2026 David YE
1426,371,JNJ7000EVF6,江南牌,湖南江南汽车制造有限公司,,blank,,,,,,,,,,,,,,,,Copyright © 2026 David YE
1427,371,LZ6510NPD0EV,东风牌,东风柳州汽车有限公司,,blank,,,,,,,,,,,,,,,,Copyright © 2026 David YE
1428,371,LZW7005EVA1,五菱牌,上汽通用五菱汽车股份有限公司,30/,power_only,30,30,双林汽车柳州分公司,,,,,,,,,,,,,Copyright © 2026 David YE
1429,371,LZW7006EVA1,宝骏牌,上汽通用五菱汽车股份有限公司,100/,power_only,30,30,珠海英搏尔,,,,,,,,,,,,,Copyright © 2026 David YE
1430,371,LZW7006EVA2,宝骏牌,上汽通用五菱汽车股份有限公司,100/,power_only,30,30,珠海英搏尔,,,,,,,,,,,,,Copyright © 2026 David YE
1431,371,MR7001BEV09,极氪牌,浙江吉利汽车有限公司,200/?,power_only,370,370,威睿电动,,,,,,,,,,,,,Copyright © 2026 David YE
1432,371,MR7001BEV10,极氪牌,浙江吉利汽车有限公司,"F: 200/?
R: 200/?",power_only,370,370,威睿电动,,,,,,,,,,,,,Copyright © 2026 David YE
1433,371,MR7003BEV08,几何牌,浙江吉利汽车有限公司,60/,power_only,160,160,格雷博智能动力,,,,,,,,,,,,,Copyright © 2026 David YE
1434,371,MR7003BEV09,几何牌,浙江吉利汽车有限公司,60/,power_only,160,160,格雷博智能动力,,,,,,,,,,,,,Copyright © 2026 David YE
1435,371,MR7005BEV06,极氪牌,浙江吉利汽车有限公司,200/?,power_only,160,160,威睿电动,,,,,,,,,,,,,Copyright © 2026 David YE
1436,371,MR7005BEV08,极氪牌,浙江吉利汽车有限公司,"前:115/?
后:200/?",power_only,160,160,威睿电动,,,,,,,,,,,,,Copyright © 2026 David YE
1437,371,MR7005BEV10,极氪牌,浙江吉利汽车有限公司,200/?,power_only,160,160,威睿电动,,,,,,,,,,,,,Copyright © 2026 David YE
1438,371,NEQ7000BEVJH11K,奇瑞牌,奇瑞新能源汽车股份有限公司,15/,power_only,,,奇瑞新能源,,,,,,,,,,,,,Copyright © 2026 David YE
1439,371,NHQ7000BEVEJ,小鹏牌,肇庆小鹏新能源投资有限公司,196/,power_only,,,方正电机,,,,,,,,,,,,,Copyright © 2026 David YE
1440,371,SKE6480SBEVA1S,赛力斯牌,赛力斯汽车有限公司,"F: 165/
R: 200/",power_only,,,华为技术有限公司,,,,,,,,,,,,,Copyright © 2026 David YE
1441,371,SKE6480SBEVR1,赛力斯牌,赛力斯汽车有限公司,200/,power_only,,,华为技术有限公司,,,,,,,,,,,,,Copyright © 2026 David YE
1442,371,THZ7000BEVS11S,哪吒牌,合众新能源汽车有限公司,70/,power_only,120,120,珠海英搏尔,,,,,,,,,,,,,Copyright © 2026 David YE
1443,371,THZ7000BEVS11T,哪吒牌,合众新能源汽车有限公司,70/,power_only,120,120,菲仕绿能科技,,,,,,,,,,,,,Copyright © 2026 David YE
1444,371,THZ7000BEVS11U,哪吒牌,合众新能源汽车有限公司,40/,power_only,120,120, 株洲中车时代,,,,,,,,,,,,,Copyright © 2026 David YE
1445,371,THZ7000BEVS11V,哪吒牌,合众新能源汽车有限公司,40/,power_only,120,120,菲仕绿能科技,,,,,,,,,,,,,Copyright © 2026 David YE
1446,371,THZ7000BEVS366,哪吒牌,合众新能源汽车有限公司,"F: 170/
R: 170/",power_only,120,120,无锡中车浩夫尔/菲仕绿能科技,,,,,,,,,,,,,Copyright © 2026 David YE
1447,371,BYD6471ST6HEV4,比亚迪牌,比亚迪汽车工业有限公司,145/,power_only,180,180,,,,,,,,,,,,,,Copyright © 2026 David YE
1448,371,BYD6483ST6HEV1,比亚迪牌,比亚迪汽车有限公司,145/,power_only,160,160,,,,,,,,,,,,,,Copyright © 2026 David YE
1449,371,BYD6483ST6HEV3,比亚迪牌,比亚迪汽车有限公司,145,ambiguous,160,160,,,,,,,,,,,,,,Copyright © 2026 David YE
1450,371,BYD6483ST6HEV4,比亚迪牌,比亚迪汽车有限公司,145/,power_only,160,160,,,,,,,,,,,,,,Copyright © 2026 David YE
1451,371,BYD6483ST6HEV5,比亚迪牌,比亚迪汽车有限公司,145/,power_only,160,160,,,,,,,,,,,,,,Copyright © 2026 David YE
1452,371,BYD6483ST6HEV6,比亚迪牌,比亚迪汽车有限公司,145/,power_only,160,160,,,,,,,,,,,,,,Copyright © 2026 David YE
1453,371,BYD7151Y6HEV,比亚迪牌,比亚迪汽车工业有限公司,145,ambiguous,180,180,,,,,,,,,,,,,,Copyright © 2026 David YE
1454,371,BYD7151Y6HEV1,比亚迪牌,比亚迪汽车工业有限公司,145,ambiguous,180,180,,,,,,,,,,,,,,Copyright © 2026 David YE
1455,371,BYD7151YT6HEV,比亚迪牌,比亚迪汽车工业有限公司,160,ambiguous,180,180,,,,,,,,,,,,,,Copyright © 2026 David YE
1456,371,BYD7151YT6HEV2,比亚迪牌,比亚迪汽车工业有限公司,160,ambiguous,180,180,,,,,,,,,,,,,,Copyright © 2026 David YE
1457,371,CC6450BZ02CPHEV,哈弗牌,长城汽车股份有限公司,,blank,126,126,,,,,,,,,,,,,,Copyright © 2026 David YE
1458,371,CC6470CF24APHEV,哈弗牌,长城汽车股份有限公司,,blank,126,126,,,,,,,,,,,,,,Copyright © 2026 David YE
1459,371,DXK6481AS3PHEVH,东风牌,东风小康汽车有限公司,130/,power_only,,,,,,,,,,,,,,,,Copyright © 2026 David YE
1460,371,HQ6472DCHEV03,吉利牌,浙江豪情汽车制造有限公司,,blank,120,120,,,,,,,,,,,,,,Copyright © 2026 David YE
1461,371,HQ6472DCHEV04,吉利牌,浙江豪情汽车制造有限公司,,blank,120,120,,,,,,,,,,,,,,Copyright © 2026 David YE
1463,371,QCJ6520MT6HEV5,腾势牌,比亚迪汽车工业有限公司,"F: 170/
R: 45/",power_only,180,180,,,,,,,,,,,,,,Copyright © 2026 David YE
1464,371,SH6472P1PHEV,大通牌,上汽大通汽车有限公司,60/,power_only,,,,,,,,,,,,,,,,Copyright © 2026 David YE
1465,371,SH6485N1PHEV,大通牌,上汽大通汽车有限公司,60/,power_only,,,,,,,,,,,,,,,,Copyright © 2026 David YE
1466,372,BAW6521MAJ1BEV,锐胜牌,北京汽车制造厂有限公司,,blank,110,110,,,,,,,,,,,,,,Copyright © 2026 David YE
1467,372,BAW6521MAJBEV,锐胜牌,北京汽车制造厂有限公司,,blank,110,110,,,,,,,,,,,,,,Copyright © 2026 David YE
1469,372,BYD7008BEVA11,比亚迪牌,比亚迪汽车工业有限公司,100,ambiguous,180,180,长沙市比亚迪,,,,,,,,,,,,,Copyright © 2026 David YE
1470,372,CGC6481BEV2P3,大运牌,成都大运汽车集团有限公司,145,ambiguous,,,苏州汇川联合动力系统有限公司 ,,,,,,,,,,,,,Copyright © 2026 David YE
1473,372,CSA7009DBEV1,荣威牌,上海汽车集团股份有限公司,145,ambiguous,180,180,联合汽车电子,,,,,,,,,,,,,Copyright © 2026 David YE
1474,372,CSA7009DBEV3,荣威牌,上海汽车集团股份有限公司,155,ambiguous,180,180,联合汽车电子,,,,,,,,,,,,,Copyright © 2026 David YE
1475,372,DXK6460HF6BEV,东风牌,东风小康汽车有限公司,60,ambiguous,,,上海中科深江电动车辆有限公司 ,,,,,,,,,,,,,Copyright © 2026 David YE
1477,372,GAH6460BEVS0G,合创牌,广汽乘用车(杭州)有限公司,140,ambiguous,,,苏州汇川联合动力系统有限公司 ,,,,,,,,,,,,,Copyright © 2026 David YE
1478,372,GAM6460BEVC1A,埃安(AION)牌,广汽乘用车有限公司,180,ambiguous,,,苏州汇川联合动力系统有限公司,,,,,,,,,,,,,Copyright © 2026 David YE
1479,372,GAM6460BEVC1E,埃安(AION)牌,广汽乘用车有限公司,180,ambiguous,,,苏州汇川联合动力系统有限公司,,,,,,,,,,,,,Copyright © 2026 David YE
1480,372,GAM7000BEVE0J,埃安(AION)牌,广汽乘用车有限公司,180,ambiguous,,, 苏州汇川联合动力系统,,,,,,,,,,,,,Copyright © 2026 David YE
1481,372,GAM7000BEVE0K,埃安(AION)牌,广汽乘用车有限公司,180,ambiguous,,, 苏州汇川联合动力系统,,,,,,,,,,,,,Copyright © 2026 David YE
1482,372,HFC6511RSEV2C7,瑞风牌,安徽江淮汽车集团股份有限公司,130,ambiguous,130,130,柳州五菱柳机动力有限公司 ,,,,,,,,,,,,,Copyright © 2026 David YE
1483,372,HFC7002BEV8,江淮牌,安徽江淮汽车集团股份有限公司,130,ambiguous,130,130,合肥道一动力,,,,,,,,,,,,,Copyright © 2026 David YE
1484,372,HFC7002BEV9,江淮牌,安徽江淮汽车集团股份有限公司,130,ambiguous,130,130,合肥道一动力,,,,,,,,,,,,,Copyright © 2026 David YE
1485,372,HFC7002BSEV2,江淮牌,安徽江淮汽车集团股份有限公司,130,ambiguous,130,130,合肥道一动力,,,,,,,,,,,,,Copyright © 2026 David YE
1486,372,JHC7002BEV69,几何牌,山西新能源汽车工业有限公司,150,ambiguous,,,格雷博智能动力,,,,,,,,,,,,,Copyright © 2026 David YE
1489,372,JX7001ESMBEV,羿驰牌,江西江铃集团新能源汽车有限公司,36,ambiguous,,,合肥巨一动力系统,,,,,,,,,,,,,Copyright © 2026 David YE
1490,372,LF6461SEV01,枫叶牌,重庆睿蓝汽车制造有限公司,180,ambiguous,,,上海汽车电驱动有限公司,,,,,,,,,,,,,Copyright © 2026 David YE
1491,372,NEQ7000BEVJ60H,奇瑞牌,奇瑞新能源汽车股份有限公司,100,ambiguous,,, 奇瑞新能源汽车,,,,,,,,,,,,,Copyright © 2026 David YE
1492,372,NEQ7000BEVJH11L,奇瑞牌,奇瑞新能源汽车股份有限公司,23,ambiguous,,,山东双林新能源,,,,,,,,,,,,,Copyright © 2026 David YE
1493,372,NEQ7001BEVJ72,奇瑞牌,奇瑞新能源汽车股份有限公司,36,ambiguous,,,奇瑞新能源,,,,,,,,,,,,,Copyright © 2026 David YE
1494,372,NEQ7001BEVJ72A,奇瑞牌,奇瑞新能源汽车股份有限公司,36,ambiguous,,,奇瑞新能源,,,,,,,,,,,,,Copyright © 2026 David YE
1495,372,NEQ7001BEVJ72B,奇瑞牌,奇瑞新能源汽车股份有限公司,36,ambiguous,,,奇瑞新能源,,,,,,,,,,,,,Copyright © 2026 David YE
1496,372,SC7001FARBEV,长安牌,合肥长安汽车有限公司,35,ambiguous,,,重庆青山,,,,,,,,,,,,,Copyright © 2026 David YE
1497,372,SC7001FASBEV,长安牌,合肥长安汽车有限公司,35,ambiguous,,,重庆青山,,,,,,,,,,,,,Copyright © 2026 David YE
1498,372,SGM7008LLBEV,别克(BUICK)牌,上汽通用汽车有限公司,130,ambiguous,130,130,联合汽车电子,,,,,,,,,,,,,Copyright © 2026 David YE
1499,372,THZ7000BEVS407,哪吒牌,合众新能源汽车有限公司,170,ambiguous,120,120,无锡中车浩夫尔,,,,,,,,,,,,,Copyright © 2026 David YE
1500,372,VCC7002F25VBEV,极星牌,浙江豪情汽车制造有限公司,200,ambiguous,,,台达电子,,,,,,,,,,,,,Copyright © 2026 David YE
1501,372,VCC7002F26VBEV,极星牌,浙江豪情汽车制造有限公司,200,ambiguous,,,台达电子,,,,,,,,,,,,,Copyright © 2026 David YE
1503,372,YQZ6521BEVX,悦达牌,江苏悦达起亚汽车有限公司,247,ambiguous,,,联合汽车电子有限公司 ,,,,,,,,,,,,,Copyright © 2026 David YE
1504,372,YQZ6522BEVX,悦达牌,江苏悦达起亚汽车有限公司,247,ambiguous,,,联合汽车电子有限公司,,,,,,,,,,,,,Copyright © 2026 David YE
1508,372,BYD6483ST6HEV,比亚迪牌,比亚迪汽车有限公司,132kw,ambiguous,160,160,,,,,,,,,,,,,,Copyright © 2026 David YE
1510,372,BYD6483ST6HEV7,比亚迪牌,比亚迪汽车有限公司,145kW,ambiguous,160,160,,,,,,,,,,,,,,Copyright © 2026 David YE
1511,372,BYD7151YT6HEV4,比亚迪牌,比亚迪汽车工业有限公司,160,ambiguous,180,180,,,,,,,,,,,,,,Copyright © 2026 David YE
1512,372,BYD7151YT6HEV5,比亚迪牌,比亚迪汽车工业有限公司,160,ambiguous,180,180,,,,,,,,,,,,,,Copyright © 2026 David YE
1513,372,CC2030BR22CPHEV,长城牌,长城汽车股份有限公司,,blank,126,126,,,,,,,,,,,,,,Copyright © 2026 David YE
1514,372,CC6470AP23APHEV,魏牌牌,长城汽车股份有限公司,,blank,126,126,,,,,,,,,,,,,,Copyright © 2026 David YE
1515,372,CC6480CW20APHEV,哈弗牌,长城汽车股份有限公司,,blank,126,126,,,,,,,,,,,,,,Copyright © 2026 David YE
1516,372,CC6480CW20BPHEV,哈弗牌,长城汽车股份有限公司,,blank,126,126,,,,,,,,,,,,,,Copyright © 2026 David YE
1517,372,CC6490AY24APHEV,魏牌牌,长城汽车股份有限公司,,blank,126,126,,,,,,,,,,,,,,Copyright © 2026 David YE
1518,372,DFL6460NTT83PHEV,启辰牌,东风汽车有限公司,150kW,ambiguous,,,,,,,,,,,,,,,,Copyright © 2026 David YE
1519,372,DFL6460NTT84PHEV,启辰牌,东风汽车有限公司,150kW,ambiguous,,,,,,,,,,,,,,,,Copyright © 2026 David YE
1520,372,HFC6463E1PHEV3,江淮牌,安徽江淮汽车集团股份有限公司,,blank,130,130,,,,,,,,,,,,,,Copyright © 2026 David YE
1521,372,HQ7153DCHEV01,吉利牌,浙江豪情汽车制造有限公司,,blank,120,120,,,,,,,,,,,,,,Copyright © 2026 David YE
1522,372,HQ7153DCHEV02,吉利牌,浙江豪情汽车制造有限公司,,blank,120,120,,,,,,,,,,,,,,Copyright © 2026 David YE
1523,372,HQ7153DCHEV04,吉利牌,浙江豪情汽车制造有限公司,,blank,120,120,,,,,,,,,,,,,,Copyright © 2026 David YE
1524,372,LXA6511SHEVX5,理想牌,重庆理想汽车有限公司,,blank,330,330,,,,,,,,,,,,,,Copyright © 2026 David YE
1525,372,MR6482DCHEV01,领克牌,浙江吉利汽车有限公司,,blank,160,160,,,,,,,,,,,,,,Copyright © 2026 David YE
1526,372,MR6482DCHEV02,领克牌,浙江吉利汽车有限公司,,blank,160,160,,,,,,,,,,,,,,Copyright © 2026 David YE
1527,372,MR6482DCHEV03,领克牌,浙江吉利汽车有限公司,,blank,160,160,,,,,,,,,,,,,,Copyright © 2026 David YE
1528,372,SC7154CBA6HEV,长安牌,重庆长安汽车股份有限公司,,blank,160,160,,,,,,,,,,,,,,Copyright © 2026 David YE
1529,372,SC7154CBB6HEV,长安牌,重庆长安汽车股份有限公司,,blank,160,160,,,,,,,,,,,,,,Copyright © 2026 David YE
1530,372,SC7157BAA6HEV,长安牌,重庆长安汽车股份有限公司,,blank,160,160,,,,,,,,,,,,,,Copyright © 2026 David YE
1531,372,SC7157BAB6HEV,长安牌,重庆长安汽车股份有限公司,,blank,160,160,,,,,,,,,,,,,,Copyright © 2026 David YE
1533,372,SKE6480SSHEVR3,赛力斯牌,赛力斯汽车有限公司,200kW,ambiguous,,,,,,,,,,,,,,,,Copyright © 2026 David YE
1534,372,THZ7150SHEVS403,哪吒牌,合众新能源汽车有限公司,170,ambiguous,120,120,,,,,,,,,,,,,,Copyright © 2026 David YE
1535,373,BJ6470A501BEV,极狐(ARCFOX)牌,北汽蓝谷麦格纳汽车有限公司,200,ambiguous,175,175,北京新能源汽车股份有限公司,,,,,,,,,,,,,Copyright © 2026 David YE
1536,373,BJ6470A502BEV,极狐(ARCFOX)牌,北汽蓝谷麦格纳汽车有限公司,185,ambiguous,175,175,北京新能源汽车股份有限公司,,,,,,,,,,,,,Copyright © 2026 David YE
1537,373,BJ6480A607BEV,极狐(ARCFOX)牌,北汽蓝谷麦格纳汽车有限公司,175,ambiguous,175,175,北京新能源汽车股份有限公司,,,,,,,,,,,,,Copyright © 2026 David YE
1538,373,BJ7001A61FBEV,极狐(ARCFOX)牌,北汽蓝谷麦格纳汽车有限公司,175,ambiguous,175,175,北京新能源汽车股份有限公司,,,,,,,,,,,,,Copyright © 2026 David YE
1540,373,CH7005BEVFC2B1,北斗星牌,江西志骋汽车有限责任公司,,blank,,,,,,,,,,,,,,,,Copyright © 2026 David YE
1541,373,CSA6492LBEV3,智己牌,上海汽车集团股份有限公司,231,ambiguous,180,180,华域汽车电动系统有限公司,,,,,,,,,,,,,Copyright © 2026 David YE
1542,373,CSA6492LBEV4,智己牌,上海汽车集团股份有限公司,231,ambiguous,180,180,华域汽车电动系统有限公司,,,,,,,,,,,,,Copyright © 2026 David YE
1543,373,CSA7003DBEV3,智己牌,上海汽车集团股份有限公司,231,ambiguous,180,180,华域汽车电动系统有限公司,,,,,,,,,,,,,Copyright © 2026 David YE
1545,373,CSA7009DBEV2,荣威牌,上海汽车集团股份有限公司,145,ambiguous,180,180,联合汽车电子有限公司,,,,,,,,,,,,,Copyright © 2026 David YE
1546,373,CSA7009DBEV4,荣威牌,上海汽车集团股份有限公司,155,ambiguous,180,180,联合汽车电子有限公司,,,,,,,,,,,,,Copyright © 2026 David YE
1547,373,DFM6473M5F1BEV,风神牌,东风汽车集团有限公司,120,ambiguous,120,120,珠海英搏尔电气股份有限公司,,,,,,,,,,,,,Copyright © 2026 David YE
1548,373,GAH6510BEVU0A,合创牌,广汽乘用车(杭州)有限公司,202,ambiguous,,,苏州汇川联合动力系统有限公司 ,,,,,,,,,,,,,Copyright © 2026 David YE
1549,373,GAH6510BEVU0B,合创牌,广汽乘用车(杭州)有限公司,202,ambiguous,,,苏州汇川联合动力系统有限公司 ,,,,,,,,,,,,,Copyright © 2026 David YE
1550,373,GAH6510BEVU0D,合创牌,广汽乘用车(杭州)有限公司,202,ambiguous,,,苏州汇川联合动力系统有限公司 ,,,,,,,,,,,,,Copyright © 2026 David YE
1551,373,GAM6450BEVD0T,埃安(AION)牌,广汽乘用车有限公司,150,ambiguous,,,苏州汇川联合动力系统有限公司 ,,,,,,,,,,,,,Copyright © 2026 David YE
1552,373,GAM6450BEVD0Y,埃安(AION)牌,广汽乘用车有限公司,100,ambiguous,,,苏州汇川联合动力系统有限公司 ,,,,,,,,,,,,,Copyright © 2026 David YE
1553,373,GAM7001BEVA1D,埃安(AION)牌,广汽乘用车有限公司,100,ambiguous,,,苏州汇川联合动力系统有限公司 ,,,,,,,,,,,,,Copyright © 2026 David YE
1554,373,HFC7000WEV17,江淮牌,安徽江淮汽车集团股份有限公司,,blank,130,130,,,,,,,,,,,,,,Copyright © 2026 David YE
1555,373,HFC7000WEV18,江淮牌,安徽江淮汽车集团股份有限公司,,blank,130,130,,,,,,,,,,,,,,Copyright © 2026 David YE
1556,373,JX6526TA-L6BEV,江铃全顺牌,江铃汽车股份有限公司,,blank,,,,,,,,,,,,,,,,Copyright © 2026 David YE
1557,373,JX6556TA-M6BEV,江铃全顺牌,江铃汽车股份有限公司,,blank,,,,,,,,,,,,,,,,Copyright © 2026 David YE
1558,373,JX6556TC-M6BEV,江铃全顺牌,江铃汽车股份有限公司,,blank,,,,,,,,,,,,,,,,Copyright © 2026 David YE
1559,373,LZW7004EVA4,五菱牌,上汽通用五菱汽车股份有限公司,,blank,30,30,,,,,,,,,,,,,,Copyright © 2026 David YE
1560,373,NEQ6440BEVS56A,爱咖牌,奇瑞新能源汽车股份有限公司,135,ambiguous,,,奇瑞新能源汽车股份有限公司,,,,,,,,,,,,,Copyright © 2026 David YE
1561,373,NEQ6440BEVS56B,爱咖牌,奇瑞新能源汽车股份有限公司,135,ambiguous,,,奇瑞新能源汽车股份有限公司,,,,,,,,,,,,,Copyright © 2026 David YE
1563,373,NEQ7000BEVJH11M,奇瑞牌,奇瑞新能源汽车股份有限公司,,blank,,,,,,,,,,,,,,,,Copyright © 2026 David YE
1564,373,NEQ7000BEVJH11N,奇瑞牌,奇瑞新能源汽车股份有限公司,,blank,,,,,,,,,,,,,,,,Copyright © 2026 David YE
1565,373,NEQ7000BEVJH11P,奇瑞牌,奇瑞新能源汽车股份有限公司,,blank,,,,,,,,,,,,,,,,Copyright © 2026 David YE
1566,373,NJ6500FBEV71,依维柯牌,南京汽车集团有限公司,,blank,,,,,,,,,,,,,,,,Copyright © 2026 David YE
1567,373,NJ6500FBEV71T,大通牌,南京汽车集团有限公司,,blank,,,,,,,,,,,,,,,,Copyright © 2026 David YE
1568,373,NJ6500FBEV82,依维柯牌,南京汽车集团有限公司,,blank,,,,,,,,,,,,,,,,Copyright © 2026 David YE
1569,373,NJ6540FBEV71,依维柯牌,南京汽车集团有限公司,,blank,,,,,,,,,,,,,,,,Copyright © 2026 David YE
1570,373,NJ6540FBEV71T,大通牌,南京汽车集团有限公司,,blank,,,,,,,,,,,,,,,,Copyright © 2026 David YE
1571,373,NJ6540FBEV81,依维柯牌,南京汽车集团有限公司,,blank,,,,,,,,,,,,,,,,Copyright © 2026 David YE
1572,373,NJ6540FBEV82T,大通牌,南京汽车集团有限公司,,blank,,,,,,,,,,,,,,,,Copyright © 2026 David YE
1574,373,SC7001GBABEV,阿维塔（AVATR）牌,重庆长安汽车股份有限公司,230,ambiguous,160,160,华为技术有限公司,,,,,,,,,,,,,Copyright © 2026 David YE
1576,373,THZ7000BEVS11R,哪吒牌,合众新能源汽车股份有限公司,70,ambiguous,,,菲仕绿能科技（北京）有限公司,,,,,,,,,,,,,Copyright © 2026 David YE
1577,373,THZ7000BEVS11W,哪吒牌,合众新能源汽车股份有限公司,40,ambiguous,,,菲仕绿能科技（北京）有限公司,,,,,,,,,,,,,Copyright © 2026 David YE
1578,373,THZ7000BEVS11X,哪吒牌,合众新能源汽车股份有限公司,70,ambiguous,,,菲仕绿能科技（北京）有限公司,,,,,,,,,,,,,Copyright © 2026 David YE
1579,373,YDE7000BEV1U,云度牌,云度新能源汽车有限公司,55,ambiguous,,,威迪斯电机技术(芜湖)有限公司,,,,,,,,,,,,,Copyright © 2026 David YE
1580,373,YGM7000BEVBD1,领途牌,领途汽车有限公司,,blank,,,,,,,,,,,,,,,,Copyright © 2026 David YE
1581,373,BYD6490ST6HEV20,比亚迪牌,比亚迪汽车工业有限公司,160kW,ambiguous,180,180,,,,,,,,,,,,,,Copyright © 2026 David YE
1582,373,CC6480CW20DPHEV,哈弗牌,长城汽车股份有限公司,120kW,ambiguous,126,126,,,,,,,,,,,,,,Copyright © 2026 David YE
1583,373,CC6480CW20EPHEV,哈弗牌,长城汽车股份有限公司,120kW,ambiguous,126,126,,,,,,,,,,,,,,Copyright © 2026 David YE
1584,373,CC6520BP21APHEV,魏牌牌,长城汽车股份有限公司,,blank,126,126,,,,,,,,,,,,,,Copyright © 2026 David YE
1585,373,CSA7159DFCHEV1,荣威牌,上海汽车集团股份有限公司,150kW,ambiguous,180,180,,,,,,,,,,,,,,Copyright © 2026 David YE
1587,373,EQ7150AL1F2CHEV,岚图牌,东风汽车集团有限公司,160kW,ambiguous,120,120,,,,,,,,,,,,,,Copyright © 2026 David YE
1588,373,FZ7150SHEVC01J,零跑牌,零跑汽车有限公司,200kW,ambiguous,170,170,,,,,,,,,,,,,,Copyright © 2026 David YE
1589,373,FZ7150SHEVC01K,零跑牌,零跑汽车有限公司,200kW,ambiguous,170,170,,,,,,,,,,,,,,Copyright © 2026 David YE
1590,373,FZ7150SHEVC01L,零跑牌,零跑汽车有限公司,200kW,ambiguous,170,170,,,,,,,,,,,,,,Copyright © 2026 David YE
1591,373,GAC6491CHEVKBA6A,传祺(Trumpchi)牌,广汽乘用车有限公司,,blank,150,150,,,,,,,,,,,,,,Copyright © 2026 David YE
1592,373,GAC6491CHEVKCA6A,传祺(Trumpchi)牌,广汽乘用车有限公司,,blank,150,150,,,,,,,,,,,,,,Copyright © 2026 David YE
1593,373,GAC6501CHEVJDA6A,传祺(Trumpchi)牌,广汽乘用车有限公司,,blank,150,150,,,,,,,,,,,,,,Copyright © 2026 David YE
1594,373,GAC6511CHEVJDA6A,传祺(Trumpchi)牌,广汽乘用车有限公司,,blank,150,150,,,,,,,,,,,,,,Copyright © 2026 David YE
1595,373,HFC6463E1PHEV1,江淮牌,安徽江淮汽车集团股份有限公司,,blank,130,130,,,,,,,,,,,,,,Copyright © 2026 David YE
1596,373,HFC6463E1PHEV3,江淮牌,安徽江淮汽车集团股份有限公司,,blank,130,130,,,,,,,,,,,,,,Copyright © 2026 David YE
1597,373,LXA6502SHEVX01,理想牌,北京理想汽车有限公司,,blank,330,330,,,,,,,,,,,,,,Copyright © 2026 David YE
1598,373,LXA6502SHEVX02,理想牌,北京理想汽车有限公司,,blank,330,330,,,,,,,,,,,,,,Copyright © 2026 David YE
1599,373,LXA6502SHEVX03,理想牌,北京理想汽车有限公司,,blank,330,330,,,,,,,,,,,,,,Copyright © 2026 David YE
1600,373,LXA6502SHEVX04,理想牌,北京理想汽车有限公司,,blank,330,330,,,,,,,,,,,,,,Copyright © 2026 David YE
1601,373,LXA6511SHEVX01,理想牌,北京理想汽车有限公司,,blank,330,330,,,,,,,,,,,,,,Copyright © 2026 David YE
1602,373,LXA6511SHEVX03,理想牌,北京理想汽车有限公司,,blank,330,330,,,,,,,,,,,,,,Copyright © 2026 David YE
1603,373,LXA6511SHEVX04,理想牌,北京理想汽车有限公司,,blank,330,330,,,,,,,,,,,,,,Copyright © 2026 David YE
1604,373,LXA6511SHEVX05,理想牌,北京理想汽车有限公司,,blank,330,330,,,,,,,,,,,,,,Copyright © 2026 David YE
1605,373,LXA6520SHEVX01,理想牌,北京理想汽车有限公司,,blank,330,330,,,,,,,,,,,,,,Copyright © 2026 David YE
1606,373,LXA6520SHEVX02,理想牌,北京理想汽车有限公司,,blank,330,330,,,,,,,,,,,,,,Copyright © 2026 David YE
1607,373,LXA6520SHEVX04,理想牌,北京理想汽车有限公司,,blank,330,330,,,,,,,,,,,,,,Copyright © 2026 David YE
1608,373,MR6442DCHEV01,领克牌,浙江吉利汽车有限公司,86kW,ambiguous,160,160,,,,,,,,,,,,,,Copyright © 2026 David YE
1609,373,MR6442DCHEV02,领克牌,浙江吉利汽车有限公司,86kW,ambiguous,160,160,,,,,,,,,,,,,,Copyright © 2026 David YE
1612,373,SKE6500SSHEVR2,赛力斯牌,赛力斯汽车有限公司,200kW,ambiguous,,,,,,,,,,,,,,,,Copyright © 2026 David YE
1613,374,BJ7001A512BEV,极狐(ARCFOX)牌,北汽蓝谷麦格纳汽车有限公司,185,ambiguous,175,175,北京新能源汽车股份有限公司 ,,,,,,,,,,,,,Copyright © 2026 David YE
1614,374,BMW6475AEEV,宝马(BMW)牌,华晨宝马汽车有限公司,210,ambiguous,240,240,采埃孚电驱动科技（沈阳）有限公司,,,,,,,,,,,,,Copyright © 2026 David YE
1615,374,BMW6475AFEV,宝马(BMW)牌,华晨宝马汽车有限公司,210,ambiguous,240,240,采埃孚电驱动科技（沈阳）有限公司,,,,,,,,,,,,,Copyright © 2026 David YE
1616,374,BMW7000ACEV,宝马(BMW)牌,华晨宝马汽车有限公司,250,ambiguous,240,240,采埃孚电驱动科技（沈阳）有限公司 ,,,,,,,,,,,,,Copyright © 2026 David YE
1617,374,BMW7000ADEV,宝马(BMW)牌,华晨宝马汽车有限公司,250,ambiguous,240,240,采埃孚电驱动科技（沈阳）有限公司 ,,,,,,,,,,,,,Copyright © 2026 David YE
1618,374,BMW7000AEEV,宝马(BMW)牌,华晨宝马汽车有限公司,250,ambiguous,240,240,采埃孚电驱动科技（沈阳）有限公司 ,,,,,,,,,,,,,Copyright © 2026 David YE
1619,374,BMW7000AFEV,宝马(BMW)牌,华晨宝马汽车有限公司,250,ambiguous,240,240,采埃孚电驱动科技（沈阳）有限公司 ,,,,,,,,,,,,,Copyright © 2026 David YE
1620,374,BMW7001AAEV,宝马(BMW)牌,华晨宝马汽车有限公司,250,ambiguous,240,240,采埃孚电驱动科技（沈阳）有限公司 ,,,,,,,,,,,,,Copyright © 2026 David YE
1621,374,BMW7001ABEV,宝马(BMW)牌,华晨宝马汽车有限公司,250,ambiguous,240,240,采埃孚电驱动科技（沈阳）有限公司 ,,,,,,,,,,,,,Copyright © 2026 David YE
1622,374,BYD7007BEVA,比亚迪牌,比亚迪汽车工业有限公司,150,ambiguous,180,180,南京市比亚迪汽车有限公司 ,,,,,,,,,,,,,Copyright © 2026 David YE
1623,374,BYD7007BEVA1,比亚迪牌,比亚迪汽车工业有限公司,230,ambiguous,180,180,南京市比亚迪汽车有限公司 ,,,,,,,,,,,,,Copyright © 2026 David YE
1625,374,CA7000BEVA,一汽牌,中国第一汽车集团有限公司,,blank,180,180,,,,,,,,,,,,,,Copyright © 2026 David YE
1626,374,CA7000BEVB,一汽牌,中国第一汽车集团有限公司,,blank,180,180,,,,,,,,,,,,,,Copyright © 2026 David YE
1627,374,CA7000BEVC,一汽牌,中国第一汽车集团有限公司,,blank,180,180,,,,,,,,,,,,,,Copyright © 2026 David YE
1628,374,CC7000BJ00HFBEV,欧拉牌,长城汽车股份有限公司,135,ambiguous,126,126,蜂巢传动系统(江苏)有限公司 ,,,,,,,,,,,,,Copyright © 2026 David YE
1630,374,CSA6492LBEV5,智己牌,上海汽车集团股份有限公司,250,ambiguous,180,180,华域汽车电动系统有限公司 ,,,,,,,,,,,,,Copyright © 2026 David YE
1633,374,GAH6520BEVU0A,合创牌,广汽乘用车(杭州)有限公司,202,ambiguous,,,苏州汇川联合动力系统股份有限公司 ,,,,,,,,,,,,,Copyright © 2026 David YE
1634,374,GAH6520BEVU0B,合创牌,广汽乘用车(杭州)有限公司,202,ambiguous,,,苏州汇川联合动力系统股份有限公司 ,,,,,,,,,,,,,Copyright © 2026 David YE
1635,374,GAH6520BEVU0D,合创牌,广汽乘用车(杭州)有限公司,202,ambiguous,,,苏州汇川联合动力系统股份有限公司 ,,,,,,,,,,,,,Copyright © 2026 David YE
1636,374,GAH7000BEVT0F,合创牌,广汽乘用车(杭州)有限公司,160,ambiguous,,,苏州汇川联合动力系统股份有限公司 ,,,,,,,,,,,,,Copyright © 2026 David YE
1637,374,GAM6450BEVD0Z,埃安(AION)牌,广汽乘用车有限公司,100,ambiguous,,,苏州汇川联合动力系统有限公司 ,,,,,,,,,,,,,Copyright © 2026 David YE
1638,374,GAM6460BEVC1G,埃安(AION)牌,广汽乘用车有限公司,180,ambiguous,,,苏州汇川联合动力系统有限公司 ,,,,,,,,,,,,,Copyright © 2026 David YE
1639,374,GAM7000BEVE0A,埃安(AION)牌,广汽乘用车有限公司,180,ambiguous,,,尼得科汽车马达（浙江）有限公司 ,,,,,,,,,,,,,Copyright © 2026 David YE
1641,374,HFC6521EV2C8,江淮牌,安徽江淮汽车集团股份有限公司,,blank,130,130,,,,,,,,,,,,,,Copyright © 2026 David YE
1642,374,HFC6521EV2C8G,江淮牌,安徽江淮汽车集团股份有限公司,,blank,130,130,,,,,,,,,,,,,,Copyright © 2026 David YE
1643,374,JL7007BEV05,几何牌,浙江豪情汽车制造有限公司,,blank,120,120,,,,,,,,,,,,,,Copyright © 2026 David YE
1644,374,JL7007BEV06,几何牌,浙江豪情汽车制造有限公司,,blank,120,120,,,,,,,,,,,,,,Copyright © 2026 David YE
1645,374,JL7007BEV07,几何牌,浙江豪情汽车制造有限公司,,blank,120,120,,,,,,,,,,,,,,Copyright © 2026 David YE
1646,374,JL7007BEV08,几何牌,浙江豪情汽车制造有限公司,,blank,120,120,,,,,,,,,,,,,,Copyright © 2026 David YE
1647,374,JMV6550QRBEV,晶马牌,江西江铃集团晶马汽车有限公司,,blank,,,,,,,,,,,,,,,,Copyright © 2026 David YE
1648,374,LBA7004AABEV,猎豹(LEOPAARD)牌,湖南猎豹汽车股份有限公司,,blank,,,,,,,,,,,,,,,,Copyright © 2026 David YE
1649,374,LZ7000SJD0EV,东风牌,东风柳州汽车有限公司,100,ambiguous,,,珠海英搏尔电气股份有限公司,,,,,,,,,,,,,Copyright © 2026 David YE
1650,374,LZW7004EVA1,五菱牌,上汽通用五菱汽车股份有限公司,,blank,30,30,,,,,,,,,,,,,,Copyright © 2026 David YE
1651,374,LZW7004EVA2,五菱牌,上汽通用五菱汽车股份有限公司,,blank,30,30,,,,,,,,,,,,,,Copyright © 2026 David YE
1652,374,LZW7007EVA3,五菱牌,上汽通用五菱汽车股份有限公司,,blank,30,30,,,,,,,,,,,,,,Copyright © 2026 David YE
1653,374,LZW7009EVA1,五菱牌,上汽通用五菱汽车股份有限公司,100,ambiguous,30,30,珠海英搏尔电气股份有限公司,,,,,,,,,,,,,Copyright © 2026 David YE
1654,374,LZW7009EVA2,五菱牌,上汽通用五菱汽车股份有限公司,100,ambiguous,30,30,珠海英搏尔电气股份有限公司,,,,,,,,,,,,,Copyright © 2026 David YE
1655,374,MR6491BEV01,极越牌,浙江吉利汽车有限公司,200,ambiguous,160,160,威睿电动汽车技术（宁波）有限公司 ,,,,,,,,,,,,,Copyright © 2026 David YE
1656,374,MR6491BEV02,极越牌,浙江吉利汽车有限公司,,blank,160,160,,,,,,,,,,,,,,Copyright © 2026 David YE
1657,374,MR6491BEV03,极越牌,浙江吉利汽车有限公司,200,ambiguous,160,160,威睿电动汽车技术（宁波）有限公司 ,,,,,,,,,,,,,Copyright © 2026 David YE
1658,374,MR7001BEV36,极氪牌,浙江吉利汽车有限公司,200,ambiguous,370,370,威睿电动汽车技术（宁波）有限公司,,,,,,,,,,,,,Copyright © 2026 David YE
1660,374,MR7005BEV19,吉利牌,浙江吉利汽车有限公司,200,ambiguous,160,160,威睿电动汽车技术（宁波）有限公司,,,,,,,,,,,,,Copyright © 2026 David YE
1661,374,NEQ7000BEVJ60J,奇瑞牌,奇瑞新能源汽车股份有限公司,,blank,,,,,,,,,,,,,,,,Copyright © 2026 David YE
1662,374,NHQ7001BEVEE,小鹏牌,肇庆小鹏新能源投资有限公司,203,ambiguous,,,浙江方正电机股份有限公司 ,,,,,,,,,,,,,Copyright © 2026 David YE
1663,374,NJL6473BEV400,创维牌,南京金龙客车制造有限公司,170,ambiguous,,,无锡中车浩夫尔动力总成有限公司,,,,,,,,,,,,,Copyright © 2026 David YE
1664,374,SC6450VQ6B8BEV,长安牌,重庆长安汽车股份有限公司,,blank,160,160,,,,,,,,,,,,,,Copyright © 2026 David YE
1665,374,SC6480PQ6B1BEV,长安牌,重庆长安汽车股份有限公司,,blank,160,160,,,,,,,,,,,,,,Copyright © 2026 David YE
1666,374,SC6491ECFBEV,阿维塔（AVATR）牌,重庆长安汽车股份有限公司,230,ambiguous,160,160,华为技术有限公司 ,,,,,,,,,,,,,Copyright © 2026 David YE
1667,374,SC6491ECGBEV,阿维塔（AVATR）牌,重庆长安汽车股份有限公司,230,ambiguous,160,160,华为技术有限公司 ,,,,,,,,,,,,,Copyright © 2026 David YE
1668,374,SC6491ECHBEV,阿维塔（AVATR）牌,重庆长安汽车股份有限公司,230,ambiguous,160,160,华为技术有限公司 ,,,,,,,,,,,,,Copyright © 2026 David YE
1670,374,SC7001FATBEV,长安牌,重庆长安汽车股份有限公司,,blank,160,160,,,,,,,,,,,,,,Copyright © 2026 David YE
1671,374,SC7001FAUBEV,长安牌,重庆长安汽车股份有限公司,,blank,160,160,,,,,,,,,,,,,,Copyright © 2026 David YE
1672,374,SGM6483BABEV,凯迪拉克(CADILLAC)牌,上汽通用汽车有限公司,180,ambiguous,130,130,上汽通用汽车有限公司 ,,,,,,,,,,,,,Copyright © 2026 David YE
1673,374,SGM6483BBBEV,凯迪拉克(CADILLAC)牌,上汽通用汽车有限公司,150,ambiguous,130,130,上汽通用汽车有限公司 ,,,,,,,,,,,,,Copyright © 2026 David YE
1675,374,SH6480U1BEV-J51,大通牌,上汽大通汽车有限公司,,blank,,,,,,,,,,,,,,,,Copyright © 2026 David YE
1676,374,SQR7000BEVE03,星途牌,奇瑞汽车股份有限公司,185,ambiguous,130,130,联合汽车电子有限公司 ,,,,,,,,,,,,,Copyright © 2026 David YE
1678,374,SQR7000BEVE032,星途牌,奇瑞汽车股份有限公司,230,ambiguous,130,130,联合汽车电子有限公司 ,,,,,,,,,,,,,Copyright © 2026 David YE
1679,374,SQR7000BEVE033,星途牌,奇瑞汽车股份有限公司,230,ambiguous,130,130,联合汽车电子有限公司 ,,,,,,,,,,,,,Copyright © 2026 David YE
1680,374,SQR7000BEVEH3,奇瑞牌,奇瑞汽车股份有限公司,215,ambiguous,130,130,华为数字能源技术有限公司,,,,,,,,,,,,,Copyright © 2026 David YE
1681,374,SQR7000BEVEH31,奇瑞牌,奇瑞汽车股份有限公司,215,ambiguous,130,130,华为数字能源技术有限公司,,,,,,,,,,,,,Copyright © 2026 David YE
1683,374,THZ6460BEVS37A,哪吒牌,合众新能源汽车股份有限公司,120,ambiguous,,,菲仕绿能科技（北京）有限公司 ,,,,,,,,,,,,,Copyright © 2026 David YE
1684,374,THZ6460BEVS37C,哪吒牌,合众新能源汽车股份有限公司,120,ambiguous,,,菲仕绿能科技（北京）有限公司,,,,,,,,,,,,,Copyright © 2026 David YE
1685,374,YQZ6460BEV,起亚牌,江苏悦达起亚汽车有限公司,160,ambiguous,,,纬湃汽车电子（天津）有限公司,,,,,,,,,,,,,Copyright © 2026 David YE
1686,374,BYD6483ST6HEV8,比亚迪牌,比亚迪汽车有限公司,145,ambiguous,160,160,,,,,,,,,,,,,,Copyright © 2026 David YE
1687,374,CC6480BT25EPHEV,哈弗牌,长城汽车股份有限公司,,blank,126,126,,,,,,,,,,,,,,Copyright © 2026 David YE
1688,374,CC6480CW20CPHEV,哈弗牌,长城汽车股份有限公司,,blank,126,126,,,,,,,,,,,,,,Copyright © 2026 David YE
1689,374,CC6490AY02FPHEV,魏牌牌,长城汽车股份有限公司,,blank,126,126,,,,,,,,,,,,,,Copyright © 2026 David YE
1691,374,FZ6480SHEV21,零跑牌,零跑汽车有限公司,200,ambiguous,170,170,,,,,,,,,,,,,,Copyright © 2026 David YE
1692,374,FZ6480SHEV23,零跑牌,零跑汽车有限公司,200,ambiguous,170,170,,,,,,,,,,,,,,Copyright © 2026 David YE
1693,374,FZ6480SHEV24,零跑牌,零跑汽车有限公司,200,ambiguous,170,170,,,,,,,,,,,,,,Copyright © 2026 David YE
1694,374,GAC6451CHEVA6A,传祺(Trumpchi)牌,广汽乘用车有限公司,,blank,150,150,,,,,,,,,,,,,,Copyright © 2026 David YE
1695,374,HFC6463E1PHEV4,江淮牌,安徽江淮汽车集团股份有限公司,,blank,130,130,,,,,,,,,,,,,,Copyright © 2026 David YE
1696,374,HQ7153DCHEV03,吉利牌,浙江豪情汽车制造有限公司,,blank,120,120,,,,,,,,,,,,,,Copyright © 2026 David YE
1697,374,LZW7154KBUPHEVA1,五菱牌,上汽通用五菱汽车股份有限公司,,blank,30,30,,,,,,,,,,,,,,Copyright © 2026 David YE
1698,374,LZW7154KBUPHEVA2,五菱牌,上汽通用五菱汽车股份有限公司,,blank,30,30,,,,,,,,,,,,,,Copyright © 2026 David YE
1699,374,QCJ6520MT6HEV6,腾势牌,比亚迪汽车工业有限公司,170,ambiguous,180,180,,,,,,,,,,,,,,Copyright © 2026 David YE
1700,374,SC6452ACB6HEV,长安牌,重庆长安汽车股份有限公司,140,ambiguous,160,160,,,,,,,,,,,,,,Copyright © 2026 David YE
1701,374,SC6452ACC6HEV,长安牌,重庆长安汽车股份有限公司,158,ambiguous,160,160,,,,,,,,,,,,,,Copyright © 2026 David YE
1702,374,SC7154CBC6HEV,长安牌,重庆长安汽车股份有限公司,140,ambiguous,160,160,,,,,,,,,,,,,,Copyright © 2026 David YE
1703,374,SC7154CBD6HEV,长安牌,重庆长安汽车股份有限公司,158,ambiguous,160,160,,,,,,,,,,,,,,Copyright © 2026 David YE
1704,374,SC7157BAC6HEV,长安牌,重庆长安汽车股份有限公司,140,ambiguous,160,160,,,,,,,,,,,,,,Copyright © 2026 David YE
1705,374,SC7157BAD6HEV,长安牌,重庆长安汽车股份有限公司,158,ambiguous,160,160,,,,,,,,,,,,,,Copyright © 2026 David YE
1706,374,THZ7150SHEVS404,哪吒牌,合众新能源汽车股份有限公司,170,ambiguous,,,,,,,,,,,,,,,,Copyright © 2026 David YE
1707,375,BJ6480A606BEV,极狐(ARCFOX)牌,北汽蓝谷麦格纳汽车有限公司,175,ambiguous,175,175,北京新能源汽车股份有限公司,,,,,,,,,,,,,Copyright © 2026 David YE
1708,375,BJ7001A61EBEV,极狐(ARCFOX)牌,北汽蓝谷麦格纳汽车有限公司,175,ambiguous,175,175,北京新能源汽车股份有限公司,,,,,,,,,,,,,Copyright © 2026 David YE
1709,375,BMW7001ACEV,宝马(BMW)牌,华晨宝马汽车有限公司,250,ambiguous,240,240,采埃孚电驱动科技(沈阳)有限公司,,,,,,,,,,,,,Copyright © 2026 David YE
1710,375,CC7000BH00NDBEV,欧拉牌,长城汽车股份有限公司,150,ambiguous,126,126,华域麦格纳电驱动系统有限公司,,,,,,,,,,,,,Copyright © 2026 David YE
1711,375,CGC6521BEV2S1,大运牌,成都大运汽车集团有限公司,250,ambiguous,,,联合汽车电子有限公司 ,,,,,,,,,,,,,Copyright © 2026 David YE
1712,375,CSA6492LBEV6,智己牌,上海汽车集团股份有限公司,379,ambiguous,180,180,华域汽车电动系统有限公司 ,,,,,,,,,,,,,Copyright © 2026 David YE
1713,375,DFM7000A2F1BEV,东风牌,东风汽车集团有限公司,,blank,120,120,,,,,,,,,,,,,,Copyright © 2026 David YE
1714,375,DFM7000A2FBEV,东风牌,东风汽车集团有限公司,,blank,120,120,,,,,,,,,,,,,,Copyright © 2026 David YE
1715,375,DFM7000S1F1BEV,风神牌,东风汽车集团有限公司,160,ambiguous,120,120,智新科技股份有限公司 ,,,,,,,,,,,,,Copyright © 2026 David YE
1716,375,DFM7000S1F2BEV,风神牌,东风汽车集团有限公司,200,ambiguous,120,120,智新科技股份有限公司 ,,,,,,,,,,,,,Copyright © 2026 David YE
1717,375,DXK6460HF7BEV,东风牌,东风小康汽车有限公司,,blank,,,,,,,,,,,,,,,,Copyright © 2026 David YE
1720,375,GAM6490BEVH0C,埃安(AION)牌,广汽乘用车有限公司,250,ambiguous,,,尼得科汽车马达（浙江）有限公司,,,,,,,,,,,,,Copyright © 2026 David YE
1721,375,GAM7000BEVE0M,埃安(AION)牌,广汽乘用车有限公司,180,ambiguous,,, 尼得科汽车马达（浙江）有限公司,,,,,,,,,,,,,Copyright © 2026 David YE
1722,375,GAM7001BEVA1J,埃安(AION)牌,广汽乘用车有限公司,180,ambiguous,,,苏州汇川联合动力系统股份有限公司,,,,,,,,,,,,,Copyright © 2026 David YE
1723,375,GAM7001BEVA1K,埃安(AION)牌,广汽乘用车有限公司,180,ambiguous,,,锐湃动力科技有限公司,,,,,,,,,,,,,Copyright © 2026 David YE
1724,375,HXK7000BEVC01,凌宝牌,江苏吉麦新能源车业有限公司,,blank,,,,,,,,,,,,,,,,Copyright © 2026 David YE
1725,375,JX6480EUABEV,颐驰牌,江西江铃集团新能源汽车有限公司,,blank,,,,,,,,,,,,,,,,Copyright © 2026 David YE
1728,375,LZ6460XLD0EV,东风牌,东风柳州汽车有限公司,120,ambiguous,,,珠海英搏尔电气股份有限公司,,,,,,,,,,,,,Copyright © 2026 David YE
1729,375,LZW7004EVA3,五菱牌,上汽通用五菱汽车股份有限公司,20,ambiguous,30,30,浙江方正电机股份有限公司,,,,,,,,,,,,,Copyright © 2026 David YE
1731,375,MR7001BEV35,枫叶牌,浙江吉利汽车有限公司,100,ambiguous,370,370,珠海英搏尔电气股份有限公司,,,,,,,,,,,,,Copyright © 2026 David YE
1732,375,MR7005BEV17,吉利牌,浙江吉利汽车有限公司,200,ambiguous,160,160,威睿电动汽车技术（宁波）有限公司,,,,,,,,,,,,,Copyright © 2026 David YE
1733,375,MR7008BEV01,极星牌,浙江吉利汽车有限公司,200,ambiguous,160,160,威睿电动汽车技术(宁波)有限公司,,,,,,,,,,,,,Copyright © 2026 David YE
1734,375,MR7008BEV02,极星牌,浙江吉利汽车有限公司,200,ambiguous,160,160,威睿电动汽车技术(宁波)有限公司,,,,,,,,,,,,,Copyright © 2026 David YE
1737,375,NEQ6470BEVS61B,奇瑞牌,奇瑞新能源汽车股份有限公司,155,ambiguous,,,奇瑞新能源汽车股份有限公司,,,,,,,,,,,,,Copyright © 2026 David YE
1738,375,NHQ6530BEVHA,小鹏牌,肇庆小鹏新能源投资有限公司,235,ambiguous,,,武汉小鹏智能制造有限公司,,,,,,,,,,,,,Copyright © 2026 David YE
1739,375,NHQ6530BEVHB,小鹏牌,肇庆小鹏新能源投资有限公司,235,ambiguous,,,武汉小鹏智能制造有限公司,,,,,,,,,,,,,Copyright © 2026 David YE
1741,375,NJ6500FBEV51,依维柯牌,南京汽车集团有限公司,,blank,,,,,,,,,,,,,,,,Copyright © 2026 David YE
1742,375,QCJ6491SBEV,腾势牌,比亚迪汽车工业有限公司,150,ambiguous,180,180,南京市比亚迪汽车有限公司 ,,,,,,,,,,,,,Copyright © 2026 David YE
1743,375,SC6453BBEBEV,长安牌,河北长安汽车有限公司,,blank,,,,,,,,,,,,,,,,Copyright © 2026 David YE
1744,375,SC6483ABFBEV,长安牌,河北长安汽车有限公司,,blank,,,,,,,,,,,,,,,,Copyright © 2026 David YE
1747,375,THZ6460BEVS37P,哪吒牌,合众新能源汽车股份有限公司,120,ambiguous,,,菲仕绿能科技（北京）有限公司,,,,,,,,,,,,,Copyright © 2026 David YE
1748,375,TSL7000BEVAR7,特斯拉牌,特斯拉(上海)有限公司,194,ambiguous,,,特斯拉（上海）有限公司 ,,,,,,,,,,,,,Copyright © 2026 David YE
1750,375,VCC7006F012BEV,沃尔沃牌,浙江豪情汽车制造有限公司,200,ambiguous,,,威睿电动汽车技术（宁波）有限公司,,,,,,,,,,,,,Copyright © 2026 David YE
1751,375,VCC7006F022BEV,沃尔沃牌,浙江豪情汽车制造有限公司,200,ambiguous,,,威睿电动汽车技术（宁波）有限公司,,,,,,,,,,,,,Copyright © 2026 David YE
1753,375,WHJ7000BEVHH111,凯翼牌,宜宾凯翼汽车有限公司,35,ambiguous,,,山东双林新能源科技有限公司,,,,,,,,,,,,,Copyright © 2026 David YE
1754,375,WHJ7000BEVHH112,凯翼牌,宜宾凯翼汽车有限公司,40,ambiguous,,,菲仕绿能科技(北京)有限公司,,,,,,,,,,,,,Copyright © 2026 David YE
1755,375,YDE7000BEV1V,云度牌,云度新能源汽车有限公司,55,ambiguous,,,威迪斯电机技术(芜湖)有限公司,,,,,,,,,,,,,Copyright © 2026 David YE
1756,375,YGM7009BEVBA2,领途牌,领途汽车有限公司,,blank,,,,,,,,,,,,,,,,Copyright © 2026 David YE
1757,375,CC6470CF24BPHEV,哈弗牌,长城汽车股份有限公司,,blank,126,126,,,,,,,,,,,,,,Copyright © 2026 David YE
1758,375,CC6490AY02GPHEV,魏牌牌,长城汽车股份有限公司,,blank,126,126,,,,,,,,,,,,,,Copyright © 2026 David YE
1759,375,CC6490AY24BPHEV,魏牌牌,长城汽车股份有限公司,,blank,126,126,,,,,,,,,,,,,,Copyright © 2026 David YE
1760,375,CSA6473RFPHEV4,荣威牌,上海汽车集团股份有限公司,153,ambiguous,180,180,,,,,,,,,,,,,,Copyright © 2026 David YE
1761,375,CSA6473RFPHEV5,荣威牌,上海汽车集团股份有限公司,145,ambiguous,180,180,,,,,,,,,,,,,,Copyright © 2026 David YE
1762,375,EQ7151AL1F2CHEV,岚图牌,东风汽车集团有限公司,160,ambiguous,120,120,,,,,,,,,,,,,,Copyright © 2026 David YE
1763,375,GAC6511CHEVJDA6B,传祺(Trumpchi)牌,广汽乘用车有限公司,,blank,150,150,,,,,,,,,,,,,,Copyright © 2026 David YE
1764,375,HQ7153DCHEV05,吉利牌,浙江豪情汽车制造有限公司,,blank,120,120,,,,,,,,,,,,,,Copyright © 2026 David YE
1765,375,LZ6530M15B1PHEV,东风牌,东风柳州汽车有限公司,,blank,,,,,,,,,,,,,,,,Copyright © 2026 David YE
1766,375,QCJ2030ST6HEV,方程豹牌,比亚迪汽车工业有限公司,前200kW/后285kW,power_only,180,180,,,,,,,,,,,,,,Copyright © 2026 David YE
1768,375,SQR6480CHEVF26,捷途牌,奇瑞商用车(安徽)有限公司,,blank,,,,,,,,,,,,,,,,Copyright © 2026 David YE
1769,375,SQR6480CHEVT221,星途牌,奇瑞汽车股份有限公司,,blank,130,130,,,,,,,,,,,,,,Copyright © 2026 David YE
1770,375,SQR6490CHEVF25,捷途牌,奇瑞商用车(安徽)有限公司,,blank,,,,,,,,,,,,,,,,Copyright © 2026 David YE
1771,376,BAW6521MAK1BEV,锐胜牌,北京汽车制造厂有限公司,90,ambiguous,110,110,深圳市大地和电气股份有限公司,,,,,,,,,,,,,Copyright © 2026 David YE
1772,376,BAW6521MAK2BEV,锐胜牌,北京汽车制造厂有限公司,90,ambiguous,110,110,深圳市大地和电气股份有限公司,,,,,,,,,,,,,Copyright © 2026 David YE
1773,376,BJ6470A503BEV,极狐(ARCFOX)牌,北汽蓝谷麦格纳汽车有限公司,200,ambiguous,175,175,北京新能源汽车股份有限公司,,,,,,,,,,,,,Copyright © 2026 David YE
1774,376,CA7001H0EV,红旗牌,中国第一汽车集团有限公司,253,ambiguous,180,180,中国第一汽车集团有限公司 ,,,,,,,,,,,,,Copyright © 2026 David YE
1776,376,CC7000BJ00HGBEV,欧拉牌,长城汽车股份有限公司,135,ambiguous,126,126,蜂巢传动系统(江苏)有限公司 ,,,,,,,,,,,,,Copyright © 2026 David YE
1777,376,CGC7000BEV2J9,大运牌,成都大运汽车集团有限公司,250,ambiguous,,,联合汽车电子有限公司,,,,,,,,,,,,,Copyright © 2026 David YE
1778,376,DC7006XAAXBEVN,富康牌,神龙汽车有限公司,120,ambiguous,,,珠海英搏尔电气股份有限公司,,,,,,,,,,,,,Copyright © 2026 David YE
1779,376,DFM7000S1F4BEV,东风牌,东风汽车集团有限公司,160,ambiguous,120,120,智新科技股份有限公司 ,,,,,,,,,,,,,Copyright © 2026 David YE
1780,376,DFM7000S1F5BEV,东风牌,东风汽车集团有限公司,200,ambiguous,120,120,智新科技股份有限公司 ,,,,,,,,,,,,,Copyright © 2026 David YE
1782,376,DFM7003G1F3BEV,风神牌,东风汽车集团有限公司,120,ambiguous,120,120,珠海英搏尔电气股份有限公司,,,,,,,,,,,,,Copyright © 2026 David YE
1783,376,FV6465BBBBEV,大众牌,一汽-大众汽车有限公司,150,ambiguous,,,大众汽车自动变速器（天津）有限公司,,,,,,,,,,,,,Copyright © 2026 David YE
1785,376,FV6469AAABEV,奥迪(AUDI)牌,一汽-大众汽车有限公司,150,ambiguous,,,大众汽车自动变速器（天津）有限公司,,,,,,,,,,,,,Copyright © 2026 David YE
1787,376,FV6498BBEBEV,大众牌,一汽-大众汽车有限公司,150,ambiguous,,,联合汽车电子有限公司,,,,,,,,,,,,,Copyright © 2026 David YE
1788,376,FV6498BBFBEV,大众牌,一汽-大众汽车有限公司,150,ambiguous,,,联合汽车电子有限公司,,,,,,,,,,,,,Copyright © 2026 David YE
1790,376,GAM6450BEVD1C,埃安(AION)牌,广汽乘用车有限公司,100,ambiguous,,,苏州汇川联合动力系统股份有限公司,,,,,,,,,,,,,Copyright © 2026 David YE
1791,376,GAM6490BEVH0L,埃安(AION)牌,广汽乘用车有限公司,250,ambiguous,,,锐湃动力科技有限公司,,,,,,,,,,,,,Copyright © 2026 David YE
1792,376,HFC7000WEV16,江淮牌,安徽江淮汽车集团股份有限公司,36,ambiguous,130,130,合肥道一动力科技有限公司 ,,,,,,,,,,,,,Copyright © 2026 David YE
1793,376,JHC6480BEV51,远程牌,山西新能源汽车工业有限公司,60,ambiguous,110,110,湖州智芯动力系统发展有限公司,,,,,,,,,,,,,Copyright © 2026 David YE
1794,376,JX6480EUABEV,颐驰牌,江西江铃集团新能源汽车有限公司,110,ambiguous,,,弗迪动力有限公司长沙分公司,,,,,,,,,,,,,Copyright © 2026 David YE
1795,376,LF6462SEV01,枫叶牌,重庆睿蓝汽车制造有限公司,120,ambiguous,,,珠海英博尔电气股份有限公司,,,,,,,,,,,,,Copyright © 2026 David YE
1796,376,LZW7004EVA5,五菱牌,上汽通用五菱汽车股份有限公司,20,ambiguous,30,30,浙江方正电机股份有限公司,,,,,,,,,,,,,Copyright © 2026 David YE
1797,376,NEQ6470BEVS61A,奇瑞牌,奇瑞新能源汽车股份有限公司,135,ambiguous,,,奇瑞新能源汽车股份有限公司,,,,,,,,,,,,,Copyright © 2026 David YE
1798,376,NEQ7001BEVJ72C,奇瑞牌,奇瑞新能源汽车股份有限公司,36,ambiguous,,,奇瑞新能源汽车股份有限公司,,,,,,,,,,,,,Copyright © 2026 David YE
1799,376,NEQ7001BEVJ72D,奇瑞牌,奇瑞新能源汽车股份有限公司,36,ambiguous,,,奇瑞新能源汽车股份有限公司,,,,,,,,,,,,,Copyright © 2026 David YE
1800,376,NHQ7001BEVDG,小鹏牌,肇庆小鹏新能源投资有限公司,155,ambiguous,,,上海汽车电驱动有限公司,,,,,,,,,,,,,Copyright © 2026 David YE
1801,376,SC6453BBEBEV,长安牌,河北长安汽车有限公司,60,ambiguous,,,苏州汇川联合动力系统有限公司,,,,,,,,,,,,,Copyright © 2026 David YE
1803,376,SQR6500BEVE0Y,星途牌,奇瑞汽车股份有限公司,185,ambiguous,130,130,联合汽车电子有限公司,,,,,,,,,,,,,Copyright © 2026 David YE
1804,376,SQR6500BEVE0Y1,星途牌,奇瑞汽车股份有限公司,230,ambiguous,130,130,联合汽车电子有限公司 ,,,,,,,,,,,,,Copyright © 2026 David YE
1806,376,SQR6500BEVE0Y3,星途牌,奇瑞汽车股份有限公司,230,ambiguous,130,130,联合汽车电子有限公司 ,,,,,,,,,,,,,Copyright © 2026 David YE
1808,376,SQR7000BEVE035,星途牌,奇瑞汽车股份有限公司,230,ambiguous,130,130,联合汽车电子有限公司,,,,,,,,,,,,,Copyright © 2026 David YE
1809,376,SVW6461FEV,大众汽车(VOLKSWAGEN)牌,上汽大众汽车有限公司,150,ambiguous,150,150,大众汽车自动变速器(天津)有限公司,,,,,,,,,,,,,Copyright © 2026 David YE
1811,376,SVW6492FEV,大众汽车(VOLKSWAGEN)牌,上汽大众汽车有限公司,150,ambiguous,150,150,联合汽车电子有限公司,,,,,,,,,,,,,Copyright © 2026 David YE
1812,376,SVW6492GEV,大众汽车(VOLKSWAGEN)牌,上汽大众汽车有限公司,150,ambiguous,150,150,联合汽车电子有限公司,,,,,,,,,,,,,Copyright © 2026 David YE
1814,376,SVW6493GEV,奥迪(AUDI)牌,上汽大众汽车有限公司,150,ambiguous,150,150,联合汽车电子有限公司,,,,,,,,,,,,,Copyright © 2026 David YE
1815,376,SVW6493HEV,奥迪(AUDI)牌,上汽大众汽车有限公司,150,ambiguous,150,150,联合汽车电子有限公司,,,,,,,,,,,,,Copyright © 2026 David YE
1817,376,TSL6480BEVAR3,特斯拉牌,特斯拉(上海)有限公司,220,ambiguous,,,特斯拉（上海）有限公司,,,,,,,,,,,,,Copyright © 2026 David YE
1818,376,TSL6480BEVAR4,特斯拉牌,特斯拉(上海)有限公司,220,ambiguous,,,特斯拉（上海）有限公司,,,,,,,,,,,,,Copyright © 2026 David YE
1819,376,VCC6527F01EBEV,沃尔沃牌,浙江豪情汽车制造有限公司,200,ambiguous,,,威睿电动汽车技术(宁波)有限公司,,,,,,,,,,,,,Copyright © 2026 David YE
1820,376,YGM7009BEVBA3,领途牌,领途汽车有限公司,35,ambiguous,,,上海汽车电驱动有限公司,,,,,,,,,,,,,Copyright © 2026 David YE
1821,376,BYD6483ST6HEV9,比亚迪牌,比亚迪汽车有限公司,145,ambiguous,160,160,,,,,,,,,,,,,,Copyright © 2026 David YE
1822,376,CC6470AP23BPHEV,魏牌牌,长城汽车股份有限公司,,blank,126,126,,,,,,,,,,,,,,Copyright © 2026 David YE
1823,376,CC6470CF01EPHEV,哈弗牌,长城汽车股份有限公司,,blank,126,126,,,,,,,,,,,,,,Copyright © 2026 David YE
1824,376,MR6501DCHEV04,领克牌,浙江吉利汽车有限公司,,blank,160,160,,,,,,,,,,,,,,Copyright © 2026 David YE
1826,377,BJ6480A608BEV,极狐(ARCFOX)牌,北汽蓝谷麦格纳汽车有限公司,175,ambiguous,175,175,北京新能源汽车股份有限公司,,,,,,,,,,,,,Copyright © 2026 David YE
1827,377,BJ6539EVAA4,福田牌,北汽福田汽车股份有限公司,85,ambiguous,,,北汽福田汽车股份有限公司 ,,,,,,,,,,,,,Copyright © 2026 David YE
1829,377,BJ7000MBEVR2,小米牌,北京汽车集团越野车有限公司,220,ambiguous,,,联合汽车电子有限公司,,,,,,,,,,,,,Copyright © 2026 David YE
1830,377,BJ7001A61CBEV,极狐(ARCFOX)牌,北汽蓝谷麦格纳汽车有限公司,175,ambiguous,175,175,北京新能源汽车股份有限公司,,,,,,,,,,,,,Copyright © 2026 David YE
1831,377,BJ7001A61DBEV,极狐(ARCFOX)牌,北汽蓝谷麦格纳汽车有限公司,160,ambiguous,175,175,法雷奥蓝谷新能源动力系统（常州）有限公司,,,,,,,,,,,,,Copyright © 2026 David YE
1832,377,BJ7001A61GBEV,极狐(ARCFOX)牌,北汽蓝谷麦格纳汽车有限公司,252,ambiguous,175,175,华为技术有限公司,,,,,,,,,,,,,Copyright © 2026 David YE
1833,377,BJ7001A61HBEV,极狐(ARCFOX)牌,北汽蓝谷麦格纳汽车有限公司,252,ambiguous,175,175,华为技术有限公司,,,,,,,,,,,,,Copyright © 2026 David YE
1834,377,BYD7008BEVB3,比亚迪牌,比亚迪汽车有限公司,100,ambiguous,160,160,长沙市比亚迪汽车有限公司 ,,,,,,,,,,,,,Copyright © 2026 David YE
1835,377,CA7000H0EVG,红旗牌,中国第一汽车集团有限公司,100,ambiguous,180,180,株洲中车时代电气股份有限公司,,,,,,,,,,,,,Copyright © 2026 David YE
1836,377,CA7000H0EVH,红旗牌,中国第一汽车集团有限公司,100,ambiguous,180,180,株洲中车时代电气股份有限公司,,,,,,,,,,,,,Copyright © 2026 David YE
1838,377,CGC6521BEV2S4,大运牌,成都大运汽车集团有限公司,250,ambiguous,,,联合汽车电子有限公司,,,,,,,,,,,,,Copyright © 2026 David YE
1840,377,CGC7000BEV2J11,大运牌,成都大运汽车集团有限公司,250,ambiguous,,,联合汽车电子有限公司,,,,,,,,,,,,,Copyright © 2026 David YE
1841,377,DC7002XAAXBEVR,富康牌,神龙汽车有限公司,60,ambiguous,,,东风电驱动系统有限公司,,,,,,,,,,,,,Copyright © 2026 David YE
1842,377,DC7002XAAYBEVP,富康牌,神龙汽车有限公司,60,ambiguous,,,东风电驱动系统有限公司,,,,,,,,,,,,,Copyright © 2026 David YE
1843,377,DFM6473M5F2BEV,风神牌,东风汽车集团有限公司,120,ambiguous,120,120,珠海英搏尔电气股份有限公司,,,,,,,,,,,,,Copyright © 2026 David YE
1844,377,DFM6473M5F3BEV,风神牌,东风汽车集团有限公司,120,ambiguous,120,120,珠海英搏尔电气股份有限公司,,,,,,,,,,,,,Copyright © 2026 David YE
1845,377,DFM6473M5FBEV,风神牌,东风汽车集团有限公司,160,ambiguous,120,120,智新科技股份有限公司,,,,,,,,,,,,,Copyright © 2026 David YE
1846,377,FZ6470BEVC10A,零跑牌,零跑汽车有限公司,170,ambiguous,170,170,金华凌昇动力科技有限公司 ,,,,,,,,,,,,,Copyright © 2026 David YE
1847,377,FZ6470BEVC10D,零跑牌,零跑汽车有限公司,170,ambiguous,170,170,金华凌昇动力科技有限公司 ,,,,,,,,,,,,,Copyright © 2026 David YE
1848,377,GAM6450BEVD1A,埃安(AION)牌,广汽乘用车有限公司,100,ambiguous,,,苏州汇川联合动力系统股份有限公司,,,,,,,,,,,,,Copyright © 2026 David YE
1849,377,GAM6450BEVD1D,埃安(AION)牌,广汽乘用车有限公司,100,ambiguous,,,苏州汇川联合动力系统股份有限公司,,,,,,,,,,,,,Copyright © 2026 David YE
1850,377,GAM6450BEVD1E,埃安(AION)牌,广汽乘用车有限公司,150,ambiguous,,,苏州汇川联合动力系统股份有限公司,,,,,,,,,,,,,Copyright © 2026 David YE
1851,377,GAM6490BEVH0G,埃安(AION)牌,广汽乘用车有限公司,180,ambiguous,,,尼得科汽车马达（浙江）有限公司,,,,,,,,,,,,,Copyright © 2026 David YE
1852,377,GAM6490BEVH0N,埃安(AION)牌,广汽乘用车有限公司,180,ambiguous,,,尼得科汽车马达（浙江）有限公司,,,,,,,,,,,,,Copyright © 2026 David YE
1853,377,GAM7001BEVA1L,埃安(AION)牌,广汽乘用车有限公司,100,ambiguous,,,苏州汇川联合动力系统股份有限公司,,,,,,,,,,,,,Copyright © 2026 David YE
1854,377,GAM7001BEVA1M,埃安(AION)牌,广汽乘用车有限公司,100,ambiguous,,,苏州汇川联合动力系统股份有限公司,,,,,,,,,,,,,Copyright © 2026 David YE
1855,377,GAM7001BEVA1N,埃安(AION)牌,广汽乘用车有限公司,150,ambiguous,,,苏州汇川联合动力系统股份有限公司,,,,,,,,,,,,,Copyright © 2026 David YE
1856,377,HKL7000BEV,大马牌,江苏九龙汽车制造有限公司,100,ambiguous,,,珠海英搏尔电气股份有限公司,,,,,,,,,,,,,Copyright © 2026 David YE
1857,377,HKL7001BEV,大马牌,江苏九龙汽车制造有限公司,23,ambiguous,,,山东双林新能源科技有限公司,,,,,,,,,,,,,Copyright © 2026 David YE
1858,377,JL7007BEV11,几何牌,浙江豪情汽车制造有限公司,30,ambiguous,120,120,合肥巨一动力系统有限公司,,,,,,,,,,,,,Copyright © 2026 David YE
1859,377,JL7007BEV12,几何牌,浙江豪情汽车制造有限公司,30,ambiguous,120,120,合肥巨一动力系统有限公司,,,,,,,,,,,,,Copyright © 2026 David YE
1860,377,JL7007BEV13,几何牌,浙江豪情汽车制造有限公司,30,ambiguous,120,120,浙江奥思伟尔电动科技有限公司,,,,,,,,,,,,,Copyright © 2026 David YE
1861,377,JL7007BEV14,几何牌,浙江豪情汽车制造有限公司,30,ambiguous,120,120,浙江奥思伟尔电动科技有限公司,,,,,,,,,,,,,Copyright © 2026 David YE
1862,377,JL7007BEV15,几何牌,浙江豪情汽车制造有限公司,30,ambiguous,120,120,尼得科（上海）国际贸易有限公司,,,,,,,,,,,,,Copyright © 2026 David YE
1863,377,JX7001ESNBEV,易至牌,江西江铃集团新能源汽车有限公司,40,ambiguous,,,合肥巨一动力系统有限公司,,,,,,,,,,,,,Copyright © 2026 David YE
1865,377,LZW7004EVA6,五菱牌,上汽通用五菱汽车股份有限公司,20,ambiguous,30,30,浙江方正电机股份有限公司,,,,,,,,,,,,,Copyright © 2026 David YE
1866,377,MR7005BEV11,极氪牌,浙江吉利汽车有限公司,310,ambiguous,160,160,衢州极电电动汽车技术有限公司,,,,,,,,,,,,,Copyright © 2026 David YE
1867,377,MR7005BEV12,极氪牌,浙江吉利汽车有限公司,310,ambiguous,160,160,衢州极电电动汽车技术有限公司,,,,,,,,,,,,,Copyright © 2026 David YE
1871,377,NEQ7000BEVJH11Q,奇瑞牌,奇瑞新能源汽车股份有限公司,30,ambiguous,,,奇瑞新能源汽车股份有限公司,,,,,,,,,,,,,Copyright © 2026 David YE
1872,377,NJL6472BEV500,创维牌,南京金龙客车制造有限公司,250,ambiguous,,,合肥钧联汽车电子有限公司,,,,,,,,,,,,,Copyright © 2026 David YE
1873,377,SQR7000BEVE036,星途牌,奇瑞汽车股份有限公司,185,ambiguous,130,130,联合汽车电子有限公司,,,,,,,,,,,,,Copyright © 2026 David YE
1874,377,THZ7001BEVS113,哪吒牌,合众新能源汽车股份有限公司,70,ambiguous,,,株洲中车时代电气股份有限公司,,,,,,,,,,,,,Copyright © 2026 David YE
1875,377,THZ7001BEVS114,哪吒牌,合众新能源汽车股份有限公司,70,ambiguous,,,珠海英搏尔电气股份有限公司,,,,,,,,,,,,,Copyright © 2026 David YE
1876,377,YQZ6493BEVY,悦达牌,江苏悦达起亚汽车有限公司,247,ambiguous,,, 联合汽车电子有限公司,,,,,,,,,,,,,Copyright © 2026 David YE
1877,377,BJ7205RELHEV,梅赛德斯-奔驰(Mercedes-Ben...,北京奔驰汽车有限公司,,blank,,,,,,,,,,,,,,,,Copyright © 2026 David YE
1878,377,CA6471B6PHEVA,一汽牌,中国第一汽车集团有限公司,,blank,180,180,,,,,,,,,,,,,,Copyright © 2026 David YE
1879,377,CA6520HA6PHEVTX,红旗牌,中国第一汽车集团有限公司,,blank,180,180,,,,,,,,,,,,,,Copyright © 2026 David YE
1880,377,CC6542BD23BPHEV,魏牌牌,长城汽车股份有限公司,,blank,126,126,,,,,,,,,,,,,,Copyright © 2026 David YE
1881,377,FZ6470SHEVC10B,零跑牌,零跑汽车有限公司,170,ambiguous,170,170,,,,,,,,,,,,,,Copyright © 2026 David YE
1882,377,HFC6524PHEV1C7,瑞风牌,安徽江淮汽车集团股份有限公司,,blank,130,130,,,,,,,,,,,,,,Copyright © 2026 David YE
1883,377,QAC6452SHEVBC6,天际牌,福建天际汽车制造有限公司,150,ambiguous,,,,,,,,,,,,,,,,Copyright © 2026 David YE
1884,377,QCJ6520MT6HEV7,腾势牌,比亚迪汽车工业有限公司,前:170kW/后:45kW,power_only,180,180,,,,,,,,,,,,,,Copyright © 2026 David YE
1885,377,SC6471DGA6PHEV,长安牌,重庆铃耀汽车有限公司,158,ambiguous,,,,,,,,,,,,,,,,Copyright © 2026 David YE
1887,377,SKE6500SSHEVR3,赛力斯牌,赛力斯汽车有限公司,200,ambiguous,,,,,,,,,,,,,,,,Copyright © 2026 David YE
1888,377,SQR6450CHEVT1EJ,奇瑞牌,奇瑞汽车股份有限公司,,blank,130,130,,,,,,,,,,,,,,Copyright © 2026 David YE
1889,377,SQR6480CHEVF27,捷途牌,奇瑞商用车(安徽)有限公司,,blank,,,,,,,,,,,,,,,,Copyright © 2026 David YE
1890,377,SQR6480CHEVT22,星途牌,奇瑞汽车股份有限公司,,blank,130,130,,,,,,,,,,,,,,Copyright © 2026 David YE
1891,377,SQR7150CHEVM1E,奇瑞牌,奇瑞汽车股份有限公司,,blank,130,130,,,,,,,,,,,,,,Copyright © 2026 David YE
1892,378,BAW7000UB45BEV,燕铃牌,北京汽车制造厂有限公司,20,ambiguous,110,110,合普动力股份有限公司 ,,,,,,,,,,,,,Copyright © 2026 David YE
1893,378,BJ6480A608BEV,极狐(ARCFOX)牌,北汽蓝谷麦格纳汽车有限公司,175,ambiguous,175,175,北京新能源汽车股份有限公司,,,,,,,,,,,,,Copyright © 2026 David YE
1894,378,BJ6539EVAA4,福田牌,北汽福田汽车股份有限公司,85,ambiguous,,,北汽福田汽车股份有限公司,,,,,,,,,,,,,Copyright © 2026 David YE
1895,378,BJ6552EVAA,福田牌,北汽福田汽车股份有限公司,135,ambiguous,,,北汽福田汽车股份有限公司,,,,,,,,,,,,,Copyright © 2026 David YE
1896,378,BJ6552EVAA1,福田牌,北汽福田汽车股份有限公司,135,ambiguous,,,北汽福田汽车股份有限公司,,,,,,,,,,,,,Copyright © 2026 David YE
1897,378,BMW7001ADEV,宝马(BMW)牌,华晨宝马汽车有限公司,250,ambiguous,240,240, 采埃孚电驱动科技(沈阳)有限公司,,,,,,,,,,,,,Copyright © 2026 David YE
1898,378,BMW7001AEEV,宝马(BMW)牌,华晨宝马汽车有限公司,250,ambiguous,240,240,采埃孚电驱动科技(沈阳)有限公司,,,,,,,,,,,,,Copyright © 2026 David YE
1899,378,BMW7001AFEV,宝马(BMW)牌,华晨宝马汽车有限公司,250,ambiguous,240,240,采埃孚电驱动科技(沈阳)有限公司,,,,,,,,,,,,,Copyright © 2026 David YE
1900,378,BYD6433SBEV,比亚迪牌,比亚迪汽车工业有限公司,70,ambiguous,180,180,长沙市比亚迪汽车有限公司,,,,,,,,,,,,,Copyright © 2026 David YE
1901,378,BYD6433SBEV1,比亚迪牌,比亚迪汽车工业有限公司,70,ambiguous,180,180,长沙市比亚迪汽车有限公司,,,,,,,,,,,,,Copyright © 2026 David YE
1902,378,BYD6433SBEV2,比亚迪牌,比亚迪汽车工业有限公司,130,ambiguous,180,180,合肥比亚迪汽车有限公司,,,,,,,,,,,,,Copyright © 2026 David YE
1904,378,CGC6521BEV2S6,大运牌,成都大运汽车集团有限公司,250,ambiguous,,,联合汽车电子有限公司,,,,,,,,,,,,,Copyright © 2026 David YE
1906,378,CGC7000BEV2J13,大运牌,成都大运汽车集团有限公司,250,ambiguous,,,联合汽车电子有限公司,,,,,,,,,,,,,Copyright © 2026 David YE
1907,378,CSA7005DBEV6,飞凡牌,上海汽车集团股份有限公司,150,ambiguous,180,180,华域汽车电动系统有限公司,,,,,,,,,,,,,Copyright © 2026 David YE
1908,378,CSA7005DBEV7,飞凡牌,上海汽车集团股份有限公司,180,ambiguous,180,180,华域汽车电动系统有限公司,,,,,,,,,,,,,Copyright © 2026 David YE
1909,378,CSA7005DSEV4,飞凡牌,上海汽车集团股份有限公司,150,ambiguous,180,180,华域汽车电动系统有限公司,,,,,,,,,,,,,Copyright © 2026 David YE
1910,378,CSA7005DSEV5,飞凡牌,上海汽车集团股份有限公司,180,ambiguous,180,180,华域汽车电动系统有限公司,,,,,,,,,,,,,Copyright © 2026 David YE
1911,378,DC7006XSAXBEVN,东风标致牌,神龙汽车有限公司,120,ambiguous,,,珠海英搏尔电气股份有限公司,,,,,,,,,,,,,Copyright © 2026 David YE
1912,378,DFM7000A2F3BEV,东风牌,东风汽车集团有限公司,70,ambiguous,120,120,智新科技股份有限公司,,,,,,,,,,,,,Copyright © 2026 David YE
1913,378,DFM7000A2F4BEV,东风牌,东风汽车集团有限公司,70,ambiguous,120,120,智新科技股份有限公司,,,,,,,,,,,,,Copyright © 2026 David YE
1914,378,FZ6470BEVC10C,零跑牌,零跑汽车有限公司,170,ambiguous,170,170,金华凌昇动力科技有限公司,,,,,,,,,,,,,Copyright © 2026 David YE
1915,378,GAM6450BEVD1B,埃安(AION)牌,广汽乘用车有限公司,100,ambiguous,,,苏州汇川联合动力系统股份有限公司,,,,,,,,,,,,,Copyright © 2026 David YE
1916,378,GAM6490BEVH0Q,埃安(AION)牌,广汽乘用车有限公司,180,ambiguous,,,锐湃动力科技有限公司,,,,,,,,,,,,,Copyright © 2026 David YE
1917,378,GAM6490BEVH0R,埃安(AION)牌,广汽乘用车有限公司,250,ambiguous,,,锐湃动力科技有限公司,,,,,,,,,,,,,Copyright © 2026 David YE
1918,378,HFC6511REV3C7,瑞风牌,安徽江淮汽车集团股份有限公司,130,ambiguous,130,130,柳州五菱柳机动力有限公司,,,,,,,,,,,,,Copyright © 2026 David YE
1919,378,JL6501BEV01,远程牌,浙江豪情汽车制造有限公司,200,ambiguous,120,120,威睿电动汽车技术（宁波）有限公司,,,,,,,,,,,,,Copyright © 2026 David YE
1920,378,JL6551BEV01,远程牌,浙江豪情汽车制造有限公司,200,ambiguous,120,120,威睿电动汽车技术（宁波）有限公司,,,,,,,,,,,,,Copyright © 2026 David YE
1922,378,LZW7007EVA4,五菱牌,上汽通用五菱汽车股份有限公司,30,ambiguous,30,30,宁波双林汽车部件股份有限公司柳州分公司,,,,,,,,,,,,,Copyright © 2026 David YE
1923,378,MR6491BEV04,极越牌,浙江吉利汽车有限公司,200,ambiguous,160,160,威睿电动汽车技术（宁波）有限公司,,,,,,,,,,,,,Copyright © 2026 David YE
1925,378,MR6535BEV01,翼真牌,浙江吉利汽车有限公司,200,ambiguous,160,160,威睿电动汽车技术(宁波)有限公司,,,,,,,,,,,,,Copyright © 2026 David YE
1926,378,MR6535BEV04,翼真牌,浙江吉利汽车有限公司,200,ambiguous,160,160,威睿电动汽车技术(宁波)有限公司,,,,,,,,,,,,,Copyright © 2026 David YE
1927,378,MR6535BEV05,翼真牌,浙江吉利汽车有限公司,200,ambiguous,160,160,威睿电动汽车技术(宁波)有限公司,,,,,,,,,,,,,Copyright © 2026 David YE
1938,378,NJ6540FBEV88T,大通牌,南京汽车集团有限公司,150,ambiguous,,,珠海英搏尔电气股份有限公司,,,,,,,,,,,,,Copyright © 2026 David YE
1940,378,SC6453BBFBEV,长安牌,河北长安汽车有限公司,60,ambiguous,,,苏州汇川联合动力系统有限公司,,,,,,,,,,,,,Copyright © 2026 David YE
1941,378,SC6480PQ6B2BEV,长安牌,重庆长安汽车股份有限公司,60,ambiguous,160,160,苏州汇川联合动力系统股份有限公司,,,,,,,,,,,,,Copyright © 2026 David YE
1942,378,SC6483ABGBEV,长安牌,河北长安汽车有限公司,60,ambiguous,,,苏州汇川联合动力系统有限公司,,,,,,,,,,,,,Copyright © 2026 David YE
1943,378,SC7001FBABEV,长安牌,合肥长安汽车有限公司,35,ambiguous,,,重庆青山工业有限责任公司,,,,,,,,,,,,,Copyright © 2026 David YE
1944,378,SGM6491BDBEV,别克(BUICK)牌,上汽通用汽车有限公司,180,ambiguous,130,130,上汽通用汽车有限公司,,,,,,,,,,,,,Copyright © 2026 David YE
1945,378,SGM7008LMBEV,别克(BUICK)牌,上汽通用汽车有限公司,130,ambiguous,130,130,联合汽车电子有限公司,,,,,,,,,,,,,Copyright © 2026 David YE
1946,378,SH6481U1BEV-J51,大通牌,上汽大通汽车有限公司,120,ambiguous,,,珠海英搏尔电气股份有限公司,,,,,,,,,,,,,Copyright © 2026 David YE
1947,378,SH6552J1BEV-4,大通牌,上汽大通汽车有限公司,150,ambiguous,,,上海汽车变速器有限公司,,,,,,,,,,,,,Copyright © 2026 David YE
1948,378,SQR7000BEVEH33,奇瑞牌,奇瑞汽车股份有限公司,215,ambiguous,130,130,华为数字能源技术有限公司,,,,,,,,,,,,,Copyright © 2026 David YE
1950,378,SVW6461LEV,大众汽车(VOLKSWAGEN)牌,上汽大众汽车有限公司,125,ambiguous,150,150,大众汽车自动变速器(天津)有限公司,,,,,,,,,,,,,Copyright © 2026 David YE
1951,378,SVW6492NEV,大众汽车(VOLKSWAGEN)牌,上汽大众汽车有限公司,150,ambiguous,150,150,联合汽车电子有限公司,,,,,,,,,,,,,Copyright © 2026 David YE
1952,378,SVW7000CEV,大众汽车(VOLKSWAGEN)牌,上汽大众汽车有限公司,125,ambiguous,150,150,大众汽车自动变速器(天津)有限公司,,,,,,,,,,,,,Copyright © 2026 David YE
1953,378,THZ6480BEVS32B,哪吒牌,合众新能源汽车股份有限公司,170,ambiguous,,,无锡中车时代电驱科技有限公司,,,,,,,,,,,,,Copyright © 2026 David YE
1954,378,YQZ6461BEV,起亚牌,江苏悦达起亚汽车有限公司,160,ambiguous,,,纬湃汽车电子（天津）有限公司,,,,,,,,,,,,,Copyright © 2026 David YE
1956,378,CC2040BV21APHEV,长城牌,长城汽车股份有限公司,,blank,126,126,,,,,,,,,,,,,,Copyright © 2026 David YE
1957,378,CC2040BV21EPHEV,长城牌,长城汽车股份有限公司,,blank,126,126,,,,,,,,,,,,,,Copyright © 2026 David YE
1958,378,EQ2045RMV6REEV,猛士牌,东风汽车集团有限公司,,blank,120,120,,,,,,,,,,,,,,Copyright © 2026 David YE
1959,378,LZ6480M15B1PHEV,东风牌,东风柳州汽车有限公司,,blank,,,,,,,,,,,,,,,,Copyright © 2026 David YE
1960,378,LZW7154KBUPHEVA3,五菱牌,上汽通用五菱汽车股份有限公司,,blank,30,30,,,,,,,,,,,,,,Copyright © 2026 David YE
1961,378,LZW7154KBUPHEVA4,五菱牌,上汽通用五菱汽车股份有限公司,,blank,30,30,,,,,,,,,,,,,,Copyright © 2026 David YE
1962,378,MR6501DPHEV04,领克牌,浙江吉利汽车有限公司,,blank,160,160,,,,,,,,,,,,,,Copyright © 2026 David YE
1963,378,QCJ2030ST6HEV1,方程豹牌,比亚迪汽车工业有限公司,前200kW/后285kW,power_only,180,180,,,,,,,,,,,,,,Copyright © 2026 David YE
1964,378,SC7157ABA6HEV,长安牌,重庆长安汽车股份有限公司,,blank,175,175,,,,,,,,,,,,,,Copyright © 2026 David YE
1965,378,SGM6470DACHEV,雪佛兰(CHEVROLET)牌,上汽通用汽车有限公司,140,ambiguous,130,130,,,,,,,,,,,,,,Copyright © 2026 David YE
1966,378,SH6486N1PHEV,大通牌,上汽大通汽车有限公司,60,ambiguous,,,,,,,,,,,,,,,,Copyright © 2026 David YE
1967,378,THZ6480SHEVS321,哪吒牌,合众新能源汽车股份有限公司,170,ambiguous,,,,,,,,,,,,,,,,Copyright © 2026 David YE
1968,378,THZ6480SHEVS322,哪吒牌,合众新能源汽车股份有限公司,170,ambiguous,,,,,,,,,,,,,,,,Copyright © 2026 David YE
1969,378,WHJ6470CHEVFX12,凯翼牌,宜宾凯翼汽车有限公司,,blank,,,,,,,,,,,,,,,,Copyright © 2026 David YE
1971,379,BMW6462FAEV,宝马(BMW)牌,华晨宝马汽车有限公司,150,ambiguous,240,240,采埃孚电驱动科技(沈阳)有限公司,,,,,,,,,,,,,Copyright © 2026 David YE
1972,379,BMW6462FBEV,宝马(BMW)牌,华晨宝马汽车有限公司,150,ambiguous,240,240,采埃孚电驱动科技(沈阳)有限公司,,,,,,,,,,,,,Copyright © 2026 David YE
1973,379,BYD6486SBEV,比亚迪牌,比亚迪汽车有限公司,170,ambiguous,160,160,南京市比亚迪汽车有限公司,,,,,,,,,,,,,Copyright © 2026 David YE
1975,379,BYD6486SBEV2,比亚迪牌,比亚迪汽车有限公司,230,ambiguous,160,160,南京市比亚迪汽车有限公司,,,,,,,,,,,,,Copyright © 2026 David YE
1976,379,BYD7002BEVA14,比亚迪牌,比亚迪汽车工业有限公司,40,ambiguous,180,180,弗迪动力有限公司长沙分公司,,,,,,,,,,,,,Copyright © 2026 David YE
1977,379,BYD7004BEV9,比亚迪牌,比亚迪汽车工业有限公司,70,ambiguous,180,180,长沙市比亚迪汽车有限公司,,,,,,,,,,,,,Copyright © 2026 David YE
1978,379,CA6490H0EVB,红旗牌,中国第一汽车集团有限公司,253,ambiguous,180,180,中国第一汽车集团有限公司 ,,,,,,,,,,,,,Copyright © 2026 David YE
1980,379,CC7000BJ00NFBEV,欧拉牌,长城汽车股份有限公司,105,ambiguous,126,126,联合汽车电子有限公司,,,,,,,,,,,,,Copyright © 2026 David YE
1981,379,CSA7002EBEV2,智己牌,上海汽车集团股份有限公司,250,ambiguous,180,180,华域汽车电动系统有限公司,,,,,,,,,,,,,Copyright © 2026 David YE
1983,379,DHW7001RMBEV,本田(HONDA)牌,东风本田汽车有限公司,150,ambiguous,,,纬湃汽车电子(天津)有限公司,,,,,,,,,,,,,Copyright © 2026 David YE
1984,379,FV6465BBCBEV,大众牌,一汽-大众汽车有限公司,150,ambiguous,,,大众汽车自动变速器（天津）有限公司,,,,,,,,,,,,,Copyright © 2026 David YE
1986,379,FV6469AABBEV,奥迪(AUDI)牌,一汽-大众汽车有限公司,150,ambiguous,,,大众汽车自动变速器（天津）有限公司,,,,,,,,,,,,,Copyright © 2026 David YE
1988,379,FV6498BBGBEV,大众牌,一汽-大众汽车有限公司,150,ambiguous,,,联合汽车电子有限公司,,,,,,,,,,,,,Copyright © 2026 David YE
1989,379,FV6498BBHBEV,大众牌,一汽-大众汽车有限公司,150,ambiguous,,,联合汽车电子有限公司,,,,,,,,,,,,,Copyright © 2026 David YE
1991,379,GAM6450BEVD1F,埃安(AION)牌,广汽乘用车有限公司,150,ambiguous,,,苏州汇川联合动力系统股份有限公司,,,,,,,,,,,,,Copyright © 2026 David YE
1992,379,GHA7000UAN0ABEV,本田(HONDA)牌,广汽本田汽车有限公司,150,ambiguous,,,纬湃汽车电子(天津)有限公司 ,,,,,,,,,,,,,Copyright © 2026 David YE
1993,379,JHC6480BEV71,远程牌,山西新能源汽车工业有限公司,60,ambiguous,110,110,湖州智芯动力系统发展有限公司,,,,,,,,,,,,,Copyright © 2026 David YE
1994,379,JL7000BEV51,精灵(smart)牌,浙江豪情汽车制造有限公司,200,ambiguous,120,120,威睿电动汽车技术(宁波)有限公司,,,,,,,,,,,,,Copyright © 2026 David YE
1996,379,LZD7001BEV20,知豆牌,兰州知豆电动汽车有限公司,20,ambiguous,,,合普动力股份有限公司,,,,,,,,,,,,,Copyright © 2026 David YE
1997,379,LZW7007EVC1,五菱牌,上汽通用五菱汽车股份有限公司,75,ambiguous,30,30,山东双林新能源科技有限公司,,,,,,,,,,,,,Copyright © 2026 David YE
1998,379,LZW7007EVC2,五菱牌,上汽通用五菱汽车股份有限公司,75,ambiguous,30,30,山东双林新能源科技有限公司,,,,,,,,,,,,,Copyright © 2026 David YE
1999,379,LZW7009EVA3,五菱牌,上汽通用五菱汽车股份有限公司,150,ambiguous,30,30,柳州赛克科技发展有限公司,,,,,,,,,,,,,Copyright © 2026 David YE
2004,379,MR7001BEV29,极氪牌,浙江吉利汽车有限公司,310,ambiguous,370,370,衢州极电电动汽车技术有限公司,,,,,,,,,,,,,Copyright © 2026 David YE
2005,379,MR7001BEV33,极氪牌,浙江吉利汽车有限公司,310,ambiguous,370,370,衢州极电电动汽车技术有限公司,,,,,,,,,,,,,Copyright © 2026 David YE
2006,379,NJ6500FBEV57,依维柯牌,南京汽车集团有限公司,150,ambiguous,,,珠海英搏尔电气股份有限公司,,,,,,,,,,,,,Copyright © 2026 David YE
2007,379,NJ6500FBEV77,依维柯牌,南京汽车集团有限公司,150,ambiguous,,,珠海英搏尔电气股份有限公司,,,,,,,,,,,,,Copyright © 2026 David YE
2008,379,NJ6540FBEV77,依维柯牌,南京汽车集团有限公司,150,ambiguous,,,珠海英搏尔电气股份有限公司,,,,,,,,,,,,,Copyright © 2026 David YE
2009,379,NJ6540FBEV77T,大通牌,南京汽车集团有限公司,150,ambiguous,,,珠海英搏尔电气股份有限公司,,,,,,,,,,,,,Copyright © 2026 David YE
2010,379,NJ6540FBEV87,依维柯牌,南京汽车集团有限公司,150,ambiguous,,,珠海英搏尔电气股份有限公司,,,,,,,,,,,,,Copyright © 2026 David YE
2013,379,SAL7000AB00ABEV,光束(MINI)牌,光束汽车有限公司,135,ambiguous,,,联合汽车电子有限公司,,,,,,,,,,,,,Copyright © 2026 David YE
2014,379,SAL7000AB01ABEV,光束(MINI)牌,光束汽车有限公司,160,ambiguous,,,联合汽车电子有限公司,,,,,,,,,,,,,Copyright © 2026 David YE
2015,379,SC6501AAABEV,长安牌,重庆长安汽车股份有限公司,252,ambiguous,160,160,深蓝汽车科技有限公司,,,,,,,,,,,,,Copyright © 2026 David YE
2017,379,SGM6484BBBEV,雪佛兰(CHEVROLET)牌,上汽通用汽车有限公司,180,ambiguous,130,130,上汽通用汽车有限公司,,,,,,,,,,,,,Copyright © 2026 David YE
2018,379,SGM6484BCBEV,雪佛兰(CHEVROLET)牌,上汽通用汽车有限公司,150,ambiguous,130,130,上汽通用汽车有限公司,,,,,,,,,,,,,Copyright © 2026 David YE
2019,379,SH6481U1BEV-Z50,大通牌,上汽大通汽车有限公司,90,ambiguous,,,珠海英搏尔电气股份有限公司,,,,,,,,,,,,,Copyright © 2026 David YE
2020,379,SQR6500BEVE0Y5,星途牌,奇瑞汽车股份有限公司,230,ambiguous,130,130, 联合汽车电子有限公司,,,,,,,,,,,,,Copyright © 2026 David YE
2023,379,THZ7001BEVS115,哪吒牌,合众新能源汽车股份有限公司,55,ambiguous,,,株洲中车时代电气股份有限公司,,,,,,,,,,,,,Copyright © 2026 David YE
2024,379,WHJ7000BEVHH123,凯翼牌,宜宾凯翼汽车有限公司,40,ambiguous,,,菲仕绿能科技(北京)有限公司,,,,,,,,,,,,,Copyright © 2026 David YE
2025,379,WHJ7000BEVHH124,凯翼牌,宜宾凯翼汽车有限公司,40,ambiguous,,,菲仕绿能科技(北京)有限公司,,,,,,,,,,,,,Copyright © 2026 David YE
2026,379,DFM6473M5F1CHEV,东风牌,东风汽车集团有限公司,,blank,120,120,,,,,,,,,,,,,,Copyright © 2026 David YE
2027,379,DFM6473M5FCHEV,东风牌,东风汽车集团有限公司,,blank,120,120,,,,,,,,,,,,,,Copyright © 2026 David YE
2028,379,GAC6520CHEVMDA6B,传祺(Trumpchi)牌,广汽乘用车有限公司,,blank,150,150,,,,,,,,,,,,,,Copyright © 2026 David YE
2029,379,LXA6493SHEVX01,理想牌,北京理想汽车有限公司,,blank,330,330,,,,,,,,,,,,,,Copyright © 2026 David YE
2030,379,LXA6493SHEVX02,理想牌,北京理想汽车有限公司,,blank,330,330,,,,,,,,,,,,,,Copyright © 2026 David YE
2031,379,LXA6502SHEVX05,理想牌,北京理想汽车有限公司,,blank,330,330,,,,,,,,,,,,,,Copyright © 2026 David YE
2032,379,LXA6502SHEVX06,理想牌,北京理想汽车有限公司,,blank,330,330,,,,,,,,,,,,,,Copyright © 2026 David YE
2033,379,LXA6502SHEVX07,理想牌,北京理想汽车有限公司,,blank,330,330,,,,,,,,,,,,,,Copyright © 2026 David YE
2034,379,LXA6502SHEVX08,理想牌,北京理想汽车有限公司,,blank,330,330,,,,,,,,,,,,,,Copyright © 2026 David YE
2035,379,LXA6511SHEVX06,理想牌,北京理想汽车有限公司,,blank,330,330,,,,,,,,,,,,,,Copyright © 2026 David YE
2036,379,LXA6511SHEVX07,理想牌,北京理想汽车有限公司,,blank,330,330,,,,,,,,,,,,,,Copyright © 2026 David YE
2037,379,LXA6511SHEVX08,理想牌,北京理想汽车有限公司,,blank,330,330,,,,,,,,,,,,,,Copyright © 2026 David YE
2038,379,LXA6511SHEVX09,理想牌,北京理想汽车有限公司,,blank,330,330,,,,,,,,,,,,,,Copyright © 2026 David YE
2039,379,LXA6520SHEVX05,理想牌,北京理想汽车有限公司,,blank,330,330,,,,,,,,,,,,,,Copyright © 2026 David YE
2040,379,LZ6520M15B0PHEV,东风牌,东风柳州汽车有限公司,,blank,,,,,,,,,,,,,,,,Copyright © 2026 David YE
2041,379,SC6502AAA6HEV,长安牌,重庆长安汽车股份有限公司,185,ambiguous,160,160,,,,,,,,,,,,,,Copyright © 2026 David YE
2042,379,SC6502ACA6HEV,长安牌,重庆长安汽车股份有限公司,185,ambiguous,160,160,,,,,,,,,,,,,,Copyright © 2026 David YE
2044,379,SC7154CBE6HEV,长安牌,重庆长安汽车股份有限公司,140,ambiguous,160,160,,,,,,,,,,,,,,Copyright © 2026 David YE
2045,379,SC7154CBF6HEV,长安牌,重庆长安汽车股份有限公司,158,ambiguous,160,160,,,,,,,,,,,,,,Copyright © 2026 David YE
2046,379,SC7157BAE6HEV,长安牌,重庆长安汽车股份有限公司,158,ambiguous,160,160,,,,,,,,,,,,,,Copyright © 2026 David YE
2049,379,SQR6481CHEVF26,捷途牌,奇瑞商用车(安徽)有限公司,,blank,,,,,,,,,,,,,,,,Copyright © 2026 David YE
2050,379,THZ6480SHEVS323,哪吒牌,合众新能源汽车股份有限公司,170,ambiguous,,,,,,,,,,,,,,,,Copyright © 2026 David YE
2051,379,VCC6474G69UPHEV,沃尔沃牌,浙江豪情汽车制造有限公司,,blank,,,,,,,,,,,,,,,,Copyright © 2026 David YE
2052,380,BAW6521MAM1BEV,锐胜牌,北京汽车制造厂有限公司,170,ambiguous,110,110,菲仕绿能科技（北京）有限公司,,,,,,,,,,,,,Copyright © 2026 David YE
2053,380,BAW6521MAMBEV,锐胜牌,北京汽车制造厂有限公司,170,ambiguous,110,110,菲仕绿能科技（北京）有限公司,,,,,,,,,,,,,Copyright © 2026 David YE
2054,380,BJ7001A514BEV,极狐(ARCFOX)牌,北汽蓝谷麦格纳汽车有限公司,200,ambiguous,175,175,北京新能源汽车股份有限公司,,,,,,,,,,,,,Copyright © 2026 David YE
2055,380,CA7001H0EVC,红旗牌,中国第一汽车集团有限公司,253,ambiguous,180,180,中国第一汽车集团有限公司,,,,,,,,,,,,,Copyright © 2026 David YE
2056,380,CA7001H0EVD,红旗牌,中国第一汽车集团有限公司,253,ambiguous,180,180,中国第一汽车集团有限公司,,,,,,,,,,,,,Copyright © 2026 David YE
2061,380,CSA7002EBEV1,智己牌,上海汽车集团股份有限公司,216,ambiguous,180,180,华域汽车电动系统有限公司,,,,,,,,,,,,,Copyright © 2026 David YE
2062,380,CSA7002EBEV3,智己牌,上海汽车集团股份有限公司,300,ambiguous,180,180,华域汽车电动系统有限公司,,,,,,,,,,,,,Copyright © 2026 David YE
2063,380,CSA7002EBEV5,智己牌,上海汽车集团股份有限公司,248,ambiguous,180,180,华域汽车电动系统有限公司,,,,,,,,,,,,,Copyright © 2026 David YE
2064,380,DFM6500S5F2BEV,东风牌,东风汽车集团有限公司,200,ambiguous,120,120,智新科技股份有限公司,,,,,,,,,,,,,Copyright © 2026 David YE
2065,380,FZ6470BEVC10F,零跑牌,零跑汽车有限公司,170,ambiguous,170,170,金华凌昇动力科技有限公司,,,,,,,,,,,,,Copyright © 2026 David YE
2066,380,FZ7000BEV16,零跑牌,零跑汽车有限公司,40,ambiguous,170,170,格雷博智能动力科技有限公司,,,,,,,,,,,,,Copyright © 2026 David YE
2067,380,FZ7000BEVC01R,零跑牌,零跑汽车有限公司,200,ambiguous,170,170,金华零跑新能源汽车零部件技术有限公司,,,,,,,,,,,,,Copyright © 2026 David YE
2068,380,FZ7000BEVC01S,零跑牌,零跑汽车有限公司,200,ambiguous,170,170,金华零跑新能源汽车零部件技术有限公司,,,,,,,,,,,,,Copyright © 2026 David YE
2069,380,HFC6521EV3C8,江淮牌,安徽江淮汽车集团股份有限公司,130,ambiguous,130,130,柳州五菱柳机动力有限公司,,,,,,,,,,,,,Copyright © 2026 David YE
2070,380,HFC6521EV3C8G,江淮牌,安徽江淮汽车集团股份有限公司,130,ambiguous,130,130,柳州五菱柳机动力有限公司,,,,,,,,,,,,,Copyright © 2026 David YE
2071,380,HFC7002EWEV4,江淮牌,安徽江淮汽车集团股份有限公司,60,ambiguous,130,130,合肥道一动力科技有限公司,,,,,,,,,,,,,Copyright © 2026 David YE
2072,380,HKL7001BEV1,大马牌,江苏九龙汽车制造有限公司,23,ambiguous,,,山东双林新能源科技有限公司,,,,,,,,,,,,,Copyright © 2026 David YE
2073,380,LZD7001BEV21,知豆牌,兰州知豆电动汽车有限公司,20,ambiguous,,,合普动力股份有限公司,,,,,,,,,,,,,Copyright © 2026 David YE
2074,380,LZD7001BEV22,知豆牌,兰州知豆电动汽车有限公司,30,ambiguous,,,合普动力股份有限公司,,,,,,,,,,,,,Copyright © 2026 David YE
2076,380,SH6481U1BEV-Z50,大通牌,上汽大通汽车有限公司,90,ambiguous,,,珠海英搏尔电气股份有限公司,,,,,,,,,,,,,Copyright © 2026 David YE
2077,380,SQR7000BEVE037,星途牌,奇瑞汽车股份有限公司,230,ambiguous,130,130,联合汽车电子有限公司,,,,,,,,,,,,,Copyright © 2026 David YE
2079,380,SQR7001BEVE037,星途牌,奇瑞汽车股份有限公司,230,ambiguous,130,130,联合汽车电子有限公司,,,,,,,,,,,,,Copyright © 2026 David YE
2081,380,SVW7001DEV,大众汽车(VOLKSWAGEN)牌,上汽大众汽车有限公司,170,ambiguous,150,150,大众汽车自动变速器(天津)有限公司,,,,,,,,,,,,,Copyright © 2026 David YE
2082,380,SVW7001FEV,大众汽车(VOLKSWAGEN)牌,上汽大众汽车有限公司,170,ambiguous,150,150,大众汽车自动变速器(天津)有限公司,,,,,,,,,,,,,Copyright © 2026 David YE
2083,380,THZ6460BEVS37H,哪吒牌,合众新能源汽车股份有限公司,120;120,ambiguous,,,菲仕绿能科技（北京）有限公司;无锡中车时代电驱科技有限公司,,,,,,,,,,,,,Copyright © 2026 David YE
2084,380,THZ6460BEVS37J,哪吒牌,合众新能源汽车股份有限公司,120;120,ambiguous,,,菲仕绿能科技（北京）有限公司;无锡中车时代电驱科技有限公司,,,,,,,,,,,,,Copyright © 2026 David YE
2085,380,THZ6480BEVS32A,哪吒牌,合众新能源汽车股份有限公司,170,ambiguous,,,无锡中车时代电驱科技有限公司,,,,,,,,,,,,,Copyright © 2026 David YE
2086,380,BYD7150ADHEV1,比亚迪牌,比亚迪汽车工业有限公司,120,ambiguous,180,180,,,,,,,,,,,,,,Copyright © 2026 David YE
2087,380,BYD7150ADHEV2,比亚迪牌,比亚迪汽车工业有限公司,160,ambiguous,180,180,,,,,,,,,,,,,,Copyright © 2026 David YE
2088,380,BYD7153WT6HEV,比亚迪牌,比亚迪汽车工业有限公司,120,ambiguous,180,180,,,,,,,,,,,,,,Copyright © 2026 David YE
2089,380,BYD7153WT6HEV1,比亚迪牌,比亚迪汽车工业有限公司,160,ambiguous,180,180,,,,,,,,,,,,,,Copyright © 2026 David YE
2090,380,BYD7153WT6HEV2,比亚迪牌,比亚迪汽车工业有限公司,160,ambiguous,180,180,,,,,,,,,,,,,,Copyright © 2026 David YE
2091,380,CA6500HA6PHEVT,红旗牌,中国第一汽车集团有限公司,,blank,180,180,,,,,,,,,,,,,,Copyright © 2026 David YE
2092,380,CA6500HA6PHEVTX,红旗牌,中国第一汽车集团有限公司,,blank,180,180,,,,,,,,,,,,,,Copyright © 2026 David YE
2093,380,CC2030BE28APHEV,长城牌,长城汽车股份有限公司,,blank,126,126,,,,,,,,,,,,,,Copyright © 2026 David YE
2094,380,CC2030BN24APHEV,长城牌,长城汽车股份有限公司,,blank,126,126,,,,,,,,,,,,,,Copyright © 2026 David YE
2095,380,CC2030BR24APHEV,长城牌,长城汽车股份有限公司,,blank,126,126,,,,,,,,,,,,,,Copyright © 2026 David YE
2096,380,CC6500BD02CPHEV,魏牌牌,长城汽车股份有限公司,,blank,126,126,,,,,,,,,,,,,,Copyright © 2026 David YE
2097,380,DFM6500S5F3REEV,东风牌,东风汽车集团有限公司,,blank,120,120,,,,,,,,,,,,,,Copyright © 2026 David YE
2098,380,FZ6470SHEVC10E,零跑牌,零跑汽车有限公司,170,ambiguous,170,170,,,,,,,,,,,,,,Copyright © 2026 David YE
2099,380,FZ6480SHEV25,零跑牌,零跑汽车有限公司,200,ambiguous,170,170,,,,,,,,,,,,,,Copyright © 2026 David YE
2100,380,FZ6480SHEV26,零跑牌,零跑汽车有限公司,200,ambiguous,170,170,,,,,,,,,,,,,,Copyright © 2026 David YE
2101,380,FZ6480SHEV27,零跑牌,零跑汽车有限公司,200,ambiguous,170,170,,,,,,,,,,,,,,Copyright © 2026 David YE
2102,380,FZ7150SHEVC01M,零跑牌,零跑汽车有限公司,200,ambiguous,170,170,,,,,,,,,,,,,,Copyright © 2026 David YE
2103,380,FZ7150SHEVC01N,零跑牌,零跑汽车有限公司,200,ambiguous,170,170,,,,,,,,,,,,,,Copyright © 2026 David YE
2104,380,FZ7150SHEVC01P,零跑牌,零跑汽车有限公司,200,ambiguous,170,170,,,,,,,,,,,,,,Copyright © 2026 David YE
2105,380,HFC6463E1PHEV2,江淮牌,安徽江淮汽车集团股份有限公司,,blank,130,130,,,,,,,,,,,,,,Copyright © 2026 David YE
2106,380,HFC6482ECPHEV2S,江淮牌,安徽江淮汽车集团股份有限公司,,blank,130,130,,,,,,,,,,,,,,Copyright © 2026 David YE
2107,380,HFC6511RPHEV1C7S,江淮牌,安徽江淮汽车集团股份有限公司,,blank,130,130,,,,,,,,,,,,,,Copyright © 2026 David YE
2108,380,MR7151DCHEV01,领克牌,浙江吉利汽车有限公司,,blank,160,160,,,,,,,,,,,,,,Copyright © 2026 David YE
2109,380,SH6491N1CHEV,大通牌,上汽大通汽车有限公司,176,ambiguous,,,,,,,,,,,,,,,,Copyright © 2026 David YE
2110,380,SH6492N1CHEV,大通牌,上汽大通汽车有限公司,176,ambiguous,,,,,,,,,,,,,,,,Copyright © 2026 David YE
2111,380,SH6531T1CHEV,大通牌,上汽大通汽车有限公司,176,ambiguous,,,,,,,,,,,,,,,,Copyright © 2026 David YE
2112,380,SH6532T1CHEV,大通牌,上汽大通汽车有限公司,176,ambiguous,,,,,,,,,,,,,,,,Copyright © 2026 David YE
2113,380,SQR6480CHEVT28,奇瑞牌,奇瑞汽车股份有限公司,,blank,130,130,,,,,,,,,,,,,,Copyright © 2026 David YE
2114,380,SQR6500REEVE0Y,星途牌,奇瑞汽车股份有限公司,,blank,130,130,,,,,,,,,,,,,,Copyright © 2026 David YE
2115,380,THZ6480SHEVS324,哪吒牌,合众新能源汽车股份有限公司,170,ambiguous,,,,,,,,,,,,,,,,Copyright © 2026 David YE
2116,381,BJ7000K713BEV,华彰牌,北京新能源汽车股份有限公司,227,ambiguous,160,160,华为数字能源技术有限公司,,,,,,,,,,,,,Copyright © 2026 David YE
2117,381,BJ7000K714BEV,华彰牌,北京新能源汽车股份有限公司,227,ambiguous,160,160,华为数字能源技术有限公司,,,,,,,,,,,,,Copyright © 2026 David YE
2119,381,BJ7000MBEVR3,小米牌,北京汽车集团越野车有限公司,220,ambiguous,,,联合汽车电子有限公司,TZ220XS000,,,,,,,,,,,,Copyright © 2026 David YE
2120,381,BYD7006BEVA10,比亚迪牌,比亚迪汽车有限公司,230,ambiguous,160,160,南京市比亚迪汽车有限公司 ,TZ200XYT,,,,,,,,,,,,Copyright © 2026 David YE
2121,381,BYD7006BEVA6,比亚迪牌,比亚迪汽车有限公司,170,ambiguous,160,160,南京市比亚迪汽车有限公司 ,TZ200XYS,,,,,,,,,,,,Copyright © 2026 David YE
2123,381,CA7001H0SEVA,红旗牌,中国第一汽车集团有限公司,253,ambiguous,180,180,中国第一汽车集团有限公司 ,CAM220PT8,,,,,,,,,,,,Copyright © 2026 David YE
2128,381,CSA7009DBEV5,荣威牌,上海汽车集团股份有限公司,145,ambiguous,180,180,联合汽车电子有限公司,TZ180XS1181,,,,,,,,,,,,Copyright © 2026 David YE
2129,381,DFM6500S5F3BEV,东风牌,东风汽车集团有限公司,200,ambiguous,120,120,智新科技股份有限公司,TZ200XS3ZX,,,,,,,,,,,,Copyright © 2026 David YE
2130,381,DHW7001D3BEV,灵悉牌,东风本田汽车有限公司,160,ambiguous,,,智新科技股份有限公司,TZ200XSBT1,,,,,,,,,,,,Copyright © 2026 David YE
2131,381,FV6465BDBEV,大众牌,一汽-大众汽车有限公司,170,ambiguous,,,大众汽车自动变速器（天津）有限公司,EEV,,,,,,,,,,,,Copyright © 2026 David YE
2133,381,GAH6520BEVU0C,合创牌,广汽乘用车(杭州)有限公司,202,ambiguous,,,苏州汇川联合动力系统股份有限公司,TZ190XY102,,,,,,,,,,,,Copyright © 2026 David YE
2134,381,GAM6450BEVD1J,埃安(AION)牌,广汽乘用车有限公司,150,ambiguous,165,165,锐湃动力科技有限公司,TZ180XYXOF51,,,,,,,,,,,,Copyright © 2026 David YE
2135,381,JX6480EUABEV,颐驰牌,江西江铃集团新能源汽车有限公司,110,ambiguous,,,弗迪动力有限公司长沙分公司,TZ200XSL,,,,,,,,,,,,Copyright © 2026 David YE
2136,381,LZ7000SQE0EV,东风牌,东风柳州汽车有限公司,160,ambiguous,120,120,智新科技股份有限公司,TZ200XS3F0,,,,,,,,,,,,Copyright © 2026 David YE
2137,381,LZW7004EVA7,五菱牌,上汽通用五菱汽车股份有限公司,30,ambiguous,30,30,宁波双林汽车部件股份有限公司柳州分公司,TZ155X030,,,,,,,,,,,,Copyright © 2026 David YE
2138,381,MR6471BEV02,极氪牌,浙江吉利汽车有限公司,310,ambiguous,160,160,衢州极电电动汽车技术有限公司,TZ235XYC01,,,,,,,,,,,,Copyright © 2026 David YE
2139,381,MR6471BEV04,极氪牌,浙江吉利汽车有限公司,310,ambiguous,160,160,衢州极电电动汽车技术有限公司,TZ235XYC01,,,,,,,,,,,,Copyright © 2026 David YE
2141,381,MR6535BEV09,翼真牌,浙江吉利汽车有限公司,200,ambiguous,160,160,威睿电动汽车技术(宁波)有限公司,TZ220XSA01,,,,,,,,,,,,Copyright © 2026 David YE
2142,381,NEQ7001BEVJ72E,奇瑞牌,奇瑞新能源汽车股份有限公司,36,ambiguous,36,36,奇瑞新能源汽车股份有限公司,112ABJ,,,,,,,,,,,,Copyright © 2026 David YE
2143,381,QCJ6491SBEV7,腾势牌,比亚迪汽车工业有限公司,170,ambiguous,180,180,南京市比亚迪汽车有限公司,TZ200XYS,,,,,,,,,,,,Copyright © 2026 David YE
2144,381,SAL7000AC00ABEV,光束(MINI)牌,光束汽车有限公司,135,ambiguous,,,联合汽车电子有限公司,HC0002N0,,,,,,,,,,,,Copyright © 2026 David YE
2145,381,SAL7000AC01ABEV,光束(MINI)牌,光束汽车有限公司,160,ambiguous,,,联合汽车电子有限公司,HC0002N0,,,,,,,,,,,,Copyright © 2026 David YE
2146,381,SC6480V7Q6B1BEV,长安牌,重庆长安汽车股份有限公司,60,ambiguous,160,160,武汉菱电汽车电控系统股份有限公司,/,,,,,,,,,,,,Copyright © 2026 David YE
2147,381,SC7007ABABEV,长安牌,重庆长安汽车股份有限公司,190,ambiguous,160,160,深蓝汽车科技有限公司,XTDM27,,,,,,,,,,,,Copyright © 2026 David YE
2148,381,SH6501U1BEV-J64,大通牌,上汽大通汽车有限公司,120,ambiguous,,,珠海英搏尔电气股份有限公司,/,,,,,,,,,,,,Copyright © 2026 David YE
2149,381,SH6520U1BEV-J64,大通牌,上汽大通汽车有限公司,120,ambiguous,,,珠海英博尔电气股份有限公司,/,,,,,,,,,,,,Copyright © 2026 David YE
2150,381,SH6531T1BEV-A,大通牌,上汽大通汽车有限公司,180,ambiguous,,,厦门势拓御能科技有限公司,TZ204XS1351,,,,,,,,,,,,Copyright © 2026 David YE
2151,381,SH6552J2BEV-4,大通牌,上汽大通汽车有限公司,150,ambiguous,,,珠海英搏尔电气股份有限公司,/,,,,,,,,,,,,Copyright © 2026 David YE
2154,381,THZ6460SEVS31L,哪吒牌,合众新能源汽车股份有限公司,120,ambiguous,,,无锡中车时代电驱科技有限公司,TZ165XS033,,,,,,,,,,,,Copyright © 2026 David YE
2155,381,THZ7000BEVS408,哪吒牌,合众新能源汽车股份有限公司,200,ambiguous,,,浩智科技电驱(桐城)有限公司,TZ220XSH02,,,,,,,,,,,,Copyright © 2026 David YE
2156,381,VWA64702BEV1,大众汽车牌,大众汽车（安徽）有限公司,170,ambiguous,,,大众汽车自动变速器（天津）有限公司,EEV,,,,,,,,,,,,Copyright © 2026 David YE
2158,381,YGM7009BEVBA1,领途牌,领途汽车有限公司,35,ambiguous,,,上海汽车电驱动有限公司,TZ180XS90AA,,,,,,,,,,,,Copyright © 2026 David YE
2159,381,BYD7150ADHEV4,比亚迪牌,比亚迪汽车工业有限公司,120,ambiguous,180,180,,,,,,,,,,,,,,Copyright © 2026 David YE
2160,381,BYD7153WT6HEV3,比亚迪牌,比亚迪汽车工业有限公司,120,ambiguous,180,180,,,,,,,,,,,,,,Copyright © 2026 David YE
2161,381,CC6520BP21BPHEV,魏牌牌,长城汽车股份有限公司,,blank,126,126,,,,,,,,,,,,,,Copyright © 2026 David YE
2162,381,CC6520BP21DPHEV,魏牌牌,长城汽车股份有限公司,,blank,126,126,,,,,,,,,,,,,,Copyright © 2026 David YE
2163,381,DFM6500S5F4REEV,东风牌,东风汽车集团有限公司,,blank,120,120,,,,,,,,,,,,,,Copyright © 2026 David YE
2164,381,HFC6524PHEV2C7,瑞风牌,安徽江淮汽车集团股份有限公司,,blank,130,130,,,,,,,,,,,,,,Copyright © 2026 David YE
2165,381,SQR6460CHEVF28,捷途牌,奇瑞商用车(安徽)有限公司,,blank,,,,,,,,,,,,,,,,Copyright © 2026 David YE
2166,381,SQR6480CHEVT26,奇瑞牌,奇瑞汽车股份有限公司,,blank,130,130,,,,,,,,,,,,,,Copyright © 2026 David YE
2167,381,SQR6480CHEVT261,奇瑞牌,奇瑞汽车股份有限公司,,blank,130,130,,,,,,,,,,,,,,Copyright © 2026 David YE
2168,382,BAW6521MAJ2BEV,锐胜牌,北京汽车制造厂有限公司,,blank,110,110,,,,,,,,,,,,,,Copyright © 2026 David YE
2169,382,BJ6480A60ABEV,极狐(ARCFOX)牌,北汽蓝谷麦格纳汽车有限公司,175,ambiguous,175,175,北京新能源汽车股份有限公司,TZ220XS640,,,,,,,,,,,,Copyright © 2026 David YE
2170,382,BJ7001A61JBEV,极狐(ARCFOX)牌,北汽蓝谷麦格纳汽车有限公司,175,ambiguous,175,175,北京新能源汽车股份有限公司,TZ220XS640,,,,,,,,,,,,Copyright © 2026 David YE
2171,382,BYD6486SBEV3,比亚迪牌,比亚迪汽车有限公司,170,ambiguous,160,160,南京市比亚迪汽车有限公司,TZ200XYS,,,,,,,,,,,,Copyright © 2026 David YE
2172,382,BYD7006BEVA11,比亚迪牌,比亚迪汽车有限公司,170,ambiguous,160,160,南京市比亚迪汽车有限公司,TZ200XYS,,,,,,,,,,,,Copyright © 2026 David YE
2173,382,CGC6521BEV2S10,大运远航牌,成都大运汽车集团有限公司,250,ambiguous,,,联合汽车电子有限公司,TZ220XSG00,,,,,,,,,,,,Copyright © 2026 David YE
2175,382,CGC7000BEV2J15,大运远航牌,成都大运汽车集团有限公司,250,ambiguous,,,联合汽车电子有限公司,TZ220XSG00,,,,,,,,,,,,Copyright © 2026 David YE
2177,382,CSA6492LBEV7,智己牌,上海汽车集团股份有限公司,216,ambiguous,180,180,华域汽车电动系统有限公司,TZ230XY1301,,,,,,,,,,,,Copyright © 2026 David YE
2178,382,CSA6492LBEV8,智己牌,上海汽车集团股份有限公司,248,ambiguous,180,180,华域汽车电动系统有限公司,TZ230XY1251,,,,,,,,,,,,Copyright © 2026 David YE
2179,382,CSA6492LBEV9,智己牌,上海汽车集团股份有限公司,300,ambiguous,180,180,华域汽车电动系统有限公司,TZ230XY1251,,,,,,,,,,,,Copyright © 2026 David YE
2180,382,CSA6492LBEVA,智己牌,上海汽车集团股份有限公司,250,ambiguous,180,180,华域汽车电动系统有限公司,TZ230XY1301,,,,,,,,,,,,Copyright © 2026 David YE
2182,382,CSA6493YBEV4,飞凡牌,上海汽车集团股份有限公司,150,ambiguous,180,180,华域汽车电动系统有限公司,TZ204XS1351,,,,,,,,,,,,Copyright © 2026 David YE
2183,382,CSA6493YBEV5,飞凡牌,上海汽车集团股份有限公司,165,ambiguous,180,180,华域汽车电动系统有限公司,TZ204XS1351,,,,,,,,,,,,Copyright © 2026 David YE
2184,382,CSA6493YSEV3,飞凡牌,上海汽车集团股份有限公司,150,ambiguous,180,180,华域汽车电动系统有限公司,TZ204XS1351,,,,,,,,,,,,Copyright © 2026 David YE
2185,382,CSA6493YSEV4,飞凡牌,上海汽车集团股份有限公司,165,ambiguous,180,180,华域汽车电动系统有限公司,TZ204XS1351,,,,,,,,,,,,Copyright © 2026 David YE
2186,382,DFL6470NA53BEV,启辰牌,东风汽车有限公司,155,ambiguous,,,智新科技股份有限公司,TZ200XS3GY,,,,,,,,,,,,Copyright © 2026 David YE
2187,382,FV7007ACBEV,大众牌,一汽-大众汽车有限公司,170,ambiguous,,,大众汽车自动变速器（天津）有限公司,EEV,,,,,,,,,,,,Copyright © 2026 David YE
2189,382,FZ6470BEVC10G,零跑牌,零跑汽车有限公司,170,ambiguous,170,170,金华凌昇动力科技有限公司,TZ220XY002,,,,,,,,,,,,Copyright © 2026 David YE
2190,382,FZ6490BEVC16A,零跑牌,零跑汽车有限公司,215,ambiguous,170,170,金华凌昇动力科技有限公司,TZ220XY008,,,,,,,,,,,,Copyright © 2026 David YE
2191,382,GAM6490BEVH0U,埃安(AION)牌,广汽乘用车有限公司,250,ambiguous,,,锐湃动力科技有限公司,TZ220XYX3T24,,,,,,,,,,,,Copyright © 2026 David YE
2192,382,HFC6511RSEV2C8,瑞风牌,安徽江淮汽车集团股份有限公司,,blank,130,130,,,,,,,,,,,,,,Copyright © 2026 David YE
2193,382,HXK7000BEVD01,凌宝牌,江苏吉麦新能源车业有限公司,25,ambiguous,,,江苏国吉电驱动科技有限公司,,,,,,,,,,,,,Copyright © 2026 David YE
2194,382,JL6501BEV02,远程牌,浙江豪情汽车制造有限公司,,blank,120,120,,,,,,,,,,,,,,Copyright © 2026 David YE
2195,382,JL6551BEV02,远程牌,浙江豪情汽车制造有限公司,,blank,120,120,,,,,,,,,,,,,,Copyright © 2026 David YE
2196,382,JL6551BEV03,远程牌,浙江豪情汽车制造有限公司,,blank,120,120,,,,,,,,,,,,,,Copyright © 2026 David YE
2197,382,JMV6552QRBEV,晶马牌,江西江铃集团晶马汽车有限公司,,blank,,,,,,,,,,,,,,,,Copyright © 2026 David YE
2201,382,LZW6470EVA1,五菱牌,上汽通用五菱汽车股份有限公司,150,ambiguous,30,30,柳州赛克科技发展有限公司,TZ210XS2F0,,,,,,,,,,,,Copyright © 2026 David YE
2202,382,LZW6500EVA1,五菱牌,上汽通用五菱汽车股份有限公司,,blank,30,30,,,,,,,,,,,,,,Copyright © 2026 David YE
2203,382,LZW6500EVA2,五菱牌,上汽通用五菱汽车股份有限公司,,blank,30,30,,,,,,,,,,,,,,Copyright © 2026 David YE
2204,382,MR6465BEV01,吉利牌,浙江吉利汽车有限公司,160,ambiguous,160,160,无锡星驱动力科技有限公司 ,TZ184XY101,,,,,,,,,,,,Copyright © 2026 David YE
2205,382,MR6465BEV02,吉利牌,浙江吉利汽车有限公司,160,ambiguous,160,160,无锡星驱动力科技有限公司 ,TZ184XY101,,,,,,,,,,,,Copyright © 2026 David YE
2206,382,MR6465BEV03,吉利牌,浙江吉利汽车有限公司,160,ambiguous,160,160,无锡星驱动力科技有限公司 ,TZ184XY101,,,,,,,,,,,,Copyright © 2026 David YE
2207,382,MR6465BEV04,吉利牌,浙江吉利汽车有限公司,160,ambiguous,160,160,无锡星驱动力科技有限公司 ,TZ184XY101,,,,,,,,,,,,Copyright © 2026 David YE
2208,382,MR6465BEV05,吉利牌,浙江吉利汽车有限公司,160,ambiguous,160,160,无锡星驱动力科技有限公司,TZ184XY101,,,,,,,,,,,,Copyright © 2026 David YE
2209,382,MR6471BEV01,极氪牌,浙江吉利汽车有限公司,310,ambiguous,160,160,衢州极电电动汽车技术有限公司,TZ235XYC01,,,,,,,,,,,,Copyright © 2026 David YE
2210,382,MR6471BEV03,极氪牌,浙江吉利汽车有限公司,310,ambiguous,160,160,衢州极电电动汽车技术有限公司,TZ235XYC01,,,,,,,,,,,,Copyright © 2026 David YE
2212,382,NEQ7000BEVJH11T,奇瑞牌,奇瑞新能源汽车股份有限公司,30,ambiguous,,,奇瑞新能源汽车股份有限公司,,,,,,,,,,,,,Copyright © 2026 David YE
2213,382,NJ6540FBEV771,依维柯牌,南京汽车集团有限公司,,blank,,,,,,,,,,,,,,,,Copyright © 2026 David YE
2214,382,NJ6540FBEVA2T,大通牌,南京汽车集团有限公司,,blank,,,,,,,,,,,,,,,,Copyright © 2026 David YE
2215,382,QCJ6491SBEV8,腾势牌,比亚迪汽车工业有限公司,170,ambiguous,180,180,南京市比亚迪汽车有限公司,TZ200XYS,,,,,,,,,,,,Copyright © 2026 David YE
2217,382,SAL7000BH00ABEV,欧拉牌,光束汽车有限公司,150,ambiguous,,,联合汽车电子有限公司,TZ210XS000,,,,,,,,,,,,Copyright © 2026 David YE
2218,382,SAL7000BH01ABEV,欧拉牌,光束汽车有限公司,150,ambiguous,,,蜂巢传动科技邳州有限公司,TZ220XS008,,,,,,,,,,,,Copyright © 2026 David YE
2219,382,SAL7000BH02ABEV,欧拉牌,光束汽车有限公司,150,ambiguous,,, 联合汽车电子有限公司,TZ210XS000,,,,,,,,,,,,Copyright © 2026 David YE
2220,382,SAL7000BH03ABEV,欧拉牌,光束汽车有限公司,150,ambiguous,,,联合汽车电子有限公司,TZ210XS000,,,,,,,,,,,,Copyright © 2026 David YE
2222,382,SC6450V5Q6B1BEV,长安牌,重庆长安汽车股份有限公司,,blank,160,160,,,,,,,,,,,,,,Copyright © 2026 David YE
2223,382,SC6450V5Q6B2BEV,长安牌,重庆长安汽车股份有限公司,,blank,160,160,,,,,,,,,,,,,,Copyright © 2026 David YE
2224,382,SC6471EAPBEV,长安牌,重庆长安汽车股份有限公司,190,ambiguous,160,160,深蓝汽车科技有限公司,XTDM27,,,,,,,,,,,,Copyright © 2026 David YE
2225,382,SC6480V7Q6B2BEV,长安牌,重庆长安汽车股份有限公司,,blank,160,160,,,,,,,,,,,,,,Copyright © 2026 David YE
2226,382,SC7001FBBBEV,长安牌,合肥长安汽车有限公司,30,ambiguous,,,重庆青山工业有限责任公司,,,,,,,,,,,,,Copyright © 2026 David YE
2228,382,SQR7001BEVE035,星途牌,奇瑞汽车股份有限公司,230,ambiguous,130,130,联合汽车电子有限公司,TZ220XSG05,,,,,,,,,,,,Copyright © 2026 David YE
2230,382,SQR7002BEVE035,星途牌,奇瑞汽车股份有限公司,230,ambiguous,130,130,联合汽车电子有限公司,TZ220XSG05,,,,,,,,,,,,Copyright © 2026 David YE
2231,382,SQR7002BEVE037,星途牌,奇瑞汽车股份有限公司,230,ambiguous,130,130,联合汽车电子有限公司,TZ220XSG05,,,,,,,,,,,,Copyright © 2026 David YE
2232,382,SVW6461HEV,大众汽车(VOLKSWAGEN)牌,上汽大众汽车有限公司,125,ambiguous,150,150,大众汽车自动变速器(天津)有限公司,EEV,,,,,,,,,,,,Copyright © 2026 David YE
2233,382,SVW6461JEV,大众汽车(VOLKSWAGEN)牌,上汽大众汽车有限公司,170,ambiguous,150,150,大众汽车自动变速器(天津)有限公司,EEV,,,,,,,,,,,,Copyright © 2026 David YE
2234,382,SVW7000DEV,大众汽车(VOLKSWAGEN)牌,上汽大众汽车有限公司,125,ambiguous,150,150,大众汽车自动变速器(天津)有限公司,EEV,,,,,,,,,,,,Copyright © 2026 David YE
2235,382,THZ7000BEVS367,哪吒牌,合众新能源汽车股份有限公司, 200;200,ambiguous,,,无锡中车时代电驱科技有限公司;浩智科技电驱（桐城）有限公司,TZ210XS002;TZ220XSH02,,,,,,,,,,,,Copyright © 2026 David YE
2237,382,THZ7000BEVS412,哪吒牌,合众新能源汽车股份有限公司,200,ambiguous,,,无锡中车时代电驱科技有限公司,TZ210XS002,,,,,,,,,,,,Copyright © 2026 David YE
2238,382,WHJ7000BEVGS11,凯翼牌,宜宾凯翼汽车有限公司,120,ambiguous,120,120, 菲仕绿能科技(北京)有限公司,TZ180XS113,,,,,,,,,,,,Copyright © 2026 David YE
2240,382,BYD7150ADHEV5,比亚迪牌,比亚迪汽车工业有限公司,160,ambiguous,180,180,,,,,,,,,,,,,,Copyright © 2026 David YE
2241,382,BYD7152WT6HEVC16,比亚迪牌,比亚迪汽车工业有限公司,145,ambiguous,180,180,,,,,,,,,,,,,,Copyright © 2026 David YE
2242,382,BYD7153WT6HEV4,比亚迪牌,比亚迪汽车工业有限公司,160,ambiguous,180,180,,,,,,,,,,,,,,Copyright © 2026 David YE
2243,382,CA6475HA6PHEVT,红旗牌,中国第一汽车集团有限公司,,blank,180,180,,,,,,,,,,,,,,Copyright © 2026 David YE
2244,382,CC2030BN25APHEV,长城牌,长城汽车股份有限公司,,blank,126,126,,,,,,,,,,,,,,Copyright © 2026 David YE
2245,382,CC6520BP21CPHEV,魏牌牌,长城汽车股份有限公司,,blank,126,126,,,,,,,,,,,,,,Copyright © 2026 David YE
2246,382,CSA6501ZFPHEV1,荣威牌,上海汽车集团股份有限公司,176,ambiguous,180,180,,,,,,,,,,,,,,Copyright © 2026 David YE
2247,382,EQ6495AL5F1SHEV,岚图牌,东风汽车集团有限公司,200,ambiguous,120,120,,,,,,,,,,,,,,Copyright © 2026 David YE
2250,382,FZ6490SHEVC16B,零跑牌,零跑汽车有限公司,170,ambiguous,170,170,,,,,,,,,,,,,,Copyright © 2026 David YE
2251,382,LZ6460X15B0REEV,东风牌,东风柳州汽车有限公司,,blank,,,,,,,,,,,,,,,,Copyright © 2026 David YE
2252,382,LZW6470KBUPHEVA1,五菱牌,上汽通用五菱汽车股份有限公司,,blank,30,30,,,,,,,,,,,,,,Copyright © 2026 David YE
2254,382,SGM6525UCCHEV,别克(BUICK)牌,上汽通用汽车有限公司,160,ambiguous,130,130,,,,,,,,,,,,,,Copyright © 2026 David YE
2255,382,SGM6525UDCHEV,别克(BUICK)牌,上汽通用汽车有限公司,160,ambiguous,130,130,,,,,,,,,,,,,,Copyright © 2026 David YE
2256,382,SQR6481CHEVT26,奇瑞牌,奇瑞汽车股份有限公司,,blank,130,130,,,,,,,,,,,,,,Copyright © 2026 David YE
2257,382,SQR6481CHEVT261,奇瑞牌,奇瑞汽车股份有限公司,,blank,130,130,,,,,,,,,,,,,,Copyright © 2026 David YE
2258,382,SQR7150CHEVM1E1,奇瑞牌,奇瑞汽车股份有限公司,,blank,130,130,,,,,,,,,,,,,,Copyright © 2026 David YE
2259,382,THZ7150SHEVS405,哪吒牌,合众新能源汽车股份有限公司,200,ambiguous,,,,,,,,,,,,,,,,Copyright © 2026 David YE
2260,382,THZ7150SHEVS411,哪吒牌,合众新能源汽车股份有限公司,200,ambiguous,,,,,,,,,,,,,,,,Copyright © 2026 David YE
2261,382,THZ7150SHEVS412,哪吒牌,合众新能源汽车股份有限公司,200,ambiguous,,,,,,,,,,,,,,,,Copyright © 2026 David YE
2263,383,BYD7000AGBEV1,比亚迪牌,比亚迪汽车工业有限公司,160,ambiguous,180,180,南京市比亚迪汽车有限公司 ,TZ200XYX,,,,,,,,,,,,Copyright © 2026 David YE
2265,383,BYD7000AGBEV3,比亚迪牌,比亚迪汽车工业有限公司,165,ambiguous,180,180,南京市比亚迪汽车有限公司,TZ200XYAB,,,,,,,,,,,,Copyright © 2026 David YE
2266,383,BYD7004BEV10,比亚迪牌,比亚迪汽车工业有限公司,150,ambiguous,180,180,长沙市比亚迪汽车有限公司,TZ200XSQ,,,,,,,,,,,,Copyright © 2026 David YE
2267,383,CA6490H0EVD,红旗牌,中国第一汽车集团有限公司,253,ambiguous,180,180,中国第一汽车集团有限公司 ,CAM220PT8,,,,,,,,,,,,Copyright © 2026 David YE
2269,383,CA6490H0SEV,红旗牌,中国第一汽车集团有限公司,253,ambiguous,180,180,中国第一汽车集团有限公司,CAM220PT8,,,,,,,,,,,,Copyright © 2026 David YE
2270,383,CAM7001BABEV,马自达(MAZDA)牌,长安马自达汽车有限公司,190,ambiguous,,,长安马自达发动机有限公司,MSED04,,,,,,,,,,,,Copyright © 2026 David YE
2271,383,CAM7002BABEV,马自达(MAZDA)牌,长安马自达汽车有限公司,190,ambiguous,,,长安马自达发动机有限公司,MSED04,,,,,,,,,,,,Copyright © 2026 David YE
2272,383,CC7000BJ00NGBEV,欧拉牌,长城汽车股份有限公司,126,ambiguous,126,126,蜂巢传动系统(江苏)有限公司,TZ180XS009,,,,,,,,,,,,Copyright © 2026 David YE
2273,383,CSA6497YBEV1,飞凡牌,上海汽车集团股份有限公司,150,ambiguous,180,180,厦门势拓御能科技有限公司,TZ204XS1351,,,,,,,,,,,,Copyright © 2026 David YE
2274,383,CSA6497YBEV2,飞凡牌,上海汽车集团股份有限公司,150,ambiguous,180,180,厦门势拓御能科技有限公司,TZ204XS1351,,,,,,,,,,,,Copyright © 2026 David YE
2275,383,CSA6497YBEV3,飞凡牌,上海汽车集团股份有限公司,150,ambiguous,180,180,厦门势拓御能科技有限公司,TZ204XS1351,,,,,,,,,,,,Copyright © 2026 David YE
2276,383,CSA6497YSEV3,飞凡牌,上海汽车集团股份有限公司,150,ambiguous,180,180,厦门势拓御能科技有限公司,TZ204XS1351,,,,,,,,,,,,Copyright © 2026 David YE
2279,383,DFL6470NN31BEV,岚图牌,东风汽车有限公司,215,ambiguous,120,120,智新科技股份有限公司,TZ220XSP02,,,,,,,,,,,,Copyright © 2026 David YE
2280,383,DFL6470NN32BEV,岚图牌,东风汽车有限公司,215,ambiguous,120,120,智新科技股份有限公司,TZ220XSP02,,,,,,,,,,,,Copyright © 2026 David YE
2281,383,DFL6470NN35BEV,岚图牌,东风汽车有限公司,230,ambiguous,230,230,智新科技股份有限公司,TZ225XYH01,,,,,,,,,,,,Copyright © 2026 David YE
2282,383,DFL6470NN36BEV,岚图牌,东风汽车有限公司,230,ambiguous,230,230,智新科技股份有限公司,TZ225XYH01,,,,,,,,,,,,Copyright © 2026 David YE
2283,383,GAM6450BEVD1G,埃安(AION)牌,广汽乘用车有限公司,150,ambiguous,,,广州尼得科汽车驱动系统有限公司,TZ184XYA2001,,,,,,,,,,,,Copyright © 2026 David YE
2284,383,GAM6450BEVD1M,埃安(AION)牌,广汽乘用车有限公司,150,ambiguous,,,广州尼得科汽车驱动系统有限公司,TZ184XYA2001,,,,,,,,,,,,Copyright © 2026 David YE
2285,383,GAM6460BEVJ0A,埃安(AION)牌,广汽乘用车有限公司,165,ambiguous,165,165,锐湃动力科技有限公司,TZ180XYXOF51,,,,,,,,,,,,Copyright © 2026 David YE
2286,383,GAM6460BEVJ0F,埃安(AION)牌,广汽乘用车有限公司,150,ambiguous,165,165,锐湃动力科技有限公司,TZ180XYXOF51,,,,,,,,,,,,Copyright © 2026 David YE
2287,383,GAM7001BEVA1P,埃安(AION)牌,广汽乘用车有限公司,100,ambiguous,100,100,苏州汇川联合动力系统股份有限公司,TZ180XS130,,,,,,,,,,,,Copyright © 2026 David YE
2288,383,HXK7000BEVA17,凌宝牌,江苏吉麦新能源车业有限公司,35,ambiguous,,,浙江创驱智能科技有限公司,TZ156XSM02,,,,,,,,,,,,Copyright © 2026 David YE
2289,383,JHC6480BEV52,远程牌,山西新能源汽车工业有限公司,,blank,110,110,,,,,,,,,,,,,,Copyright © 2026 David YE
2290,383,JL6501BEV03,远程牌,浙江豪情汽车制造有限公司,,blank,120,120,,,,,,,,,,,,,,Copyright © 2026 David YE
2291,383,JL6501BEV100,远程牌,浙江豪情汽车制造有限公司,170,ambiguous,120,120,华域麦格纳电驱动系统有限公司,TZ220XS000,,,,,,,,,,,,Copyright © 2026 David YE
2292,383,JL6501SEV100,远程牌,浙江豪情汽车制造有限公司,170,ambiguous,120,120,华域麦格纳电驱动系统有限公司,TZ220XS000,,,,,,,,,,,,Copyright © 2026 David YE
2293,383,JMV6553QRBEV,晶马牌,江西江铃集团晶马汽车有限公司,,blank,,,,,,,,,,,,,,,,Copyright © 2026 David YE
2294,383,LZW6452EVA,宝骏牌,上汽通用五菱汽车股份有限公司,150,ambiguous,30,30,柳州赛克科技发展有限公司,TZ210XS2F0,,,,,,,,,,,,Copyright © 2026 David YE
2295,383,LZW6452EVB,宝骏牌,上汽通用五菱汽车股份有限公司,150,ambiguous,30,30,柳州赛克科技发展有限公司,TZ210XS2F0,,,,,,,,,,,,Copyright © 2026 David YE
2297,383,MR6525BEV12,极氪牌,浙江吉利汽车有限公司,310,ambiguous,160,160,衢州极电电动汽车技术有限公司,TZ235XYC01,,,,,,,,,,,,Copyright © 2026 David YE
2299,383,MR6525BEV14,极氪牌,浙江吉利汽车有限公司,250,ambiguous,160,160,衢州极电电动汽车技术有限公司,TZ220XYA03,,,,,,,,,,,,Copyright © 2026 David YE
2300,383,MR7001BEV39,极越牌,浙江吉利汽车有限公司,200,ambiguous,370,370,威睿电动汽车技术（宁波）有限公司,TZ220XSA02,,,,,,,,,,,,Copyright © 2026 David YE
2301,383,MR7001BEV40,极越牌,浙江吉利汽车有限公司,200,ambiguous,370,370,威睿电动汽车技术（宁波）有限公司,TZ220XSA02,,,,,,,,,,,,Copyright © 2026 David YE
2303,383,SC6464AAABEV,长安牌,重庆长安汽车股份有限公司,175,ambiguous,160,160,深蓝汽车科技有限公司,XTDM40,,,,,,,,,,,,Copyright © 2026 David YE
2305,383,SC6481ECABEV,阿维塔（AVATR）牌,重庆长安汽车股份有限公司,252,ambiguous,160,160,深蓝汽车科技有限公司,XTDM39,,,,,,,,,,,,Copyright © 2026 David YE
2306,383,SC6481GBABEV,长安牌,重庆长安汽车股份有限公司,190,ambiguous,160,160,深蓝汽车科技有限公司,XTDM27,,,,,,,,,,,,Copyright © 2026 David YE
2307,383,SC6481GCABEV,长安牌,重庆长安汽车股份有限公司,160,ambiguous,160,160,深蓝汽车科技有限公司,XTDM16,,,,,,,,,,,,Copyright © 2026 David YE
2308,383,SC6501AABBEV,长安牌,重庆长安汽车股份有限公司,165,ambiguous,160,160,深蓝汽车科技有限公司,XTDM34,,,,,,,,,,,,Copyright © 2026 David YE
2309,383,SC7006AASBEV,长安牌,重庆长安汽车股份有限公司,185,ambiguous,160,160,深蓝汽车科技有限公司,XTDM33,,,,,,,,,,,,Copyright © 2026 David YE
2310,383,SC7007ABBBEV,长安牌,重庆长安汽车股份有限公司,190,ambiguous,160,160,深蓝汽车科技有限公司 ,XTDM27,,,,,,,,,,,,Copyright © 2026 David YE
2311,383,SH6520U1BEV-Z62,大通牌,上汽大通汽车有限公司,,blank,,,,,,,,,,,,,,,,Copyright © 2026 David YE
2313,383,SQR6501BEVE0Y5,星途牌,奇瑞汽车股份有限公司,230,ambiguous,130,130,苏州汇川联合动力系统股份有限公司,TZ220XY107,,,,,,,,,,,,Copyright © 2026 David YE
2315,383,SVW6492LEV,大众汽车(VOLKSWAGEN)牌,上汽大众汽车有限公司,150,ambiguous,150,150,联合汽车电子有限公司,EDZ,,,,,,,,,,,,Copyright © 2026 David YE
2316,383,SVW6493MEV,奥迪(AUDI)牌,上汽大众汽车有限公司,150,ambiguous,150,150,联合汽车电子有限公司 ,EDZ,,,,,,,,,,,,Copyright © 2026 David YE
2317,383,SVW6493NEV,奥迪(AUDI)牌,上汽大众汽车有限公司,150,ambiguous,150,150,联合汽车电子有限公司 ,EDZ,,,,,,,,,,,,Copyright © 2026 David YE
2318,383,THZ6460BEVS37L,哪吒牌,合众新能源汽车股份有限公司,120,ambiguous,120,120,菲仕绿能科技（北京）有限公司,TZ180XS113,,,,,,,,,,,,Copyright © 2026 David YE
2319,383,THZ6460BEVS37M,哪吒牌,合众新能源汽车股份有限公司,120,ambiguous,120,120,菲仕绿能科技（北京）有限公司,TZ180XS113,,,,,,,,,,,,Copyright © 2026 David YE
2321,383,BJ6486SEALHEV,梅赛德斯-奔驰(Mercedes-Ben...,北京奔驰汽车有限公司,,blank,,,,,,,,,,,,,,,,Copyright © 2026 David YE
2322,383,BYD6471ST6HEV6,比亚迪牌,比亚迪汽车有限公司,145,ambiguous,160,160,,,,,,,,,,,,,,Copyright © 2026 David YE
2323,383,BYD6483ST6HEV10,比亚迪牌,比亚迪汽车有限公司,160,ambiguous,160,160,,,,,,,,,,,,,,Copyright © 2026 David YE
2324,383,BYD6483ST6HEV11,比亚迪牌,比亚迪汽车有限公司,160,ambiguous,160,160,,,,,,,,,,,,,,Copyright © 2026 David YE
2325,383,BYD7152WT6HEVC17,比亚迪牌,比亚迪汽车工业有限公司,145,ambiguous,180,180,,,,,,,,,,,,,,Copyright © 2026 David YE
2326,383,CAM7154BASHEV,马自达(MAZDA)牌,长安马自达汽车有限公司,160,ambiguous,,,,,,,,,,,,,,,,Copyright © 2026 David YE
2327,383,CAM7155BASHEV,马自达(MAZDA)牌,长安马自达汽车有限公司,160,ambiguous,,,,,,,,,,,,,,,,Copyright © 2026 David YE
2328,383,DFM7151S1F2REEV,东风牌,东风汽车集团有限公司,160,ambiguous,120,120,,,,,,,,,,,,,,Copyright © 2026 David YE
2329,383,JX6472PF6PHEV,福特牌,江铃汽车股份有限公司,160,ambiguous,,,,,,,,,,,,,,,,Copyright © 2026 David YE
2330,383,JX6497PC6PHEV,福特牌,江铃汽车股份有限公司,160,ambiguous,,,,,,,,,,,,,,,,Copyright © 2026 David YE
2331,383,LXA6493SHEVX03,理想牌,北京理想汽车有限公司,,blank,330,330,,,,,,,,,,,,,,Copyright © 2026 David YE
2332,383,LXA6502SHEVX09,理想牌,北京理想汽车有限公司,,blank,330,330,,,,,,,,,,,,,,Copyright © 2026 David YE
2333,383,LZ6520M15B1PHEV,东风牌,东风柳州汽车有限公司,,blank,,,,,,,,,,,,,,,,Copyright © 2026 David YE
2334,383,LZW6461KBUPHEVB1,宝骏牌,上汽通用五菱汽车股份有限公司,,blank,30,30,,,,,,,,,,,,,,Copyright © 2026 David YE
2335,383,LZW6461KBUPHEVB3,宝骏牌,上汽通用五菱汽车股份有限公司,,blank,30,30,,,,,,,,,,,,,,Copyright © 2026 David YE
2336,383,QCJ2042ST6HEV,方程豹牌,比亚迪汽车工业有限公司,前200kW/后300kW,power_only,180,180,,,,,,,,,,,,,,Copyright © 2026 David YE
2338,383,SC6464AAA6HEV,长安牌,重庆长安汽车股份有限公司,160,ambiguous,160,160,,,,,,,,,,,,,,Copyright © 2026 David YE
2339,383,SC6464AAB6HEV,长安牌,重庆长安汽车股份有限公司,160,ambiguous,160,160,,,,,,,,,,,,,,Copyright © 2026 David YE
2340,383,SC6481EDA6HEV,阿维塔（AVATR）牌,重庆长安汽车股份有限公司,231,ambiguous,160,160,,,,,,,,,,,,,,Copyright © 2026 David YE
2342,383,SC6481GAA6HEV,长安牌,重庆长安汽车股份有限公司,175,ambiguous,160,160,,,,,,,,,,,,,,Copyright © 2026 David YE
2343,383,SC6481GAB6HEV,长安牌,重庆长安汽车股份有限公司,175,ambiguous,160,160,,,,,,,,,,,,,,Copyright © 2026 David YE
2344,383,SC7156AAG6HEV,长安牌,重庆长安汽车股份有限公司,160,ambiguous,160,160,,,,,,,,,,,,,,Copyright © 2026 David YE
2345,383,SC7157AAB6HEV,长安牌,重庆长安汽车股份有限公司,160,ambiguous,160,160,,,,,,,,,,,,,,Copyright © 2026 David YE
2346,383,SGM6470DBCHEV,雪佛兰(CHEVROLET)牌,上汽通用汽车有限公司,140,ambiguous,130,130,,,,,,,,,,,,,,Copyright © 2026 David YE
2347,383,SQR6460CHEVT1H,捷途牌,奇瑞汽车股份有限公司,,blank,130,130,,,,,,,,,,,,,,Copyright © 2026 David YE
2348,383,SQR6481CHEVT28,奇瑞牌,奇瑞汽车股份有限公司,,blank,130,130,,,,,,,,,,,,,,Copyright © 2026 David YE
2349,383,SQR6482CHEVT261,奇瑞牌,奇瑞汽车股份有限公司,,blank,130,130,,,,,,,,,,,,,,Copyright © 2026 David YE
2350,383,THZ6480SHEVS325,哪吒牌,合众新能源汽车股份有限公司,170,ambiguous,,,,,,,,,,,,,,,,Copyright © 2026 David YE
2351,384,AHC6450BEVD1D,埃安(AION)牌,广汽埃安新能源汽车股份有限公司,100,ambiguous,100,100,苏州汇川联合动力系统股份有限公司,TZ180XS130 ,,,,,,,,,,,,Copyright © 2026 David YE
2352,384,AHC6450BEVD1E,埃安(AION)牌,广汽埃安新能源汽车股份有限公司,150,ambiguous,,,苏州汇川联合动力系统股份有限公司,TZ180XS127,,,,,,,,,,,,Copyright © 2026 David YE
2353,384,AHC6450BEVD1G,埃安(AION)牌,广汽埃安新能源汽车股份有限公司,150,ambiguous,,,广州尼得科汽车驱动系统有限公司,TZ184XYA2001,,,,,,,,,,,,Copyright © 2026 David YE
2354,384,AHC6450BEVD1J,埃安(AION)牌,广汽埃安新能源汽车股份有限公司,150,ambiguous,165,165,锐湃动力科技有限公司,TZ180XYXOF51,,,,,,,,,,,,Copyright © 2026 David YE
2355,384,AHC6450BEVD1M,埃安(AION)牌,广汽埃安新能源汽车股份有限公司,150,ambiguous,,,广州尼得科汽车驱动系统有限公司,TZ184XYA2001,,,,,,,,,,,,Copyright © 2026 David YE
2356,384,AHC6450BEVD1N,埃安(AION)牌,广汽埃安新能源汽车股份有限公司,150,ambiguous,,,广州尼得科汽车驱动系统有限公司,TZ184XYA2001,,,,,,,,,,,,Copyright © 2026 David YE
2357,384,AHC6460BEVJ0A,埃安(AION)牌,广汽埃安新能源汽车股份有限公司,165,ambiguous,165,165,锐湃动力科技有限公司,TZ180XYXOF51,,,,,,,,,,,,Copyright © 2026 David YE
2358,384,AHC6460BEVJ0C,埃安(AION)牌,广汽埃安新能源汽车股份有限公司,150,ambiguous,165,165,锐湃动力科技有限公司,TZ180XYXOF51,,,,,,,,,,,,Copyright © 2026 David YE
2359,384,AHC6460BEVJ0D,埃安(AION)牌,广汽埃安新能源汽车股份有限公司,150,ambiguous,165,165,锐湃动力科技有限公司,TZ180XYXOF51,,,,,,,,,,,,Copyright © 2026 David YE
2360,384,AHC6460BEVJ0F,埃安(AION)牌,广汽埃安新能源汽车股份有限公司,150,ambiguous,165,165,锐湃动力科技有限公司,TZ180XYXOF51,,,,,,,,,,,,Copyright © 2026 David YE
2361,384,AHC6460BEVJ0H,埃安(AION)牌,广汽埃安新能源汽车股份有限公司,165,ambiguous,165,165,锐湃动力科技有限公司,TZ180XYXOF51,,,,,,,,,,,,Copyright © 2026 David YE
2362,384,AHC6490BEVH0C,埃安(AION)牌,广汽埃安新能源汽车股份有限公司,250,ambiguous,250,250,尼得科汽车马达（浙江）有限公司,TZ200XYA0201,,,,,,,,,,,,Copyright © 2026 David YE
2363,384,AHC6490BEVH0G,埃安(AION)牌,广汽埃安新能源汽车股份有限公司,180,ambiguous,180,180,尼得科汽车马达（浙江）有限公司,TZ184XYA0202,,,,,,,,,,,,Copyright © 2026 David YE
2364,384,AHC6490BEVH0L,埃安(AION)牌,广汽埃安新能源汽车股份有限公司,250,ambiguous,,,锐湃动力科技有限公司,TZ220XYX3T24,,,,,,,,,,,,Copyright © 2026 David YE
2365,384,AHC6490BEVH0N,埃安(AION)牌,广汽埃安新能源汽车股份有限公司,180,ambiguous,180,180,尼得科汽车马达（浙江）有限公司,TZ184XYA0202,,,,,,,,,,,,Copyright © 2026 David YE
2366,384,AHC6490BEVH0Q,埃安(AION)牌,广汽埃安新能源汽车股份有限公司,180,ambiguous,180,180, 锐湃动力科技有限公司,TZ180XYX3T11,,,,,,,,,,,,Copyright © 2026 David YE
2367,384,AHC6490BEVH0R,埃安(AION)牌,广汽埃安新能源汽车股份有限公司,250,ambiguous,,,锐湃动力科技有限公司,TZ220XYX3T24,,,,,,,,,,,,Copyright © 2026 David YE
2368,384,AHC6490BEVH0U,埃安(AION)牌,广汽埃安新能源汽车股份有限公司,250,ambiguous,,,锐湃动力科技有限公司,TZ220XYX3T24,,,,,,,,,,,,Copyright © 2026 David YE
2369,384,AHC7000BEVE0A,埃安(AION)牌,广汽埃安新能源汽车股份有限公司,180,ambiguous,180,180,尼得科汽车马达（浙江）有限公司,TZ184XYA0202,,,,,,,,,,,,Copyright © 2026 David YE
2370,384,AHC7000BEVE0B,埃安(AION)牌,广汽埃安新能源汽车股份有限公司,180,ambiguous,180,180,尼得科汽车马达（浙江）有限公司,TZ184XYA0202,,,,,,,,,,,,Copyright © 2026 David YE
2371,384,AHC7000BEVE0D,埃安(AION)牌,广汽埃安新能源汽车股份有限公司,250,ambiguous,250,250,尼得科汽车马达（浙江）有限公司,TZ200XYA0201,,,,,,,,,,,,Copyright © 2026 David YE
2372,384,AHC7000BEVE0E,埃安(AION)牌,广汽埃安新能源汽车股份有限公司,100,ambiguous,100,100,苏州汇川联合动力系统股份有限公司,TZ180XS130,,,,,,,,,,,,Copyright © 2026 David YE
2373,384,AHC7000BEVE0G,埃安(AION)牌,广汽埃安新能源汽车股份有限公司,180,ambiguous,180,180,尼得科汽车马达（浙江）有限公司,TZ184XYA0202,,,,,,,,,,,,Copyright © 2026 David YE
2374,384,AHC7000BEVE0M,埃安(AION)牌,广汽埃安新能源汽车股份有限公司,180,ambiguous,180,180,尼得科汽车马达（浙江）有限公司,TZ184XYA0202,,,,,,,,,,,,Copyright © 2026 David YE
2376,384,AHC7001BEVA0W,埃安(AION)牌,广汽埃安新能源汽车股份有限公司,150,ambiguous,,,苏州汇川联合动力系统股份有限公司,TZ180XS127,,,,,,,,,,,,Copyright © 2026 David YE
2377,384,AHC7001BEVA1B,埃安(AION)牌,广汽埃安新能源汽车股份有限公司,100,ambiguous,100,100,苏州汇川联合动力系统股份有限公司,TZ180XS130,,,,,,,,,,,,Copyright © 2026 David YE
2378,384,AHC7001BEVA1G,埃安(AION)牌,广汽埃安新能源汽车股份有限公司,100,ambiguous,100,100,苏州汇川联合动力系统股份有限公司,TZ180XS130,,,,,,,,,,,,Copyright © 2026 David YE
2379,384,AHC7001BEVA1L,埃安(AION)牌,广汽埃安新能源汽车股份有限公司,100,ambiguous,100,100,苏州汇川联合动力系统股份有限公司,TZ180XS130,,,,,,,,,,,,Copyright © 2026 David YE
2380,384,AHC7001BEVA1M,埃安(AION)牌,广汽埃安新能源汽车股份有限公司,100,ambiguous,100,100,苏州汇川联合动力系统股份有限公司,TZ180XS130,,,,,,,,,,,,Copyright © 2026 David YE
2381,384,AHC7001BEVA1N,埃安(AION)牌,广汽埃安新能源汽车股份有限公司,150,ambiguous,,,苏州汇川联合动力系统股份有限公司,TZ180XS127,,,,,,,,,,,,Copyright © 2026 David YE
2382,384,AHC7001BEVA1P,埃安(AION)牌,广汽埃安新能源汽车股份有限公司,180,ambiguous,180,180,尼得科汽车马达（浙江）有限公司,TZ184XYA0202,,,,,,,,,,,,Copyright © 2026 David YE
2383,384,BJ6470A505BEV,极狐(ARCFOX)牌,北汽蓝谷麦格纳汽车有限公司,200,ambiguous,175,175,北京新能源汽车股份有限公司,TZ220XS646,,,,,,,,,,,,Copyright © 2026 David YE
2384,384,BJ6558EVAA,福田牌,北汽福田汽车股份有限公司,,blank,,,,,,,,,,,,,,,,Copyright © 2026 David YE
2385,384,BMW7001AGEV,宝马(BMW)牌,华晨宝马汽车有限公司,250,ambiguous,240,240,采埃孚电驱动科技(沈阳)有限公司,HA0001N0,,,,,,,,,,,,Copyright © 2026 David YE
2386,384,BMW7001AHEV,宝马(BMW)牌,华晨宝马汽车有限公司,250,ambiguous,240,240,采埃孚电驱动科技(沈阳)有限公司,HA0001N0,,,,,,,,,,,,Copyright © 2026 David YE
2387,384,BMW7001AJEV,宝马(BMW)牌,华晨宝马汽车有限公司,250,ambiguous,240,240,采埃孚电驱动科技(沈阳)有限公司,HA0001N0,,,,,,,,,,,,Copyright © 2026 David YE
2388,384,BMW7001AKEV,宝马(BMW)牌,华晨宝马汽车有限公司,250,ambiguous,240,240,采埃孚电驱动科技(沈阳)有限公司,HA0001N0,,,,,,,,,,,,Copyright © 2026 David YE
2389,384,CA7000BEVD,一汽牌,中国第一汽车集团有限公司,30,ambiguous,180,180,山东双林新能源科技有限公司,TZ155X030,,,,,,,,,,,,Copyright © 2026 David YE
2390,384,CSA6501LBEV6,智己牌,上海汽车集团股份有限公司,248,ambiguous,180,180,华域汽车电动系统有限公司,TZ230XY1251,,,,,,,,,,,,Copyright © 2026 David YE
2391,384,DFL6470NB51BEV,启辰牌,东风汽车有限公司,155,ambiguous,,,智新科技股份有限公司,TZ200XS3GY,,,,,,,,,,,,Copyright © 2026 David YE
2392,384,DFL6470NB53BEV,启辰牌,东风汽车有限公司,160,ambiguous,,,智新科技股份有限公司,TZ200XS2GY,,,,,,,,,,,,Copyright © 2026 David YE
2393,384,DFM6473M5F5BEV,风神牌,东风汽车集团有限公司,120,ambiguous,120,120,珠海英搏尔电气股份有限公司,TZ180XSS01,,,,,,,,,,,,Copyright © 2026 David YE
2394,384,EQ6535AL5F1BEV,岚图牌,东风汽车集团有限公司,215,ambiguous,120,120,智新科技股份有限公司,TZ220XSP02,,,,,,,,,,,,Copyright © 2026 David YE
2395,384,FV6465AAABEV,大众牌,一汽-大众汽车有限公司,125,ambiguous,,,大众汽车自动变速器（天津）有限公司,EEV,,,,,,,,,,,,Copyright © 2026 David YE
2396,384,FV6469ACBEV,奥迪(AUDI)牌,一汽-大众汽车有限公司,170,ambiguous,,,大众汽车自动变速器（天津）有限公司,EEV,,,,,,,,,,,,Copyright © 2026 David YE
2398,384,FZ6480BEV28,零跑牌,零跑汽车有限公司,200,ambiguous,170,170,金华零跑新能源汽车零部件技术有限公司,TZ250XYLPPG1,,,,,,,,,,,,Copyright © 2026 David YE
2401,384,HQ6475BEV03,精灵(smart)牌,浙江豪情汽车制造有限公司,250,ambiguous,120,120,衢州极电电动汽车技术有限公司,TZ220XYA02,,,,,,,,,,,,Copyright © 2026 David YE
2402,384,HQ6475BEV04,精灵(smart)牌,浙江豪情汽车制造有限公司,267,ambiguous,120,120,衢州极电电动汽车技术有限公司,TZ220XYA04,,,,,,,,,,,,Copyright © 2026 David YE
2403,384,HSE6450BEVM2A,予风牌,河南森源电动汽车有限公司,,blank,,,,,,,,,,,,,,,,Copyright © 2026 David YE
2404,384,JHC6481BEV52,远程牌,山西新能源汽车工业有限公司,,blank,,,,,,,,,,,,,,,,Copyright © 2026 David YE
2405,384,JKC6491A0X0BEV,鑫源牌,鑫源汽车有限公司,,blank,,,,,,,,,,,,,,,,Copyright © 2026 David YE
2406,384,JL6431BEV102,精灵(smart)牌,浙江豪情汽车制造有限公司,200,ambiguous,120,120,威睿电动汽车技术(宁波)有限公司,TZ220XSA02,,,,,,,,,,,,Copyright © 2026 David YE
2408,384,LZW6451EVA1,五菱牌,上汽通用五菱汽车股份有限公司,75,ambiguous,30,30,柳州赛克科技发展有限公司,TZ180XS375,,,,,,,,,,,,Copyright © 2026 David YE
2409,384,LZW6470EVA3,五菱牌,上汽通用五菱汽车股份有限公司,150,ambiguous,30,30,柳州赛克科技发展有限公司,TZ210XS2F0,,,,,,,,,,,,Copyright © 2026 David YE
2410,384,MR6491BEV09,极越牌,浙江吉利汽车有限公司,200,ambiguous,160,160,威睿电动汽车技术（宁波）有限公司,TZ220XSA02,,,,,,,,,,,,Copyright © 2026 David YE
2411,384,MR6491BEV11,极越牌,浙江吉利汽车有限公司,200,ambiguous,160,160,威睿电动汽车技术（宁波）有限公司,TZ220XSA02,,,,,,,,,,,,Copyright © 2026 David YE
2413,384,MR7001BEV30,领克牌,浙江吉利汽车有限公司,200,ambiguous,370,370,威睿电动汽车技术（宁波）有限公司,TZ220XSA01,,,,,,,,,,,,Copyright © 2026 David YE
2414,384,MR7001BEV31,领克牌,浙江吉利汽车有限公司,310,ambiguous,370,370,衢州极电电动汽车技术有限公司,TZ235XYC01,,,,,,,,,,,,Copyright © 2026 David YE
2416,384,MR7001BEV38,领克牌,浙江吉利汽车有限公司,200,ambiguous,370,370,威睿电动汽车技术（宁波）有限公司,TZ220XSA01,,,,,,,,,,,,Copyright © 2026 David YE
2417,384,MR7005BEV27,吉利牌,浙江吉利汽车有限公司,250,ambiguous,160,160,衢州极电电动汽车技术有限公司,TZ220XYA02,,,,,,,,,,,,Copyright © 2026 David YE
2418,384,MR7005BEV28,吉利牌,浙江吉利汽车有限公司,250,ambiguous,160,160,衢州极电电动汽车技术有限公司,TZ220XYA02,,,,,,,,,,,,Copyright © 2026 David YE
2419,384,MR7005BEV29,吉利牌,浙江吉利汽车有限公司,250,ambiguous,160,160,衢州极电电动汽车技术有限公司,TZ220XYA01,,,,,,,,,,,,Copyright © 2026 David YE
2420,384,NAL6483BSEVZ1,乐道牌,蔚来汽车科技（安徽）有限公司,240,ambiguous,,,蔚来动力科技(合肥)有限公司,TZ188S001,,,,,,,,,,,,Copyright © 2026 David YE
2422,384,NHQ7000BEVLA,小鹏牌,肇庆小鹏新能源投资有限公司,160,ambiguous,,,菲仕绿能科技（北京）有限公司,TZ190XS01D01X,,,,,,,,,,,,Copyright © 2026 David YE
2423,384,NHQ7000BEVLB,小鹏牌,肇庆小鹏新能源投资有限公司,140,ambiguous,,,苏州汇川联合动力系统股份有限公司,TZ180XS120,,,,,,,,,,,,Copyright © 2026 David YE
2424,384,NJ6540FBEV88,依维柯牌,南京汽车集团有限公司,,blank,,,,,,,,,,,,,,,,Copyright © 2026 David YE
2425,384,NJ6540FBEVA1,依维柯牌,南京汽车集团有限公司,,blank,,,,,,,,,,,,,,,,Copyright © 2026 David YE
2427,384,SC7007AACBEV,长安牌,重庆长安汽车股份有限公司,190,ambiguous,160,160,深蓝汽车科技有限公司,XTDM27,,,,,,,,,,,,Copyright © 2026 David YE
2429,384,THZ6460BEVS37N,哪吒牌,合众新能源汽车股份有限公司,120,ambiguous,,,菲仕绿能科技（北京）有限公司,TZ180XS160,,,,,,,,,,,,Copyright © 2026 David YE
2430,384,THZ7000BEVS40A,哪吒牌,合众新能源汽车股份有限公司,200,ambiguous,,,无锡中车时代电驱科技有限公司,TZ210XS002,,,,,,,,,,,,Copyright © 2026 David YE
2431,384,THZ7000BEVS416,哪吒牌,合众新能源汽车股份有限公司,200,ambiguous,,,无锡中车时代电驱科技有限公司,TZ210XS002,,,,,,,,,,,,Copyright © 2026 David YE
2432,384,VWA64702BEV2,大众汽车牌,大众汽车（安徽）有限公司,170,ambiguous,,,大众汽车自动变速器（天津）有限公司,EEV,,,,,,,,,,,,Copyright © 2026 David YE
2434,384,BYD6485ST6HEV,比亚迪牌,比亚迪汽车工业有限公司,160,ambiguous,180,180,,,,,,,,,,,,,,Copyright © 2026 David YE
2435,384,BYD6485ST6HEV1,比亚迪牌,比亚迪汽车工业有限公司,160,ambiguous,180,180,,,,,,,,,,,,,,Copyright © 2026 David YE
2436,384,BYD7151Y6HEV2,比亚迪牌,比亚迪汽车工业有限公司,160,ambiguous,180,180,,,,,,,,,,,,,,Copyright © 2026 David YE
2437,384,BYD7151Y6HEV3,比亚迪牌,比亚迪汽车工业有限公司,160,ambiguous,180,180,,,,,,,,,,,,,,Copyright © 2026 David YE
2438,384,BYD7151YT6HEV6,比亚迪牌,比亚迪汽车工业有限公司,200,ambiguous,180,180,,,,,,,,,,,,,,Copyright © 2026 David YE
2439,384,CSA7159DFCHEV3,荣威牌,上海汽车集团股份有限公司,137,ambiguous,180,180,,,,,,,,,,,,,,Copyright © 2026 David YE
2440,384,CSA7159DFCHEV4,荣威牌,上海汽车集团股份有限公司,154,ambiguous,180,180,,,,,,,,,,,,,,Copyright © 2026 David YE
2441,384,LZ6510N15B0REEV,东风牌,东风柳州汽车有限公司,,blank,,,,,,,,,,,,,,,,Copyright © 2026 David YE
2442,384,LZW6470KBUPHEVA2,五菱牌,上汽通用五菱汽车股份有限公司,,blank,30,30,,,,,,,,,,,,,,Copyright © 2026 David YE
2443,384,LZW6470KBUPHEVA3,五菱牌,上汽通用五菱汽车股份有限公司,,blank,30,30,,,,,,,,,,,,,,Copyright © 2026 David YE
2444,384,MR6481DCHEV100,领克牌,浙江吉利汽车有限公司,,blank,160,160,,,,,,,,,,,,,,Copyright © 2026 David YE
2445,384,SC6452ACF6HEV,长安牌,重庆长安汽车股份有限公司,158,ambiguous,160,160,,,,,,,,,,,,,,Copyright © 2026 David YE
2446,384,SC6481GAC6HEV,长安牌,重庆长安汽车股份有限公司,190,ambiguous,160,160,,,,,,,,,,,,,,Copyright © 2026 David YE
2447,384,SC6491EAA6HEV,阿维塔（AVATR）牌,重庆长安汽车股份有限公司,231,ambiguous,160,160,,,,,,,,,,,,,,Copyright © 2026 David YE
2448,384,SC7151GAA6HEV,阿维塔（AVATR）牌,重庆长安汽车股份有限公司,231,ambiguous,160,160,,,,,,,,,,,,,,Copyright © 2026 David YE
2449,384,SQR6450CHEVT1EJ1,奇瑞牌,奇瑞汽车股份有限公司,,blank,130,130,,,,,,,,,,,,,,Copyright © 2026 David YE
2450,384,SQR6460CHEVT1H,捷途牌,奇瑞汽车股份有限公司,,blank,130,130,,,,,,,,,,,,,,Copyright © 2026 David YE
2451,384,SQR6472CHEVT18,奇瑞牌,奇瑞汽车股份有限公司,,blank,130,130,,,,,,,,,,,,,,Copyright © 2026 David YE
2452,384,SQR6482CHEVT26,奇瑞牌,奇瑞汽车股份有限公司,,blank,130,130,,,,,,,,,,,,,,Copyright © 2026 David YE
2453,384,SQR6500CHEVT1J,捷途牌,奇瑞汽车股份有限公司,,blank,130,130,,,,,,,,,,,,,,Copyright © 2026 David YE
2454,384,SQR6500REEVE0Y1,星途牌,奇瑞汽车股份有限公司,,blank,130,130,,,,,,,,,,,,,,Copyright © 2026 David YE
2455,384,SQR7150CHEVM1E2,奇瑞牌,奇瑞汽车股份有限公司,,blank,130,130,,,,,,,,,,,,,,Copyright © 2026 David YE
2456,384,THZ6480SHEVS326,哪吒牌,合众新能源汽车股份有限公司,170,ambiguous,,,,,,,,,,,,,,,,Copyright © 2026 David YE
2457,384,THZ7150SHEVS406,哪吒牌,合众新能源汽车股份有限公司,200,ambiguous,,,,,,,,,,,,,,,,Copyright © 2026 David YE
2458,384,THZ7150SHEVS413,哪吒牌,合众新能源汽车股份有限公司,200,ambiguous,,,,,,,,,,,,,,,,Copyright © 2026 David YE
2459,385,AHC6450BEVD0L,埃安(AION)牌,广汽埃安新能源汽车股份有限公司,150,ambiguous,,,广州尼得科汽车驱动系统有限公司,TZ184XYA2001,,,,,,,,,,,,Copyright © 2026 David YE
2460,385,AHC6450BEVD0Y,埃安(AION)牌,广汽埃安新能源汽车股份有限公司,100,ambiguous,100,100,苏州汇川,TZ180XS130,,,,,,,,,,,,Copyright © 2026 David YE
2461,385,AHC6450BEVD1A,埃安(AION)牌,广汽埃安新能源汽车股份有限公司,100,ambiguous,100,100,苏州汇川联合动力系统股份有限公司,TZ180XS130,,,,,,,,,,,,Copyright © 2026 David YE
2462,385,AHC6450BEVD1B,埃安(AION)牌,广汽埃安新能源汽车股份有限公司,100,ambiguous,100,100,苏州汇川,TZ180XS130,,,,,,,,,,,,Copyright © 2026 David YE
2463,385,AHC6450BEVD1C,埃安(AION)牌,广汽埃安新能源汽车股份有限公司,100,ambiguous,100,100,苏州汇川,TZ180XS130,,,,,,,,,,,,Copyright © 2026 David YE
2464,385,AHC6480BEVB0M,埃安(AION)牌,广汽埃安新能源汽车股份有限公司,180,ambiguous,,,尼得科汽车马达(浙江)有限公司,TZ180XYA1203,,,,,,,,,,,,Copyright © 2026 David YE
2466,385,AHC7001BEVA0Y,埃安(AION)牌,广汽埃安新能源汽车股份有限公司,150,ambiguous,,,苏州汇川联合动力系统股份有限公司,TZ180XS127,,,,,,,,,,,,Copyright © 2026 David YE
2467,385,AHC7001BEVA1C,埃安(AION)牌,广汽埃安新能源汽车股份有限公司,100,ambiguous,,,苏州汇川联合动力系统股份有限公司,TZ180XS127,,,,,,,,,,,,Copyright © 2026 David YE
2468,385,AHC7001BEVA1D,埃安(AION)牌,广汽埃安新能源汽车股份有限公司,100,ambiguous,100,100,苏州汇川联合动力系统股份有限公司,TZ180XS130,,,,,,,,,,,,Copyright © 2026 David YE
2469,385,BJ7001A516BEV,极狐(ARCFOX)牌,北汽蓝谷麦格纳汽车有限公司,200,ambiguous,175,175,北京新能源汽车股份有限公司,TZ220XS646,,,,,,,,,,,,Copyright © 2026 David YE
2471,385,BYD7009BEV10,比亚迪牌,比亚迪汽车工业有限公司,168,ambiguous,180,180,比亚迪汽车工业有限公司,TZ200XSAB,,,,,,,,,,,,Copyright © 2026 David YE
2472,385,CSA6453JBEV1,名爵牌,上海汽车集团股份有限公司,125,ambiguous,180,180,联合汽车电子有限公司,TZ180XS0951,,,,,,,,,,,,Copyright © 2026 David YE
2473,385,CSA6453JBEV2,名爵牌,上海汽车集团股份有限公司,125,ambiguous,180,180,联合汽车电子有限公司,TZ180XS0951,,,,,,,,,,,,Copyright © 2026 David YE
2474,385,CSA6501LBEV7,智己牌,上海汽车集团股份有限公司,300,ambiguous,180,180,华域汽车,TZ230XY1251,,,,,,,,,,,,Copyright © 2026 David YE
2476,385,DFM6473M5F4BEV,东风牌,东风汽车集团有限公司,160,ambiguous,120,120,智新科技,TZ200XS3F0,,,,,,,,,,,,Copyright © 2026 David YE
2478,385,JHC6480BEV22,远程牌,山西新能源汽车工业有限公司,,blank,110,110,,,,,,,,,,,,,,Copyright © 2026 David YE
2479,385,JL7001BEV71,吉利牌,浙江豪情汽车制造有限公司,58,ambiguous,120,120,格雷博智能动力科技有限公司,,,,,,,,,,,,,Copyright © 2026 David YE
2480,385,JL7001BEV72,吉利牌,浙江豪情汽车制造有限公司,85,ambiguous,120,120,格雷博智能动力科技有限公司,,,,,,,,,,,,,Copyright © 2026 David YE
2481,385,MR6471BEV100,极氪牌,浙江吉利汽车有限公司,310,ambiguous,160,160,衢州极电,TZ235XYC01,,,,,,,,,,,,Copyright © 2026 David YE
2483,385,MR6481BEV101,极氪牌,浙江吉利汽车有限公司,310,ambiguous,160,160,衢州极电,TZ235XYC01,,,,,,,,,,,,Copyright © 2026 David YE
2484,385,MR6481BEV102,极氪牌,浙江吉利汽车有限公司,310,ambiguous,160,160,衢州极电,TZ235XYC01,,,,,,,,,,,,Copyright © 2026 David YE
2485,385,MR7001BEV104,极氪牌,浙江吉利汽车有限公司,310,ambiguous,370,370,衢州极电电动汽车技术有限公司,TZ235XYC01,,,,,,,,,,,,Copyright © 2026 David YE
2487,385,NEQ6440BEVS56F,爱咖牌,奇瑞新能源汽车股份有限公司,135,ambiguous,,,奇瑞新能源汽车股份有限公司,112AA5,,,,,,,,,,,,Copyright © 2026 David YE
2489,385,NEQ6440BEVS56H,爱咖牌,奇瑞新能源汽车股份有限公司,135,ambiguous,,,奇瑞新能源汽车股份有限公司,112AA5,,,,,,,,,,,,Copyright © 2026 David YE
2491,385,NHQ6480BEVFD,小鹏牌,肇庆小鹏新能源投资有限公司,218,ambiguous,,,武汉小鹏智能制造有限公司,TZ230XY01F30X,,,,,,,,,,,,Copyright © 2026 David YE
2492,385,NHQ7000BEVKA,小鹏牌,肇庆小鹏新能源投资有限公司,180,ambiguous,,,武汉小鹏智能制造有限公司,TZ230XY01F57X,,,,,,,,,,,,Copyright © 2026 David YE
2493,385,NHQ7000BEVKB,小鹏牌,肇庆小鹏新能源投资有限公司,230,ambiguous,,,武汉小鹏智能制造有限公司,TZ230XY01F57X,,,,,,,,,,,,Copyright © 2026 David YE
2494,385,NJ6540FBEV88,依维柯牌,南京汽车集团有限公司,,blank,,,,,,,,,,,,,,,,Copyright © 2026 David YE
2495,385,SH6481U1BEV-J64,大通牌,上汽大通汽车有限公司,,blank,,,,,,,,,,,,,,,,Copyright © 2026 David YE
2496,385,SQR6500BEVEHY,奇瑞牌,奇瑞汽车股份有限公司,215,ambiguous,130,130,华为数字能源技术有限公司,TZ210XYA02,,,,,,,,,,,,Copyright © 2026 David YE
2497,385,SQR6500BEVEHY1,奇瑞牌,奇瑞汽车股份有限公司,215,ambiguous,130,130,华为数字能源技术有限公司,TZ210XYA02,,,,,,,,,,,,Copyright © 2026 David YE
2499,385,SQR6500BEVEHY3,奇瑞牌,奇瑞汽车股份有限公司,215,ambiguous,130,130,华为数字能源技术有限公司,TZ210XYA02,,,,,,,,,,,,Copyright © 2026 David YE
2500,385,SQR6520BEVK13,开瑞牌,奇瑞商用车(安徽)有限公司,,blank,,,,,,,,,,,,,,,,Copyright © 2026 David YE
2501,385,SQR7000BEVEH37,奇瑞牌,奇瑞汽车股份有限公司,215,ambiguous,130,130,华为数字能源技术有限公司,TZ210XYA02,,,,,,,,,,,,Copyright © 2026 David YE
2502,385,THZ7000BEVS40B,哪吒牌,合众新能源汽车股份有限公司,200,ambiguous,,,无锡中车时代电驱科技有限公司,TZ210XS002,,,,,,,,,,,,Copyright © 2026 David YE
2504,385,XMA7000MBEVR2,小米牌,小米汽车科技有限公司,220,ambiguous,,,联合汽车电子有限公司,TZ220XS000,,,,,,,,,,,,Copyright © 2026 David YE
2505,385,XMA7000MBEVR3,小米牌,小米汽车科技有限公司,220,ambiguous,,,联合汽车电子有限公司,TZ220XS000,,,,,,,,,,,,Copyright © 2026 David YE
2506,385,XMA7000MBEVR5,小米牌,小米汽车科技有限公司,220,ambiguous,,,联合汽车电子有限公司,TZ220XS000,,,,,,,,,,,,Copyright © 2026 David YE
2507,385,YGM6521BEVBE1,领途牌,领途汽车有限公司,,blank,,,,,,,,,,,,,,,,Copyright © 2026 David YE
2508,385,YGM6521BEVBE2,领途牌,领途汽车有限公司,,blank,,,,,,,,,,,,,,,,Copyright © 2026 David YE
2509,385,YGM7000BEVBD2,领途牌,领途汽车有限公司,20,ambiguous,,,合普动力股份有限公司,,,,,,,,,,,,,Copyright © 2026 David YE
2510,385,YGM7000BEVBD3,领途牌,领途汽车有限公司,20,ambiguous,,,合普动力股份有限公司,,,,,,,,,,,,,Copyright © 2026 David YE
2512,385,BYD6472ST6HEV1,比亚迪牌,比亚迪汽车有限公司,120,ambiguous,160,160,,,,,,,,,,,,,,Copyright © 2026 David YE
2513,385,BYD6472ST6HEV2,比亚迪牌,比亚迪汽车有限公司,120,ambiguous,160,160,,,,,,,,,,,,,,Copyright © 2026 David YE
2514,385,BYD6476ST6HEV1,比亚迪牌,比亚迪汽车工业有限公司,120,ambiguous,180,180,,,,,,,,,,,,,,Copyright © 2026 David YE
2515,385,BYD6476ST6HEV2,比亚迪牌,比亚迪汽车工业有限公司,120,ambiguous,180,180,,,,,,,,,,,,,,Copyright © 2026 David YE
2516,385,BYD6483ST6HEV12,比亚迪牌,比亚迪汽车有限公司,160,ambiguous,160,160,,,,,,,,,,,,,,Copyright © 2026 David YE
2517,385,BYD6483ST6HEV13,比亚迪牌,比亚迪汽车有限公司,160,ambiguous,160,160,,,,,,,,,,,,,,Copyright © 2026 David YE
2518,385,BYD7150YT6HEV11,比亚迪牌,比亚迪汽车工业有限公司,200,ambiguous,180,180,,,,,,,,,,,,,,Copyright © 2026 David YE
2519,385,BYD7150YT6HEV12,比亚迪牌,比亚迪汽车工业有限公司,200,ambiguous,180,180,,,,,,,,,,,,,,Copyright © 2026 David YE
2520,385,CC6470AH2CAPHEV,哈弗牌,长城汽车股份有限公司,,blank,126,126,,,,,,,,,,,,,,Copyright © 2026 David YE
2521,385,FZ6490SHEVC16D,零跑牌,零跑汽车有限公司,170,ambiguous,170,170,,,,,,,,,,,,,,Copyright © 2026 David YE
2522,385,SC7157BBB6HEV,长安牌,重庆长安汽车股份有限公司,158,ambiguous,160,160,,,,,,,,,,,,,,Copyright © 2026 David YE
2523,385,SC7157BBC6HEV,长安牌,重庆长安汽车股份有限公司,140,ambiguous,160,160,,,,,,,,,,,,,,Copyright © 2026 David YE
2526,385,SQR6461CHEVT1H,捷途牌,奇瑞汽车股份有限公司,,blank,130,130,,,,,,,,,,,,,,Copyright © 2026 David YE
2527,385,SQR6470CHEVT1L,捷途牌,奇瑞汽车股份有限公司,,blank,130,130,,,,,,,,,,,,,,Copyright © 2026 David YE
2528,385,SQR6470CHEVT1N,捷途牌,奇瑞汽车股份有限公司,,blank,130,130,,,,,,,,,,,,,,Copyright © 2026 David YE
2529,385,SQR6480CHEVT222,星途牌,奇瑞汽车股份有限公司,,blank,130,130,,,,,,,,,,,,,,Copyright © 2026 David YE
2530,385,SQR6480CHEVT223,星途牌,奇瑞汽车股份有限公司,,blank,130,130,,,,,,,,,,,,,,Copyright © 2026 David YE
2531,385,SQR6480CHEVT281,奇瑞牌,奇瑞汽车股份有限公司,,blank,130,130,,,,,,,,,,,,,,Copyright © 2026 David YE
2532,385,SQR6480CHEVT282,奇瑞牌,奇瑞汽车股份有限公司,,blank,130,130,,,,,,,,,,,,,,Copyright © 2026 David YE
2533,385,SQR6500REEVE0Y3,星途牌,奇瑞汽车股份有限公司,,blank,130,130,,,,,,,,,,,,,,Copyright © 2026 David YE
2534,385,THZ6480SHEVS327,哪吒牌,合众新能源汽车股份有限公司,170,ambiguous,,,,,,,,,,,,,,,,Copyright © 2026 David YE
2535,386,AHC7000BEVE0P,埃安(AION)牌,广汽埃安新能源汽车股份有限公司,250,ambiguous,,,锐湃动力科技有限公司,TZ220XYX3T24,,,,,,,,,,,,Copyright © 2026 David YE
2536,386,AHC7001BEVA1D,埃安(AION)牌,广汽埃安新能源汽车股份有限公司,100,ambiguous,100,100,苏州汇川,TZ180XS130,,,,,,,,,,,,Copyright © 2026 David YE
2537,386,AHC7001BEVA1R,埃安(AION)牌,广汽埃安新能源汽车股份有限公司,100,ambiguous,100,100,苏州汇川,TZ180XS130,,,,,,,,,,,,Copyright © 2026 David YE
2538,386,BJ6552EVAA2,福田牌,北汽福田汽车股份有限公司,,blank,,,,,,,,,,,,,,,,Copyright © 2026 David YE
2539,386,BMW7001ALEV,宝马(BMW)牌,华晨宝马汽车有限公司,250,ambiguous,240,240,采埃孚,HA0001N0,,,,,,,,,,,,Copyright © 2026 David YE
2540,386,BMW7001AMEV,宝马(BMW)牌,华晨宝马汽车有限公司,250,ambiguous,240,240,采埃孚,HA0001N0,,,,,,,,,,,,Copyright © 2026 David YE
2541,386,BMW7001ANEV,宝马(BMW)牌,华晨宝马汽车有限公司,250,ambiguous,240,240,采埃孚,HA0001N0,,,,,,,,,,,,Copyright © 2026 David YE
2542,386,BMW7001APEV,宝马(BMW)牌,华晨宝马汽车有限公司,250,ambiguous,240,240,采埃孚,HA0001N0,,,,,,,,,,,,Copyright © 2026 David YE
2543,386,BMW7001AQEV,宝马(BMW)牌,华晨宝马汽车有限公司,250,ambiguous,240,240,采埃孚,HA0001N0,,,,,,,,,,,,Copyright © 2026 David YE
2544,386,BMW7001AREV,宝马(BMW)牌,华晨宝马汽车有限公司,250,ambiguous,240,240,采埃孚,HA0001N0,,,,,,,,,,,,Copyright © 2026 David YE
2545,386,BMW7001AXEV,宝马(BMW)牌,华晨宝马汽车有限公司,前:190/后:250,power_only,240,240,前:BMW AG/后:采埃孚电驱动科技(沈阳)有限公司,前:HA0002N0/后:HA0001N0,,,,,,,,,,,,Copyright © 2026 David YE
2546,386,BMW7001BXEV,宝马(BMW)牌,华晨宝马汽车有限公司,前:190/后:250,power_only,240,240,前:BMW AG/后:采埃孚电驱动科技(沈阳)有限公司,前:HA0002N0/后:HA0001N0,,,,,,,,,,,,Copyright © 2026 David YE
2547,386,DHW6481Z1BEV,本田(HONDA)牌,东风本田汽车有限公司,200,ambiguous,200,200,联合汽车电子有限公司,TZ220XSAMCF81,,,,,,200,2815,390,200,同一电机型号官方公告记录唯一一致,,Copyright © 2026 David YE
2548,386,FV6498BBJBEV,大众牌,一汽-大众汽车有限公司,150,ambiguous,150,150,联合汽车电子有限公司,EDZ,,,,,,,,,,,,Copyright © 2026 David YE
2549,386,FV6498BBKBEV,大众牌,一汽-大众汽车有限公司,150,ambiguous,150,150,联合汽车电子有限公司,EDZ,,,,,,,,,,,,Copyright © 2026 David YE
2551,386,HXK7000BEVH02,骏驰牌,江苏吉麦新能源车业有限公司,20,ambiguous,,,浙江方正电机股份有限公司,,,,,,,,,,,,,Copyright © 2026 David YE
2552,386,JKC6450A0X6BEV,鑫源牌,鑫源汽车有限公司,,blank,,,,,,,,,,,,,,,,Copyright © 2026 David YE
2553,386,JL6501BEV101,远程牌,浙江豪情汽车制造有限公司,,blank,120,120,,,,,,,,,,,,,,Copyright © 2026 David YE
2554,386,JL6551BEV100,远程牌,浙江豪情汽车制造有限公司,,blank,120,120,,,,,,,,,,,,,,Copyright © 2026 David YE
2555,386,JL7002BEV100,几何牌,浙江豪情汽车制造有限公司,30,ambiguous,120,120,浙江奥思伟尔电动科技有限公司,,,,,,,,,,,,,Copyright © 2026 David YE
2556,386,JL7002BEV101,几何牌,浙江豪情汽车制造有限公司,30,ambiguous,120,120,浙江奥思伟尔电动科技有限公司,,,,,,,,,,,,,Copyright © 2026 David YE
2557,386,JL7002BEV102,几何牌,浙江豪情汽车制造有限公司,30,ambiguous,120,120,尼得科（上海）国际贸易有限公司,,,,,,,,,,,,,Copyright © 2026 David YE
2559,386,LZ7000SUF0EV,东风牌,东风柳州汽车有限公司,200,ambiguous,120,120,智新科技股份有限公司,TZ200XS3F1,,,,,,,,,,,,Copyright © 2026 David YE
2560,386,LZW7008EVA1,宝骏牌,上汽通用五菱汽车股份有限公司,186,ambiguous,30,30,柳州赛克科技发展有限公司,TZ210XS2J6,,,,,,,,,,,,Copyright © 2026 David YE
2561,386,SC6463AAABEV,长安牌,河北长安汽车有限公司,,blank,,,,,,,,,,,,,,,,Copyright © 2026 David YE
2562,386,SC6480V7Q6B3BEV,长安牌,重庆长安汽车股份有限公司,,blank,160,160,,,,,,,,,,,,,,Copyright © 2026 David YE
2563,386,SC6483ABJBEV,长安牌,河北长安汽车有限公司,,blank,,,,,,,,,,,,,,,,Copyright © 2026 David YE
2564,386,SC6491EDBBEV,阿维塔（AVATR）牌,重庆长安汽车股份有限公司,237,ambiguous,160,160,华为数字能源技术有限公司,TZ210XYA02,,,,,,,,,,,,Copyright © 2026 David YE
2566,386,SC7001GABBEV,阿维塔（AVATR）牌,重庆长安汽车股份有限公司,237,ambiguous,160,160,华为数字能源技术有限公司,TZ210XYA02,,,,,,,,,,,,Copyright © 2026 David YE
2568,386,SH6553J2BEV-5,大通牌,上汽大通汽车有限公司,,blank,,,,,,,,,,,,,,,,Copyright © 2026 David YE
2569,386,SQR6450BEVK13,开瑞牌,奇瑞商用车(安徽)有限公司,,blank,,,,,,,,,,,,,,,,Copyright © 2026 David YE
2570,386,SQR6451BEVK13,开瑞牌,奇瑞商用车(安徽)有限公司,,blank,,,,,,,,,,,,,,,,Copyright © 2026 David YE
2571,386,THZ7000BEVS417,哪吒牌,合众新能源汽车股份有限公司,200,ambiguous,,,宁德时代(上海)智能科技有限公司,TZ220XY001,,,,,,,,,,,,Copyright © 2026 David YE
2574,386,BYD6472ST6HEV3,比亚迪牌,比亚迪汽车有限公司,120,ambiguous,160,160,,,,,,,,,,,,,,Copyright © 2026 David YE
2575,386,BYD6476ST6HEV3,比亚迪牌,比亚迪汽车工业有限公司,120,ambiguous,180,180,,,,,,,,,,,,,,Copyright © 2026 David YE
2576,386,CC6480CW23APHEV,哈弗牌,长城汽车股份有限公司,,blank,126,126,,,,,,,,,,,,,,Copyright © 2026 David YE
2577,386,CC6480CW23BPHEV,哈弗牌,长城汽车股份有限公司,,blank,126,126,,,,,,,,,,,,,,Copyright © 2026 David YE
2578,386,DFM6500S5F5REEV,东风牌,东风汽车集团有限公司,,blank,120,120,,,,,,,,,,,,,,Copyright © 2026 David YE
2579,386,DXK6481AS4PHEVH,东风牌,赛力斯汽车（湖北）有限公司,160,ambiguous,,,,,,,,,,,,,,,,Copyright © 2026 David YE
2580,386,DXK6481AS5PHEVH,东风牌,赛力斯汽车（湖北）有限公司,160,ambiguous,,,,,,,,,,,,,,,,Copyright © 2026 David YE
2581,386,EQ6496AL5F1SHEV,岚图牌,东风汽车集团有限公司,215,ambiguous,120,120,,,,,,,,,,,,,,Copyright © 2026 David YE
2584,386,GAC6520CHEVMDA6D,传祺(Trumpchi)牌,广汽乘用车有限公司,,blank,150,150,,,,,,,,,,,,,,Copyright © 2026 David YE
2585,386,LZ7150SB0REEV,东风牌,东风柳州汽车有限公司,160,ambiguous,,,,,,,,,,,,,,,,Copyright © 2026 David YE
2586,386,LZW6451KDUREEVA1,五菱牌,上汽通用五菱汽车股份有限公司,,blank,30,30,,,,,,,,,,,,,,Copyright © 2026 David YE
2587,386,LZW7155HDUPHEVA1,宝骏牌,上汽通用五菱汽车股份有限公司,,blank,30,30,,,,,,,,,,,,,,Copyright © 2026 David YE
2588,386,SC6501ACA6HEV,长安牌,重庆长安汽车股份有限公司,231,ambiguous,160,160,,,,,,,,,,,,,,Copyright © 2026 David YE
2590,386,SC7154CBG6HEV,长安牌,重庆长安汽车股份有限公司,158,ambiguous,160,160,,,,,,,,,,,,,,Copyright © 2026 David YE
2591,386,SC7156AAJ6HEV,长安牌,重庆长安汽车股份有限公司,190,ambiguous,160,160,,,,,,,,,,,,,,Copyright © 2026 David YE
2592,386,SC7157BBB6HEV,长安牌,重庆长安汽车股份有限公司,158,ambiguous,160,160,,,,,,,,,,,,,,Copyright © 2026 David YE
2593,386,SC7157BBC6HEV,长安牌,重庆长安汽车股份有限公司,140,ambiguous,160,160,,,,,,,,,,,,,,Copyright © 2026 David YE
2595,386,SKE6500SSHEVR6,赛力斯牌,赛力斯汽车有限公司,200,ambiguous,,,,,,,,,,,,,,,,Copyright © 2026 David YE
2596,386,SQR6482CHEVT1J,捷途牌,奇瑞汽车股份有限公司,,blank,130,130,,,,,,,,,,,,,,Copyright © 2026 David YE
2597,386,SQR6500REEVE0Y5,星途牌,奇瑞汽车股份有限公司,,blank,130,130,,,,,,,,,,,,,,Copyright © 2026 David YE
2598,386,SQR6501CHEVT1J,捷途牌,奇瑞汽车股份有限公司,,blank,130,130,,,,,,,,,,,,,,Copyright © 2026 David YE
2599,387,AHC6450BEVD1Q,埃安(AION)牌,广汽埃安新能源汽车股份有限公司,150,ambiguous,165,165,锐湃动力科技有限公司,TZ180XYXOF51,,,,,,,,,,,,Copyright © 2026 David YE
2600,387,AHC6450BEVD1R,埃安(AION)牌,广汽埃安新能源汽车股份有限公司,150,ambiguous,165,165,锐湃动力科技有限公司,TZ180XYXOF51,,,,,,,,,,,,Copyright © 2026 David YE
2601,387,AHC6460BEVJ0B,埃安(AION)牌,广汽埃安新能源汽车股份有限公司,165,ambiguous,165,165,苏州汇川联合动力系统股份有限公司,TZ180XS135,,,,,,165,2817,390,165,同一电机型号官方公告记录唯一一致,,Copyright © 2026 David YE
2602,387,AHC6460BEVJ0G,埃安(AION)牌,广汽埃安新能源汽车股份有限公司,150,ambiguous,,,广州尼得科汽车驱动系统有限公司,TZ175XSAY501,,,,,,,,,,,,Copyright © 2026 David YE
2603,387,AHC7000BEVK0A,埃安(AION)牌,广汽埃安新能源汽车股份有限公司,150,ambiguous,165,165,锐湃动力科技有限公司,TZ180XYXOF51,,,,,,,,,,,,Copyright © 2026 David YE
2604,387,AHC7000BEVK0B,埃安(AION)牌,广汽埃安新能源汽车股份有限公司,165,ambiguous,165,165,锐湃动力科技有限公司,TZ180XYXOF51,,,,,,,,,,,,Copyright © 2026 David YE
2605,387,AHC7001BEVA1U,埃安(AION)牌,广汽埃安新能源汽车股份有限公司,100,ambiguous,,,苏州汇川联合动力系统股份有限公司,TZ180XS134,,,,,,,,,,,,Copyright © 2026 David YE
2606,387,AHC7001BEVA1V,埃安(AION)牌,广汽埃安新能源汽车股份有限公司,100,ambiguous,,,苏州汇川联合动力系统股份有限公司,TZ180XS134,,,,,,,,,,,,Copyright © 2026 David YE
2607,387,BMW7001AXEV,宝马(BMW)牌,华晨宝马汽车有限公司,前:190/后:250,power_only,240,240,前:BMW AG/后:采埃孚电驱动科技(沈阳)有限公司,前:HA0002N0/后:HA0001N0,,,,,,,,,,,,Copyright © 2026 David YE
2608,387,BYD7009BEV11,比亚迪牌,比亚迪汽车工业有限公司,180,ambiguous,180,180,比亚迪汽车工业有限公司,TZ200XSU,,,,,,,,,,,,Copyright © 2026 David YE
2609,387,DFM6473M5F6BEV,东风牌,东风汽车集团有限公司,120,ambiguous,120,120,珠海英搏尔电气股份有限公司,TZ180XSS01,,,,,,,,,,,,Copyright © 2026 David YE
2610,387,HMA6450ABBEV,海马牌,海马汽车有限公司,120,ambiguous,120,120,菲仕绿能科技（北京）有限公司,TZ180XS113,,,,,,,,,,,,Copyright © 2026 David YE
2611,387,JL6501BEV102,远程牌,浙江豪情汽车制造有限公司,,blank,120,120,,,,,,,,,,,,,,Copyright © 2026 David YE
2612,387,JL6501BEV103,远程牌,浙江豪情汽车制造有限公司,170,ambiguous,120,120,华域麦格纳电驱动系统有限公司,TZ220XS000,,,,,,,,,,,,Copyright © 2026 David YE
2613,387,JL6551BEV101,远程牌,浙江豪情汽车制造有限公司,,blank,120,120,,,,,,,,,,,,,,Copyright © 2026 David YE
2614,387,JL6551BEV102,远程牌,浙江豪情汽车制造有限公司,,blank,120,120,,,,,,,,,,,,,,Copyright © 2026 David YE
2615,387,LZW7001EVC1,五菱牌,上汽通用五菱汽车股份有限公司,30,ambiguous,30,30,柳州赛克科技发展有限公司,TZ155XZ230,,,,,,,,,,,,Copyright © 2026 David YE
2616,387,LZW7001EVD1,五菱牌,上汽通用五菱汽车股份有限公司,30,ambiguous,30,30,柳州赛克科技发展有限公司,TZ155XZ230,,,,,,,,,,,,Copyright © 2026 David YE
2617,387,MR7000BEV01,领克牌,浙江吉利汽车有限公司,250,ambiguous,160,160,衢州极电电动汽车技术有限公司,TZ220XYA01,,,,,,,,,,,,Copyright © 2026 David YE
2619,387,MR7002BEV101,极越牌,浙江吉利汽车有限公司,300,ambiguous,160,160,衢州极电电动汽车技术有限公司,TZ220XYC03,,,,,,,,,,,,Copyright © 2026 David YE
2620,387,MR7005BEV04,极氪牌,浙江吉利汽车有限公司,200,ambiguous,160,160,威睿电动汽车技术（宁波）有限公司,TZ220XSA02,,,,,,,,,,,,Copyright © 2026 David YE
2621,387,NEQ6420BEVS59A,爱咖牌,奇瑞新能源汽车股份有限公司,100,ambiguous,100,100,奇瑞新能源汽车股份有限公司,112AB9,,,,,,100,2830,390,100,同一电机型号官方公告记录唯一一致,,Copyright © 2026 David YE
2624,387,SAL7000AB02ABEV,光束(MINI)牌,光束汽车有限公司,190,ambiguous,,,联合汽车电子有限公司,HC0002N0,,,,,,,,,,,,Copyright © 2026 David YE
2625,387,SAL7000AC02ABEV,光束(MINI)牌,光束汽车有限公司,190,ambiguous,,,联合汽车电子有限公司,HC0002N0,,,,,,,,,,,,Copyright © 2026 David YE
2626,387,SC6468AAAABEV,长安牌,河北长安汽车有限公司,,blank,,,,,,,,,,,,,,,,Copyright © 2026 David YE
2627,387,SC6503AAABEV,长安牌,河北长安汽车有限公司,,blank,,,,,,,,,,,,,,,,Copyright © 2026 David YE
2628,387,SC6503AABBEV,长安牌,河北长安汽车有限公司,,blank,,,,,,,,,,,,,,,,Copyright © 2026 David YE
2629,387,SC6553AAABEV,长安牌,河北长安汽车有限公司,,blank,,,,,,,,,,,,,,,,Copyright © 2026 David YE
2630,387,SQR6452BEVK13,开瑞牌,奇瑞商用车(安徽)有限公司,,blank,,,,,,,,,,,,,,,,Copyright © 2026 David YE
2631,387,THZ7000BEVS413,哪吒牌,合众新能源汽车股份有限公司,200,ambiguous,,,无锡中车时代电驱科技有限公司,TZ210XS002,,,,,,,,,,,,Copyright © 2026 David YE
2632,387,TV6480BEV,丰田(TOYOTA)牌,一汽丰田汽车有限公司,200,ambiguous,,,弗迪动力有限公司长沙分公司,TZ200XS003,,,,,,,,,,,,Copyright © 2026 David YE
2633,387,TV6480BEVP,丰田(TOYOTA)牌,一汽丰田汽车有限公司,200,ambiguous,,,弗迪动力有限公司长沙分公司,TZ200XS004,,,,,,,,,,,,Copyright © 2026 David YE
2634,387,BYD6476ST6HEV5,比亚迪牌,比亚迪汽车有限公司,120,ambiguous,160,160,,,,,,,,,,,,,,Copyright © 2026 David YE
2635,387,BYD6476ST6HEV6,比亚迪牌,比亚迪汽车有限公司,120,ambiguous,160,160,,,,,,,,,,,,,,Copyright © 2026 David YE
2636,387,BYD6485ST6HEV2,比亚迪牌,比亚迪汽车工业有限公司,160,ambiguous,180,180,,,,,,,,,,,,,,Copyright © 2026 David YE
2637,387,BYD6490ST6HEV21,比亚迪牌,比亚迪汽车工业有限公司,200,ambiguous,180,180,,,,,,,,,,,,,,Copyright © 2026 David YE
2638,387,GAC6520CHEVMDA6H,传祺(Trumpchi)牌,广汽乘用车有限公司,,blank,150,150,,,,,,,,,,,,,,Copyright © 2026 David YE
2639,387,HQ6471DCHEV04,吉利牌,浙江豪情汽车制造有限公司,,blank,120,120,,,,,,,,,,,,,,Copyright © 2026 David YE
2640,387,HQ6471DCHEV05,吉利牌,浙江豪情汽车制造有限公司,,blank,120,120,,,,,,,,,,,,,,Copyright © 2026 David YE
2642,387,SQR6452CHEVT1EJ,奇瑞牌,奇瑞汽车股份有限公司,,blank,130,130,,,,,,,,,,,,,,Copyright © 2026 David YE
2643,387,SQR6480CHEVT1J,捷途牌,奇瑞汽车股份有限公司,,blank,130,130,,,,,,,,,,,,,,Copyright © 2026 David YE
2644,387,SQR6481CHEVT1J,捷途牌,奇瑞汽车股份有限公司,,blank,130,130,,,,,,,,,,,,,,Copyright © 2026 David YE
2645,387,SQR6481CHEVT262,奇瑞牌,奇瑞汽车股份有限公司,,blank,130,130,,,,,,,,,,,,,,Copyright © 2026 David YE
2646,387,SQR6491CHEVT1P,捷途牌,奇瑞汽车股份有限公司,,blank,130,130,,,,,,,,,,,,,,Copyright © 2026 David YE
2647,387,SQR6501REEVE0Y5,星途牌,奇瑞汽车股份有限公司,,blank,130,130,,,,,,,,,,,,,,Copyright © 2026 David YE
2648,387,SQR7150CHEVM1E3,奇瑞牌,奇瑞汽车股份有限公司,,blank,130,130,,,,,,,,,,,,,,Copyright © 2026 David YE
2649,387,SQR7150REEVE03,星途牌,奇瑞汽车股份有限公司,,blank,130,130,,,,,,,,,,,,,,Copyright © 2026 David YE
2650,387,SQR7151REEVE03,星途牌,奇瑞汽车股份有限公司,,blank,130,130,,,,,,,,,,,,,,Copyright © 2026 David YE
2651,388,AHC6450BEVD1S,埃安(AION)牌,广汽埃安新能源汽车股份有限公司,100,ambiguous,100,100,苏州汇川联合动力系统股份有限公司,TZ180XS130,,,,,,,,,,,,Copyright © 2026 David YE
2652,388,AHC6450BEVD1T,埃安(AION)牌,广汽埃安新能源汽车股份有限公司,100,ambiguous,100,100,苏州汇川联合动力系统股份有限公司,TZ180XS130,,,,,,,,,,,,Copyright © 2026 David YE
2653,388,AHC6460BEVJ0J,埃安(AION)牌,广汽埃安新能源汽车股份有限公司,165,ambiguous,165,165,苏州汇川联合动力系统股份有限公司,TZ180XS135,,,,,,165,2817,390,165,同一电机型号官方公告记录唯一一致,,Copyright © 2026 David YE
2654,388,AHC7000BEVK0D,埃安(AION)牌,广汽埃安新能源汽车股份有限公司,150,ambiguous,165,165,锐湃动力科技有限公司,TZ180XYXOF51,,,,,,,,,,,,Copyright © 2026 David YE
2655,388,CA6440BEVA,一汽牌,中国第一汽车集团有限公司,122,ambiguous,180,180,华为数字能源技术有限公司,TZ196XYAP5,,,,,,,,,,,,Copyright © 2026 David YE
2656,388,CA6440BEVB,一汽牌,中国第一汽车集团有限公司,122,ambiguous,180,180,华为数字能源技术有限公司,TZ196XYAP5,,,,,,,,,,,,Copyright © 2026 David YE
2657,388,CA6490H0EVC,红旗牌,中国第一汽车集团有限公司,253,ambiguous,180,180,中国第一汽车集团有限公司,CAM220PT17,,,,,,,,,,,,Copyright © 2026 David YE
2659,388,CA7009H0EV,红旗牌,中国第一汽车集团有限公司,210,ambiguous,180,180,中国第一汽车集团有限公司,CAM190PT6,,,,,,,,,,,,Copyright © 2026 David YE
2660,388,CA7009H0EVA,红旗牌,中国第一汽车集团有限公司,210,ambiguous,180,180,中国第一汽车集团有限公司,CAM190PT6,,,,,,,,,,,,Copyright © 2026 David YE
2661,388,CSA6453JBEV3,名爵牌,上海汽车集团股份有限公司,125,ambiguous,180,180,联合汽车电子有限公司,TZ180XS0951,,,,,,,,,,,,Copyright © 2026 David YE
2662,388,DFM7000S1FABEV,东风牌,东风汽车集团有限公司,200,ambiguous,120,120,智新科技股份有限公司,TZ200XS3F1,,,,,,,,,,,,Copyright © 2026 David YE
2664,388,FZ6490BEVC16C,零跑牌,零跑汽车有限公司,215,ambiguous,170,170,金华凌昇动力科技有限公司,TZ220XY008,,,,,,,,,,,,Copyright © 2026 David YE
2665,388,GTM64606MEBEV,丰田(TOYOTA)牌,广汽丰田汽车有限公司,150,ambiguous,,,广州尼得科汽车驱动系统有限公司,TZ175XSAY501,,,,,,,,,,,,Copyright © 2026 David YE
2666,388,GTM64606MGBEV,丰田(TOYOTA)牌,广汽丰田汽车有限公司,150,ambiguous,,,广州尼得科汽车驱动系统有限公司,TZ175XSAY501,,,,,,,,,,,,Copyright © 2026 David YE
2667,388,HMA7000AHBEV,海马牌,海马汽车有限公司,30,ambiguous,,,合普动力股份有限公司,TZ160X15H-144,,,,,,,,,,,,Copyright © 2026 David YE
2668,388,HSE6540BEVM1B,予风牌,河南森源电动汽车有限公司,,blank,,,,,,,,,,,,,,,,Copyright © 2026 David YE
2669,388,HXK7000BEVF02,骏驰牌,江苏吉麦新能源车业有限公司,25,ambiguous,,,莱茵动力(锦州)有限公司,TZ155X01311201,,,,,,,,,,,,Copyright © 2026 David YE
2670,388,HXK7000BEVG02,骏驰牌,江苏吉麦新能源车业有限公司,36,ambiguous,,,威迪斯电机技术(芜湖)有限公司,TZ182XSW01,,,,,,,,,,,,Copyright © 2026 David YE
2671,388,HXK7000BEVH03,骏驰牌,江苏吉麦新能源车业有限公司,20,ambiguous,,,浙江方正电机股份有限公司,TZ160X020,,,,,,,,,,,,Copyright © 2026 David YE
2672,388,JHC6481BEVR1,远程牌,山西新能源汽车工业有限公司,70,ambiguous,,,湖州智芯动力系统发展有限公司,TZ180XSZX05,,,,,,,,,,,,Copyright © 2026 David YE
2673,388,JL6551BEV103,远程牌,浙江豪情汽车制造有限公司,170,ambiguous,120,120,华域麦格纳电驱动系统有限公司,TZ220XS000,,,,,,,,,,,,Copyright © 2026 David YE
2674,388,LZW7001EVE1,五菱牌,上汽通用五菱汽车股份有限公司,,blank,30,30,,,,,,,,,,,,,,Copyright © 2026 David YE
2675,388,MR6461BEV101,吉利牌,浙江吉利汽车有限公司,160,ambiguous,160,160,无锡星驱动力科技有限公司,TZ184XY101,,,,,,,,,,,,Copyright © 2026 David YE
2676,388,MR7002BEV102,极越牌,浙江吉利汽车有限公司,300,ambiguous,160,160,衢州极电电动汽车技术有限公司,TZ220XYC03,,,,,,,,,,,,Copyright © 2026 David YE
2677,388,NAL7003BSEVD1,蔚来牌,蔚来汽车科技（安徽）有限公司,前:180/后:340,power_only,,,蔚来动力科技(合肥)有限公司新桥分公司,前:YS198S002/后:TZ198Y001,,,,,,,,,,,,Copyright © 2026 David YE
2678,388,NEQ7000BEVJH11R,奇瑞牌,奇瑞新能源汽车股份有限公司,20,ambiguous,,,奇瑞新能源汽车股份有限公司,112AB2,,,,,,,,,,,,Copyright © 2026 David YE
2679,388,NHQ7000BEVLC,小鹏牌,肇庆小鹏新能源投资有限公司,160,ambiguous,,,菲仕绿能科技（北京）有限公司,TZ190XS01D01X,,,,,,,,,,,,Copyright © 2026 David YE
2680,388,SC7000AAAABEV,长安牌,重庆长安汽车股份有限公司,30,ambiguous,160,160,重庆青山工业有限责任公司,XTDM20,,,,,,,,,,,,Copyright © 2026 David YE
2681,388,SC7000AAABBEV,长安牌,重庆长安汽车股份有限公司,35,ambiguous,160,160,重庆青山工业有限责任公司,XTDM29,,,,,,,,,,,,Copyright © 2026 David YE
2682,388,SC7007CAABEV,长安牌,重庆长安汽车股份有限公司,105,ambiguous,160,160,重庆青山工业有限责任公司,TZ180XS001,,,,,,,,,,,,Copyright © 2026 David YE
2683,388,SVW7000EEV,大众汽车(VOLKSWAGEN)牌,上汽大众汽车有限公司,125,ambiguous,150,150,大众汽车自动变速器(天津)有限公司,EEV,,,,,,,,,,,,Copyright © 2026 David YE
2684,388,THZ6460BEVS37Q,哪吒牌,合众新能源汽车股份有限公司,120,ambiguous,,,菲仕绿能科技(北京)有限公司,TZ180XS160,,,,,,,,,,,,Copyright © 2026 David YE
2685,388,THZ7000BEVS414,哪吒牌,合众新能源汽车股份有限公司,200,ambiguous,,,无锡中车时代电驱科技有限公司,TZ210XS002,,,,,,,,,,,,Copyright © 2026 David YE
2686,388,BYD6510MT6HEV,比亚迪牌,比亚迪汽车工业有限公司,200,ambiguous,180,180,,,,,,,,,,,,,,Copyright © 2026 David YE
2687,388,BYD6510MT6HEV1,比亚迪牌,比亚迪汽车工业有限公司,200,ambiguous,180,180,,,,,,,,,,,,,,Copyright © 2026 David YE
2688,388,CC6480BT25HPHEV,哈弗牌,长城汽车股份有限公司,,blank,126,126,,,,,,,,,,,,,,Copyright © 2026 David YE
2689,388,CSA6473RFPHEV6,荣威牌,上海汽车集团股份有限公司,145,ambiguous,180,180,,,,,,,,,,,,,,Copyright © 2026 David YE
2690,388,DFL6460NTT86PHEV,启辰牌,东风汽车有限公司,150,ambiguous,,,,,,,,,,,,,,,,Copyright © 2026 David YE
2691,388,DFM6473M5F2PHEV,东风牌,东风汽车集团有限公司,,blank,120,120,,,,,,,,,,,,,,Copyright © 2026 David YE
2692,388,DFM6473M5F3PHEV,东风牌,东风汽车集团有限公司,,blank,120,120,,,,,,,,,,,,,,Copyright © 2026 David YE
2693,388,DFM7151S1F4REEV,东风牌,东风汽车集团有限公司,160,ambiguous,120,120,,,,,,,,,,,,,,Copyright © 2026 David YE
2694,388,HQ6471DCHEV04,吉利牌,浙江豪情汽车制造有限公司,,blank,120,120,,,,,,,,,,,,,,Copyright © 2026 David YE
2695,388,HQ6471DCHEV05,吉利牌,浙江豪情汽车制造有限公司,,blank,120,120,,,,,,,,,,,,,,Copyright © 2026 David YE
2696,388,HQ6472DCHEV100,吉利牌,浙江豪情汽车制造有限公司,,blank,120,120,,,,,,,,,,,,,,Copyright © 2026 David YE
2697,388,HQ7152DCHEV100,吉利牌,浙江豪情汽车制造有限公司,,blank,120,120,,,,,,,,,,,,,,Copyright © 2026 David YE
2700,388,SKE6480SSHEVR6,赛力斯牌,赛力斯汽车有限公司,200,ambiguous,,,,,,,,,,,,,,,,Copyright © 2026 David YE
2703,388,SKE6500SSHEVR7,赛力斯牌,赛力斯汽车有限公司,200,ambiguous,,,,,,,,,,,,,,,,Copyright © 2026 David YE
2704,388,SQR6470CHEVT181,奇瑞牌,奇瑞汽车股份有限公司,,blank,130,130,,,,,,,,,,,,,,Copyright © 2026 David YE
2705,388,SQR6471CHEVT181,奇瑞牌,奇瑞汽车股份有限公司,,blank,130,130,,,,,,,,,,,,,,Copyright © 2026 David YE
2706,388,SQR6473CHEVT18,奇瑞牌,奇瑞汽车股份有限公司,,blank,130,130,,,,,,,,,,,,,,Copyright © 2026 David YE
2707,388,SQR6481CHEVT22,星途牌,奇瑞汽车股份有限公司,,blank,130,130,,,,,,,,,,,,,,Copyright © 2026 David YE
2708,388,SQR6481CHEVT263,奇瑞牌,奇瑞汽车股份有限公司,,blank,130,130,,,,,,,,,,,,,,Copyright © 2026 David YE
2709,388,SQR6500CHEVM36T,星途牌,奇瑞汽车股份有限公司,,blank,130,130,,,,,,,,,,,,,,Copyright © 2026 David YE
2710,388,SQR6500REEVE0Y4,星途牌,奇瑞汽车股份有限公司,,blank,130,130,,,,,,,,,,,,,,Copyright © 2026 David YE
2711,388,SQR6500REEVE0Y6,星途牌,奇瑞汽车股份有限公司,,blank,130,130,,,,,,,,,,,,,,Copyright © 2026 David YE
2712,388,THZ7150SHEVS407,哪吒牌,合众新能源汽车股份有限公司,200,ambiguous,,,,,,,,,,,,,,,,Copyright © 2026 David YE
2713,388,THZ7150SHEVS414,哪吒牌,合众新能源汽车股份有限公司,200,ambiguous,,,,,,,,,,,,,,,,Copyright © 2026 David YE
2714,389,AHC7000BEVL0A,埃安(AION)牌,广汽埃安新能源汽车股份有限公司,100,ambiguous,,,苏州汇川联合动力系统股份有限公司,TZ180XS134,,,,,,,,,,,,Copyright © 2026 David YE
2715,389,AHC7000BEVL0B,埃安(AION)牌,广汽埃安新能源汽车股份有限公司,100,ambiguous,,,锐湃动力科技有限公司,TZ160XYD3A02,,,,,,,,,,,,Copyright © 2026 David YE
2716,389,AHC7000BEVL0D,埃安(AION)牌,广汽埃安新能源汽车股份有限公司,100,ambiguous,,,苏州汇川联合动力系统股份有限公司,TZ180XS134,,,,,,,,,,,,Copyright © 2026 David YE
2717,389,CSA7002EBEV6,智己牌,上海汽车集团股份有限公司,379.0,ambiguous,180,180,联合汽车电子有限公司/华域汽车电动系统有限公司,TZ180XS0952/TZ230XY1351,,,,,,,,,,,,Copyright © 2026 David YE
2718,389,EQ6530AL5F1BEV,岚图牌,东风汽车集团有限公司,215,ambiguous,120,120,智新科技股份有限公司,TZ225XYH02,,,,,,,,,,,,Copyright © 2026 David YE
2719,389,FZ6490BEVC16E,零跑牌,零跑汽车有限公司,215,ambiguous,170,170,金华凌昇动力科技有限公司	,TZ220XY008,,,,,,,,,,,,Copyright © 2026 David YE
2720,389,GTM64606HDBEV,丰田(TOYOTA)牌,广汽丰田汽车有限公司,150,ambiguous,,,广州尼得科汽车驱动系统有限公司,TZ175XSAY501,,,,,,,,,,,,Copyright © 2026 David YE
2721,389,HFC6511REV4C7,瑞风牌,安徽江淮汽车集团股份有限公司,130,ambiguous,130,130,柳州五菱柳机动力有限公司	,TZ220XSLJC60C,,,,,,,,,,,,Copyright © 2026 David YE
2722,389,HXK7000BEVA18,凌宝牌,江苏吉麦新能源车业有限公司,35,ambiguous,,,浙江创驱智能科技有限公司,TZ156XSM02,,,,,,,,,,,,Copyright © 2026 David YE
2723,389,HXK7000BEVA19,凌宝牌,江苏吉麦新能源车业有限公司,35,ambiguous,,,浙江创驱智能科技有限公司,TZ156XSM02,,,,,,,,,,,,Copyright © 2026 David YE
2724,389,JKC6463A0X1BEV,鑫源牌,鑫源汽车有限公司,,blank,70,70,,,,,,,,,,,,,,Copyright © 2026 David YE
2725,389,JKC6491A0X1BEV,鑫源牌,鑫源汽车有限公司,,blank,70,70,,,,,,,,,,,,,,Copyright © 2026 David YE
2726,389,JKC6491A0X4BEV,鑫源牌,鑫源汽车有限公司,,blank,70,70,,,,,,,,,,,,,,Copyright © 2026 David YE
2727,389,JX6491TA-L6BEV,江铃牌,江铃汽车股份有限公司,60,ambiguous,60,60,苏州汇川联合动力系统股份有限公司,TZ180XS000,,,,,,,,,,,,Copyright © 2026 David YE
2728,389,JX6521TA-L6BEV,江铃牌,江铃汽车股份有限公司,60,ambiguous,60,60,苏州汇川联合动力系统股份有限公司,TZ180XS000,,,,,,,,,,,,Copyright © 2026 David YE
2729,389,JX7001ERJBEV,羿驰牌,江西江铃集团新能源汽车有限公司,165,ambiguous,165,165,苏州汇川联合动力系统股份有限公司,TZ180XS135,,,,,,165,2817,390,165,同一电机型号官方公告记录唯一一致,,Copyright © 2026 David YE
2730,389,JX7001ESQBEV,易至牌,江西江铃集团新能源汽车有限公司,50,ambiguous,50,50,株洲中车时代电气股份有限公司,TZ180XS250,,,,,,,,,,,,Copyright © 2026 David YE
2731,389,LF7002SEV01,枫叶牌,重庆睿蓝汽车制造有限公司,120,ambiguous,,,珠海英搏尔电气股份有限公司,TZ180XSRLB,,,,,,,,,,,,Copyright © 2026 David YE
2732,389,LZ6510NLD0EV,东风牌,东风柳州汽车有限公司,120,ambiguous,,,珠海英搏尔电气股份有限公司,TZ180XSE21,,,,,,,,,,,,Copyright © 2026 David YE
2733,389,LZD7001BEV23,知豆牌,兰州知豆电动汽车有限公司,30,ambiguous,15,15,合普动力股份有限公司,TZ160X15H-320,,,,,,,,,,,,Copyright © 2026 David YE
2734,389,LZW7001EVC2,五菱牌,上汽通用五菱汽车股份有限公司,30,ambiguous,30,30,柳州赛克科技发展有限公司,TZ155XZ230,,,,,,,,,,,,Copyright © 2026 David YE
2735,389,MR7000BEV04,领克牌,浙江吉利汽车有限公司,175,ambiguous,160,160,无锡星驱动力科技有限公司,TZ184QY101,,,,,,,,,,,,Copyright © 2026 David YE
2737,389,MR7001BEV111,吉利牌,浙江吉利汽车有限公司,85,ambiguous,370,370,格雷博智能动力科技有限公司,TZ160XS002,,,,,,,,,,,,Copyright © 2026 David YE
2738,389,MR7001BEV112,吉利牌,浙江吉利汽车有限公司,85,ambiguous,370,370,格雷博智能动力科技有限公司,TZ160XS002,,,,,,,,,,,,Copyright © 2026 David YE
2747,389,CC6480BT25JPHEV,哈弗牌,长城汽车股份有限公司,,blank,126,126,,,,,,,,,,,,,,Copyright © 2026 David YE
2748,389,DXK6481AS6PHEVH,东风牌,赛力斯汽车（湖北）有限公司,160,ambiguous,,,,,,,,,,,,,,,,Copyright © 2026 David YE
2749,389,DXK6481AS7PHEVH,东风牌,赛力斯汽车（湖北）有限公司,160,ambiguous,,,,,,,,,,,,,,,,Copyright © 2026 David YE
2750,389,HQ6471DCHEV03,吉利牌,浙江豪情汽车制造有限公司,,blank,120,120,,,,,,,,,,,,,,Copyright © 2026 David YE
2751,389,HQ7152DCHEV101,吉利牌,浙江豪情汽车制造有限公司,,blank,120,120,,,,,,,,,,,,,,Copyright © 2026 David YE
2752,389,LZW7154KBUPHEVA5,五菱牌,上汽通用五菱汽车股份有限公司,,blank,30,30,,,,,,,,,,,,,,Copyright © 2026 David YE
2753,389,LZW7154KBUPHEVA6,五菱牌,上汽通用五菱汽车股份有限公司,,blank,30,30,,,,,,,,,,,,,,Copyright © 2026 David YE
2754,389,NJL6470PHEV4,创维牌,南京金龙客车制造有限公司,160,ambiguous,160,160,,,,,,,,,,,,,,Copyright © 2026 David YE
2755,389,QCJ6520MT6HEV8,腾势牌,比亚迪汽车工业有限公司,200,ambiguous,180,180,,,,,,,,,,,,,,Copyright © 2026 David YE
2756,389,QCJ6520MT6HEV9,腾势牌,比亚迪汽车工业有限公司,200kW/后:45kW,power_only,180,180,,,,,,,,,,,,,,Copyright © 2026 David YE
2757,389,SC6450AAAB6HEV,长安牌,重庆长安汽车股份有限公司,158,ambiguous,160,160,,,,,,,,,,,,,,Copyright © 2026 David YE
2758,389,SH6481N1CHEV,大通牌,上汽大通汽车有限公司,160,ambiguous,,,,,,,,,,,,,,,,Copyright © 2026 David YE
2760,389,SKE6480SSHEVR5,赛力斯牌,赛力斯汽车有限公司,200,ambiguous,,,,,,,,,,,,,,,,Copyright © 2026 David YE
2762,389,SKE6500SSHEVA9S,赛力斯牌,赛力斯汽车有限公司,200,ambiguous,,,,,,,,,,,,,,,,Copyright © 2026 David YE
2763,389,SKE6500SSHEVR5,赛力斯牌,赛力斯汽车有限公司,200,ambiguous,,,,,,,,,,,,,,,,Copyright © 2026 David YE
2764,389,SKE6500SSHEVR9,赛力斯牌,赛力斯汽车有限公司,200,ambiguous,,,,,,,,,,,,,,,,Copyright © 2026 David YE
2765,389,SQR6462CHEVT1H,捷途牌,奇瑞汽车股份有限公司,,blank,130,130,,,,,,,,,,,,,,Copyright © 2026 David YE
2766,389,SQR6471CHEVT1N,捷途牌,奇瑞汽车股份有限公司,,blank,130,130,,,,,,,,,,,,,,Copyright © 2026 David YE
2767,389,SQR6500REEVEHY1,奇瑞牌,奇瑞汽车股份有限公司,,blank,130,130,,,,,,,,,,,,,,Copyright © 2026 David YE
2768,389,SQR7150CHEVM1E6,奇瑞牌,奇瑞汽车股份有限公司,,blank,130,130,,,,,,,,,,,,,,Copyright © 2026 David YE
2769,389,SQR7151CHEVM1E6,奇瑞牌,奇瑞汽车股份有限公司,,blank,130,130,,,,,,,,,,,,,,Copyright © 2026 David YE
2790,390,BJ6460D46BEV,极狐(ARCFOX)牌,北汽蓝谷麦格纳汽车有限公司,41kW，120kW,ambiguous,175,175,北京新能源汽车股份有限公司,TZ180XS640,,,,,,,,,,,,Copyright © 2026 David YE
2792,390,BYD6433SBEV3,比亚迪牌,比亚迪汽车有限公司,70kW,ambiguous,160,160,长沙市比亚迪汽车有限公司,TZ180XSF 70,,,,,,,,,,,,Copyright © 2026 David YE
2793,390,BYD6433SBEV4,比亚迪牌,比亚迪汽车有限公司,70kW,ambiguous,160,160,长沙市比亚迪汽车有限公司,TZ180XSF 70,,,,,,,,,,,,Copyright © 2026 David YE
2794,390,BYD6433SBEV5,比亚迪牌,比亚迪汽车有限公司,130kW,ambiguous,160,160,合肥比亚迪汽车有限公司,TZ200XSW 130,,,,,,,,,,,,Copyright © 2026 David YE
2796,390,BYD6450ALBEV2,比亚迪牌,比亚迪汽车工业有限公司,160kW,ambiguous,180,180,郑州比亚迪汽车有限公司,TZ200XSBE,,,,,,,,,,,,Copyright © 2026 David YE
2798,390,BYD7004BEV11,比亚迪牌,比亚迪汽车工业有限公司,70kW,ambiguous,180,180,长沙市比亚迪汽车有限公司,TZ180XSF 70,,,,,,,,,,,,Copyright © 2026 David YE
2799,390,BYD7004BEV12,比亚迪牌,比亚迪汽车工业有限公司,130kW,ambiguous,180,180,长沙市比亚迪汽车有限公司,TZ200XSW130,,,,,,,,,,,,Copyright © 2026 David YE
2800,390,BYD7004BEV13,比亚迪牌,比亚迪汽车工业有限公司,150kW,ambiguous,180,180,长沙市比亚迪汽车有限公司,TZ200XSQ150,,,,,,,,,,,,Copyright © 2026 David YE
2803,390,BYD7008BEVC1,比亚迪牌,比亚迪汽车工业有限公司,100kW,ambiguous,180,180,长沙市比亚迪汽车有限公司,TZ180XSJ,,,,,,,,,,,,Copyright © 2026 David YE
2804,390,BYD7008BEVC2,比亚迪牌,比亚迪汽车工业有限公司,100kW,ambiguous,180,180,长沙市比亚迪汽车有限公司,TZ180XSJ,,,,,,,,,,,,Copyright © 2026 David YE
2805,390,CA6482H0EV,红旗牌,中国第一汽车集团有限公司,70kW，210kW,ambiguous,180,180,中国第一汽车集团有限公司,CAM190PT6,,,,,,,,,,,,Copyright © 2026 David YE
2806,390,CA6482H0EVA,红旗牌,中国第一汽车集团有限公司,70kW，210kW,ambiguous,180,180,中国第一汽车集团有限公司,CAM190PT6,,,,,,,,,,,,Copyright © 2026 David YE
2807,390,CA6482H0EVX,红旗牌,中国第一汽车集团有限公司,,blank,180,180,,,,,,,,,,,,,,Copyright © 2026 David YE
2811,390,FZ6450BEVB10A,零跑牌,零跑汽车有限公司,55kW， 132kW,ambiguous,200,200,湖南中车时代电驱科技有限公司,TZ180XS101,,,,,,,,,,,,Copyright © 2026 David YE
2812,390,FZ6450BEVB10B,零跑牌,零跑汽车有限公司,70kW， 160kW,ambiguous,200,200,金华凌昇动力科技有限公司,TZ180XY005,,,,,,,,,,,,Copyright © 2026 David YE
2813,390,FZ6450BEVB10C,零跑牌,零跑汽车有限公司,55kW， 132kW,ambiguous,200,200,湖南中车时代电驱科技有限公司,TZ180XS101,,,,,,,,,,,,Copyright © 2026 David YE
2814,390,FZ6450BEVB10D,零跑牌,零跑汽车有限公司,70kW，160kW,ambiguous,200,200,金华凌昇动力科技有限公司,TZ180XY005,,,,,,,,,,,,Copyright © 2026 David YE
2820,390,HFC7002EWEV6,江淮牌,安徽江淮汽车集团股份有限公司,0,ambiguous,130,130,合肥道一动力科技有限公司,TZ180XSIEM2H,,,,,,,,,,,,Copyright © 2026 David YE
2823,390,JKC6463A0X1BEV,,,,blank,70,70,苏州汇川联合动力系统股份有限公司,TZ180XS128,,,,,,,,,,,,Copyright © 2026 David YE
2824,390,JKC6491A0X1BEV,,,,blank,70,70,苏州汇川联合动力系统股份有限公司,TZ180XS128,,,,,,,,,,,,Copyright © 2026 David YE
2825,390,JKC6491A0X2BEV,,,,blank,70,70,苏州汇川联合动力系统股份有限公司,TZ180XS128,,,,,,,,,,,,Copyright © 2026 David YE
2826,390,JKC6491A0X4BEV,,,,blank,70,70,苏州汇川联合动力系统股份有限公司,TZ180XS128,,,,,,,,,,,,Copyright © 2026 David YE
2827,390,JL6551BEV104,,,,blank,170,170,华域麦格纳电驱动系统有限公司,TZ220XS000,,,,,,,,,,,,Copyright © 2026 David YE
2828,390,LZW7009BEVA4,五菱牌,上汽通用五菱汽车股份有限公司,70kW,ambiguous,30,30,长沙市比亚迪汽车有限公司,TZ180XSF,,,,,,,,,,,,Copyright © 2026 David YE
2829,390,LZW7009BEVA5,五菱牌,上汽通用五菱汽车股份有限公司,150kW,ambiguous,30,30,合肥比亚迪汽车有限公司,TZ200XSW,,,,,,,,,,,,Copyright © 2026 David YE
2831,390,NEQ7000BEVJH11U,奇瑞牌,奇瑞新能源汽车股份有限公司,30kW,ambiguous,30,30,奇瑞新能源汽车股份有限公司,112AD1,,,,,,,,,,,,Copyright © 2026 David YE
2832,390,NHQ6481BEVFA,小鹏牌,肇庆小鹏新能源投资有限公司,"110kW,218kW",ambiguous,218,218,武汉小鹏智能制造有限公司,TZ230XY01F30B,,,,,,,,,,,,Copyright © 2026 David YE
2833,390,NHQ6481BEVFB,小鹏牌,肇庆小鹏新能源投资有限公司,"110kW,218kW",ambiguous,218,218,武汉小鹏智能制造有限公司,TZ230XY01F30B,,,,,,,,,,,,Copyright © 2026 David YE
2834,390,NHQ6491BEVGA,小鹏牌,肇庆小鹏新能源投资有限公司,"110kW,258kW",ambiguous,258,258,立讯智造科技(常熟)有限公司,TZ230XY01E38B,,,,,,258,2836,390,258,同一电机型号官方公告记录唯一一致,,Copyright © 2026 David YE
2835,390,NHQ6491BEVGB,小鹏牌,肇庆小鹏新能源投资有限公司,"110kW,258kW",ambiguous,258,258,立讯智造科技(常熟)有限公司,TZ230XY01E38B,,,,,,258,2836,390,258,同一电机型号官方公告记录唯一一致,,Copyright © 2026 David YE
2839,390,SC6480V7Q6B4BEV,,,,blank,60,60,苏州汇川联合动力系统股份有限公司,TZ180XS000 60,,,,,,,,,,,,Copyright © 2026 David YE
2840,390,SC6480V7Q6B5BEV,,,,blank,60,60,苏州汇川联合动力系统股份有限公司,TZ180XS000,,,,,,,,,,,,Copyright © 2026 David YE
2842,390,SC7001HBABEV,阿维塔牌,,252kW,ambiguous,252,252,深蓝汽车科技有限公司,无,,,,,,,,,,,,Copyright © 2026 David YE
2844,390,BYD6492ST6HEV1,比亚迪牌,比亚迪汽车有限公司,200kW,ambiguous,160,160,,,,,,,,,,,,,,Copyright © 2026 David YE
2845,390,BYD6492ST6HEV2,比亚迪牌,比亚迪汽车有限公司,0,ambiguous,160,160,,,,,,,,,,,,,,Copyright © 2026 David YE
2846,390,BYD6492ST6HEV3,比亚迪牌,比亚迪汽车有限公司,200kW,ambiguous,160,160,,,,,,,,,,,,,,Copyright © 2026 David YE
2847,390,BYD6492ST6HEV4,比亚迪牌,比亚迪汽车有限公司,0,ambiguous,160,160,,,,,,,,,,,,,,Copyright © 2026 David YE
2848,390,BYD7150YT6HEV13,比亚迪牌,比亚迪汽车工业有限公司,200kW,ambiguous,180,180,,,,,,,,,,,,,,Copyright © 2026 David YE
2849,390,BYD7155WT6HEV,比亚迪牌,比亚迪汽车工业有限公司,,blank,180,180,,,,,,,,,,,,,,Copyright © 2026 David YE
2850,390,BYD7155WT6HEV2,比亚迪牌,比亚迪汽车工业有限公司,0,ambiguous,180,180,,,,,,,,,,,,,,Copyright © 2026 David YE
2851,390,BYD7155WT6HEV3,比亚迪牌,比亚迪汽车工业有限公司,,blank,180,180,,,,,,,,,,,,,,Copyright © 2026 David YE
2852,390,BYD7155WT6HEV4,比亚迪牌,比亚迪汽车工业有限公司,0,ambiguous,180,180,,,,,,,,,,,,,,Copyright © 2026 David YE
2853,390,BYD7155WT6HEV5,比亚迪牌,比亚迪汽车工业有限公司,0,ambiguous,180,180,,,,,,,,,,,,,,Copyright © 2026 David YE
2854,390,BYD7156WT6HEV1,比亚迪牌,比亚迪汽车工业有限公司,0,ambiguous,180,180,,,,,,,,,,,,,,Copyright © 2026 David YE
2855,390,BYD7156WT6HEV3,比亚迪牌,比亚迪汽车工业有限公司,0,ambiguous,180,180,,,,,,,,,,,,,,Copyright © 2026 David YE
2856,390,BYD7156WT6HEV4,比亚迪牌,比亚迪汽车工业有限公司,0,ambiguous,180,180,,,,,,,,,,,,,,Copyright © 2026 David YE
2857,390,BYD7156WT6HEV5,比亚迪牌,比亚迪汽车工业有限公司,0,ambiguous,180,180,,,,,,,,,,,,,,Copyright © 2026 David YE
2858,390,CA6471B6PHEVB,,中国第一汽车集团有限公司,0,ambiguous,180,180,,,,,,,,,,,,,,Copyright © 2026 David YE
2859,390,CA6471B6PHEVC,一汽牌,中国第一汽车集团有限公司,0,ambiguous,180,180,,,,,,,,,,,,,,Copyright © 2026 David YE
2860,390,CA7150HA6PHEVT,红旗牌,中国第一汽车集团有限公司,0,ambiguous,180,180,,,,,,,,,,,,,,Copyright © 2026 David YE
2861,390,DFL6460NTT85PHEV,启辰牌,东风汽车有限公司,150kW,ambiguous,150,150,,,,,,,,,,,,,,Copyright © 2026 David YE
2864,390,NJL6470PHEV4,创维牌,南京金龙客车制造有限公司,160kW,ambiguous,160,160,,,,,,,,,,,,,,Copyright © 2026 David YE
2865,390,QCJ6530ABHEV2,腾势牌,比亚迪汽车工业有限公司,0,ambiguous,180,180,,,,,,,,,,,,,,Copyright © 2026 David YE
2866,390,QCJ7200AEHEV3,腾势牌,比亚迪汽车工业有限公司,0,ambiguous,180,180,,,,,,,,,,,,,,Copyright © 2026 David YE
2867,390,QCJ7200BTHEV1,仰望牌,比亚迪汽车工业有限公司,0,ambiguous,180,180,,,,,,,,,,,,,,Copyright © 2026 David YE
2868,390,SC6480AAAA6HEV,长安牌,重庆长安汽车股份有限公司,175kW,ambiguous,160,160,,,,,,,,,,,,,,Copyright © 2026 David YE
2869,390,SC6481FAA6HEV,长安牌,重庆长安汽车股份有限公司,165kW,ambiguous,160,160,,,,,,,,,,,,,,Copyright © 2026 David YE
2870,390,SC6481FAB6HEV,长安牌,重庆长安汽车股份有限公司,165kW,ambiguous,160,160,,,,,,,,,,,,,,Copyright © 2026 David YE
2871,390,SC6481FBA6HEV,长安牌,重庆长安汽车股份有限公司,165kW,ambiguous,160,160,,,,,,,,,,,,,,Copyright © 2026 David YE
2872,390,SC6481GAD6HEV,长安牌,重庆长安汽车股份有限公司,190kW,ambiguous,160,160,,,,,,,,,,,,,,Copyright © 2026 David YE
2873,390,SC6481GAE6HEV,长安牌,重庆长安汽车股份有限公司,175kW,ambiguous,160,160,,,,,,,,,,,,,,Copyright © 2026 David YE
2874,390,SC6522AAA6HEV,长安牌,重庆长安汽车股份有限公司,231kW,ambiguous,231,231,,,,,,,,,,,,,,Copyright © 2026 David YE
2875,390,SC6522AAB6HEV,长安牌,重庆长安汽车股份有限公司,,blank,,362,,,,,,,,,,,,,,Copyright © 2026 David YE
2876,390,SC7151HDA6HEV,阿维塔（AVATR）牌,重庆长安汽车股份有限公司,231kW,ambiguous,160,160,,,,,,,,,,,,,,Copyright © 2026 David YE
2877,390,SGM6524UACHEV,别克(BUICK)牌,上汽通用汽车有限公司,160kW,ambiguous,130,130,,,,,,,,,,,,,,Copyright © 2026 David YE
2878,390,SH6481N1CHEV,大通牌,上汽大通汽车有限公司,,blank,,,,,,,,,,,,,,,,Copyright © 2026 David YE
2879,390,SQR6471CHEVT1L,捷途牌,奇瑞汽车股份有限公司,0,ambiguous,130,130,,,,,,,,,,,,,,Copyright © 2026 David YE
2880,390,SQR6471CHEVT1N,捷途牌,奇瑞汽车股份有限公司,0,ambiguous,130,130,,,,,,,,,,,,,,Copyright © 2026 David YE
2881,390,SQR6500REEVEHY1,奇瑞牌,奇瑞汽车股份有限公司,0,ambiguous,130,130,,,,,,,,,,,,,,Copyright © 2026 David YE
2882,390,SQR7150CHEVM1E5,奇瑞牌,奇瑞汽车股份有限公司,0,ambiguous,130,130,,,,,,,,,,,,,,Copyright © 2026 David YE
2883,390,SQR7151CHEVM1E5,奇瑞牌,奇瑞汽车股份有限公司,0,ambiguous,130,130,,,,,,,,,,,,,,Copyright © 2026 David YE
2884,391,AHC6460BEVC1B,埃安(AION)牌,广汽埃安新能源汽车股份有限公司,180kW,ambiguous,180,180,苏州汇川联合动力系统股份有限公司,TZ190XY105,,,,,,,,,,,,Copyright © 2026 David YE
2885,391,AHC6510BEVG0C,昊铂牌,广汽埃安新能源汽车股份有限公司,300kW,ambiguous,300,300,锐湃动力科技有限公司,TZ220XYX3T37,,,,,,,,,,,,Copyright © 2026 David YE
2886,391,AHC7000BEVE1P,昊铂牌,广汽埃安新能源汽车股份有限公司,250kW,ambiguous,250,250,锐湃动力科技有限公司,TZ220XYX3T24,,,,,,,,,,,,Copyright © 2026 David YE
2887,391,BAW7000UBJ1BEV,燕铃牌,北京汽车制造厂有限公司,30kW,ambiguous,110,110,合普动力股份有限公司,TZ160X15H-115,,,,,,,,,,,,Copyright © 2026 David YE
2888,391,BAW7000ULJ1BEV,燕铃牌,北京汽车制造厂有限公司,30kW,ambiguous,110,110,浙江方正电机股份有限公司,TZ160XFDM14B,,,,,,,,,,,,Copyright © 2026 David YE
2890,391,BYD6500AJBEV5,比亚迪牌,比亚迪汽车有限公司,500kW,ambiguous,160,160,郑州比亚迪汽车有限公司,TZ210XYR,,,,,,500,2897,391,500,同一电机型号官方公告记录唯一一致,,Copyright © 2026 David YE
2892,391,BYD7000AKBEV1,比亚迪牌,比亚迪汽车工业有限公司,100kW,ambiguous,180,180,长沙市比亚迪汽车有限公司,TZ180XSJ,,,,,,,,,,,,Copyright © 2026 David YE
2893,391,BYD7000AKBEV2,比亚迪牌,比亚迪汽车工业有限公司,100kW,ambiguous,180,180,长沙市比亚迪汽车有限公司,TZ180XSJ,,,,,,,,,,,,Copyright © 2026 David YE
2894,391,BYD7000BVBEV,比亚迪牌,比亚迪汽车工业有限公司,110kW,ambiguous,180,180,抚州比亚迪实业有限公司,TZ180XSR,,,,,,,,,,,,Copyright © 2026 David YE
2895,391,BYD7000BVBEV2,比亚迪牌,比亚迪汽车工业有限公司,160kW,ambiguous,180,180,郑州比亚迪汽车有限公司,TZ200XSBE,,,,,,,,,,,,Copyright © 2026 David YE
2898,391,BYD7004BEV14,比亚迪牌,比亚迪汽车工业有限公司,70kW,ambiguous,180,180,长沙市比亚迪汽车有限公司,TZ180XSF70,,,,,,,,,,,,Copyright © 2026 David YE
2899,391,CA6490H0EVC,红旗牌,中国第一汽车集团有限公司,70kW,ambiguous,180,180,中国第一汽车集团有限公司,CAM220PT17,,,,,,,,,,,,Copyright © 2026 David YE
2901,391,DFL7000NAA1BEV,东风日产牌,东风汽车有限公司,160kW,ambiguous,160,160,东风汽车有限公司,TZ200XS2JD,,,,,,,,,,,,Copyright © 2026 David YE
2902,391,DFL7000NAA2BEV,东风日产牌,东风汽车有限公司,200kW,ambiguous,200,200,东风汽车有限公司,TZ200XS3JD,,,,,,,,,,,,Copyright © 2026 David YE
2903,391,HFC7002EWEV7,江淮牌,安徽江淮汽车集团股份有限公司,70kW,ambiguous,130,130,合肥道一动力科技有限公司,TZ180XSIEM3L,,,,,,,,,,,,Copyright © 2026 David YE
2904,391,HSE6541BEVM1B,,,,blank,110,110,天津英创汇智汽车技术有限公司,TZ180XSC110,,,,,,,,,,,,Copyright © 2026 David YE
2905,391,JHC6481BEVR2,,,,blank,60,60,湖州智芯动力系统发展有限公司,TZ180XSZX06,,,,,,,,,,,,Copyright © 2026 David YE
2906,391,JL6551BEV106,,,,blank,170,170,华域麦格纳电驱动系统有限公司,TZ220XS000,,,,,,,,,,,,Copyright © 2026 David YE
2907,391,JL6551BEV107,,,,blank,170,170,华域麦格纳电驱动系统有限公司,TZ220XS000,,,,,,,,,,,,Copyright © 2026 David YE
2908,391,JL7001BEV100,吉利牌,浙江吉利汽车有限公司,85kW,ambiguous,160,160,格雷博智能动力科技有限公司,TZ160XS002,,,,,,,,,,,,Copyright © 2026 David YE
2909,391,JL7001BEV101,吉利牌,浙江吉利汽车有限公司,58kW,ambiguous,160,160,格雷博智能动力科技有限公司,TZ160XS001,,,,,,,,,,,,Copyright © 2026 David YE
2910,391,JL7002BEV103,几何牌,浙江吉利汽车有限公司,30kW,ambiguous,160,160,浙江奥思伟尔电动科技有限公司,TZ160X30C,,,,,,,,,,,,Copyright © 2026 David YE
2911,391,LZ6510NFD0EV,,,,blank,70,70,四川建安工业有限责任公司,TZ180XS018B,,,,,,,,,,,,Copyright © 2026 David YE
2913,391,MR7001BEV101,极氪牌,浙江吉利汽车有限公司,310kW,ambiguous,370,370,衢州极电新能源科技有限公司,TZ235XYC01,,,,,,,,,,,,Copyright © 2026 David YE
2914,391,MR7001BEV102,极氪牌,浙江吉利汽车有限公司,310kW,ambiguous,370,370,衢州极电电动汽车技术有限公司,TZ235XYC01,,,,,,,,,,,,Copyright © 2026 David YE
2916,391,NAL7000BSEVY1,萤火虫牌,蔚来汽车科技（安徽）有限公司,105kW,ambiguous,105,105,蔚来动力科技(合肥)有限公司 新桥分公司,TZ160S010,,,,,,,,,,,,Copyright © 2026 David YE
2917,391,NEQ6420BEVS59D,爱咖牌,奇瑞新能源汽车股份有限公司,100kW,ambiguous,100,100,奇瑞新能源汽车股份有限公司,112AB9,,,,,,100,2830,390,100,同一电机型号官方公告记录唯一一致,,Copyright © 2026 David YE
2919,391,NHQ6490BEVMA,小鹏牌,肇庆小鹏新能源投资有限公司,218kW,ambiguous,218,218,武汉小鹏智能制造有限公司,TZ230XY01F30B,,,,,,,,,,,,Copyright © 2026 David YE
2920,391,NHQ6490BEVMB,小鹏牌,肇庆小鹏新能源投资有限公司,218kW,ambiguous,218,218,武汉小鹏智能制造有限公司,TZ230XY01F30B,,,,,,,,,,,,Copyright © 2026 David YE
2921,391,NHQ6530BEVHD,小鹏牌,肇庆小鹏新能源投资有限公司,235kW,ambiguous,235,235,武汉小鹏智能制造有限公司,TZ230XY01H93X,,,,,,,,,,,,Copyright © 2026 David YE
2923,391,NHQ6530BEVHF,小鹏牌,肇庆小鹏新能源投资有限公司,235kW,ambiguous,235,235,武汉小鹏智能制造有限公司,TZ230XY01H93X,,,,,,,,,,,,Copyright © 2026 David YE
2925,391,NHQ7000BEVKC,小鹏牌,肇庆小鹏新能源投资有限公司,230kW,ambiguous,230,230,武汉小鹏智能制造有限公司,TZ230XY01F57X,,,,,,,,,,,,Copyright © 2026 David YE
2926,391,SC6508AAAABEV,,,,blank,70,70,四川建安工业有限责任公司,TZ180XS018B,,,,,,,,,,,,Copyright © 2026 David YE
2927,391,SH6481U1BEV-G42,,,,blank,90,90,珠海英博尔电气股份有限公司,TZ180XSSQB,,,,,,,,,,,,Copyright © 2026 David YE
2928,391,SH6481U1BEV-Z42,,,,blank,90,90,珠海英搏尔电气股份有限公司,TZ180XSSQB,,,,,,,,,,,,Copyright © 2026 David YE
2929,391,TSL6480BEVAR5,特斯拉牌,特斯拉(上海)有限公司,220kW,ambiguous,220,220,特斯拉（上海）有限公司,4D3,,,,,,,,,,,,Copyright © 2026 David YE
2930,391,TSL6480BEVAR6,特斯拉牌,特斯拉(上海)有限公司,220kW,ambiguous,220,220,特斯拉（上海）有限公司,3D6,,,,,,,,,,,,Copyright © 2026 David YE
2932,391,VWA64702BEV3,大众汽车牌,大众汽车（安徽）有限公司,170kW,ambiguous,170,170,大众汽车自动变速器(天津)有限公司,EEV,,,,,,,,,,,,Copyright © 2026 David YE
2934,391,XMA6500LBEVR3,小米牌,小米汽车科技有限公司,235kW,ambiguous,495,495,苏州汇川联合动力系统股份有限公司,TZ220XY110,,,,,,,,,,,,Copyright © 2026 David YE
2935,391,YDE7000BEV5A,云度牌,云度新能源汽车有限公司,147kW,ambiguous,147,147,联合汽车电子有限公司,TZ180XS0951,,,,,,,,,,,,Copyright © 2026 David YE
2936,391,YDE7000BEV5B,云度牌,云度新能源汽车有限公司,150kW,ambiguous,150,150,联合汽车电子有限公司,TZ180XS0951,,,,,,,,,,,,Copyright © 2026 David YE
2937,391,BYD6500AJHEV2,比亚迪牌,比亚迪汽车有限公司,0,ambiguous,160,160,,,,,,,,,,,,,,Copyright © 2026 David YE
2938,391,BYD6500AJHEV3,比亚迪牌,比亚迪汽车有限公司,额定功率：90kW,ambiguous,160,160,,,,,,,,,,,,,,Copyright © 2026 David YE
2939,391,BYD6500AJHEV4,比亚迪牌,比亚迪汽车有限公司,0,ambiguous,160,160,,,,,,,,,,,,,,Copyright © 2026 David YE
2940,391,BYD6500AJHEV5,比亚迪牌,比亚迪汽车有限公司,0,ambiguous,160,160,,,,,,,,,,,,,,Copyright © 2026 David YE
2941,391,BYD7152ACHEV1,比亚迪牌,比亚迪汽车有限公司,0,ambiguous,160,160,,,,,,,,,,,,,,Copyright © 2026 David YE
2942,391,BYD7152ACHEV2,比亚迪牌,比亚迪汽车有限公司,200kW,ambiguous,160,160,,,,,,,,,,,,,,Copyright © 2026 David YE
2943,391,BYD7156WT6HEV6,比亚迪牌,比亚迪汽车工业有限公司,0,ambiguous,180,180,,,,,,,,,,,,,,Copyright © 2026 David YE
2944,391,CA7150HA6PHEVTA,红旗牌,中国第一汽车集团有限公司,0,ambiguous,180,180,,,,,,,,,,,,,,Copyright © 2026 David YE
2945,391,HQ7152DCHEV102,吉利牌,浙江豪情汽车制造有限公司,0,ambiguous,120,120,,,,,,,,,,,,,,Copyright © 2026 David YE
2946,391,MR6521DPHEV100,领克牌,浙江吉利汽车有限公司,0,ambiguous,160,160,,,,,,,,,,,,,,Copyright © 2026 David YE
2947,391,MR6521DPHEV101,领克牌,浙江吉利汽车有限公司,0,ambiguous,160,160,,,,,,,,,,,,,,Copyright © 2026 David YE
2948,391,NJL6470PHEV4,,,,blank,160,160,,,,,,,,,,,,,,Copyright © 2026 David YE
2949,391,QCJ2042ST6HEV1,方程豹牌,比亚迪汽车工业有限公司,0,ambiguous,180,180,,,,,,,,,,,,,,Copyright © 2026 David YE
2950,391,SC7150AAAB6HEV,阿维塔牌,重庆长安汽车股份有限公司,231kW,ambiguous,160,160,,,,,,,,,,,,,,Copyright © 2026 David YE
2951,391,SC7150AAAE6HEV,长安牌,重庆长安汽车股份有限公司,158kW,ambiguous,160,160,,,,,,,,,,,,,,Copyright © 2026 David YE
2952,391,SC7150AAAF6HEV,长安牌,重庆长安汽车股份有限公司,140kW,ambiguous,160,160,,,,,,,,,,,,,,Copyright © 2026 David YE
2953,391,SKE6521SSHEVA1S,赛力斯牌,赛力斯汽车有限公司,0,ambiguous,,,,,,,,,,,,,,,,Copyright © 2026 David YE
2954,391,SKE6521SSHEVA2S,赛力斯牌,赛力斯汽车有限公司,0,ambiguous,,,,,,,,,,,,,,,,Copyright © 2026 David YE
2955,391,SKE6521SSHEVA3S,赛力斯牌,赛力斯汽车有限公司,0,ambiguous,,,,,,,,,,,,,,,,Copyright © 2026 David YE
2956,391,SKE6521SSHEVA4S,赛力斯牌,赛力斯汽车有限公司,0,ambiguous,,,,,,,,,,,,,,,,Copyright © 2026 David YE
2957,391,SKE6521SSHEVA5S,赛力斯牌,赛力斯汽车有限公司,0,ambiguous,,,,,,,,,,,,,,,,Copyright © 2026 David YE
2958,391,SKE6521SSHEVAS,赛力斯牌,赛力斯汽车有限公司,0,ambiguous,,,,,,,,,,,,,,,,Copyright © 2026 David YE
2959,391,SQR6473CHEVT1L,捷途牌,奇瑞汽车股份有限公司,0,ambiguous,130,130,,,,,,,,,,,,,,Copyright © 2026 David YE
2960,391,SQR6480CHEVT283,奇瑞牌,奇瑞汽车股份有限公司,0,ambiguous,130,130,,,,,,,,,,,,,,Copyright © 2026 David YE
2961,391,SQR7150CHEVM1E7,奇瑞牌,奇瑞汽车股份有限公司,0,ambiguous,130,130,,,,,,,,,,,,,,Copyright © 2026 David YE
2962,391,SQR7151CHEVM1E4,奇瑞牌,奇瑞汽车股份有限公司,0,ambiguous,130,130,,,,,,,,,,,,,,Copyright © 2026 David YE
2963,391,SQR7152CHEVM1E4,奇瑞牌,奇瑞汽车股份有限公司,0,ambiguous,130,130,,,,,,,,,,,,,,Copyright © 2026 David YE
2965,392,AHC7000BEVL0G,埃安(AION)牌,广汽埃安新能源汽车股份有限公司,100kW,ambiguous,100,100,"
苏州汇川联合动力系统股份有限公司","
TZ180XS134",,,,,,,,,,,,Copyright © 2026 David YE
2966,392,AHC7001BEVA1W,埃安(AION)牌,广汽埃安新能源汽车股份有限公司,33kW,ambiguous,33,33,苏州汇川联合动力系统股份有限公司,"
TZ180XS134",,,,,,,,,,,,Copyright © 2026 David YE
2967,392,AHC7001BEVA1X,埃安(AION)牌,广汽埃安新能源汽车股份有限公司,100kW,ambiguous,100,100,苏州汇川联合动力系统股份有限公司,"
TZ180XS134",,,,,,,,,,,,Copyright © 2026 David YE
2968,392,BYD7000BWBEV1,比亚迪牌,比亚迪汽车工业有限公司,110kW,ambiguous,150,150,"
抚州比亚迪实业有限公司","
TZ180XSR",,,,,,,,,,,,Copyright © 2026 David YE
2969,392,BYD7000BWBEV2,比亚迪牌,比亚迪汽车工业有限公司,160kW,ambiguous,150,150,"
郑州比亚迪汽车有限公司","
TZ200XSBE",,,,,,,,,,,,Copyright © 2026 David YE
2970,392,CSA6453JBEV4,名爵牌,上海汽车集团股份有限公司,180kW,ambiguous,180,180,"
华域汽车电动系统有限公司","
TZ204XS1351",,,,,,,,,,,,Copyright © 2026 David YE
2971,392,CSA6493YSEV5,飞凡牌,上海汽车集团股份有限公司,180kW,ambiguous,180,180,"
华域汽车电动系统有限公司","
TZ204XS1351",,,,,,,,,,,,Copyright © 2026 David YE
2972,392,CSA7002EBEV7,智己牌,上海汽车集团股份有限公司,245kW,ambiguous,180,180,"
联合汽车电子有限公司","
TZ210XS1141",,,,,,,,,,,,Copyright © 2026 David YE
2973,392,CSA7002EBEV8,智己牌,上海汽车集团股份有限公司,245kW,ambiguous,180,180,"
联合汽车电子有限公司","
TZ210XS1141",,,,,,,,,,,,Copyright © 2026 David YE
2974,392,DFM6430A5F1BEV,东风牌,东风汽车集团有限公司,135kW,ambiguous,120,120,"
智新科技股份有限公司","
TZ200XS32E",,,,,,,,,,,,Copyright © 2026 David YE
2975,392,DFM6430A5F2BEV,东风牌,东风汽车集团有限公司,"
135kW",ambiguous,120,120,"
湖北东昱欣晟新能源有限公司","
TZ200XS32E",,,,,,,,,,,,Copyright © 2026 David YE
2976,392,DFM6473M5F8BEV,东风牌,东风汽车集团有限公司,160kW,ambiguous,120,120,"
智新科技股份有限公司","
TZ200XS3F0",,,,,,,,,,,,Copyright © 2026 David YE
2977,392,DFM7001S1F1BEV,东风牌,东风汽车集团有限公司,160kW,ambiguous,120,120,"
智新科技股份有限公司","
TZ200XS3F0",,,,,,,,,,,,Copyright © 2026 David YE
2978,392,DFM7001S1F2BEV,东风牌,东风汽车集团有限公司,200kW,ambiguous,120,120,"
智新科技股份有限公司","
TZ200XS3F1",,,,,,,,,,,,Copyright © 2026 David YE
2979,392,DFM7001S1F3BEV,东风牌,东风汽车集团有限公司,200kW,ambiguous,120,120,"
智新科技股份有限公司","
TZ200XS3F1",,,,,,,,,,,,Copyright © 2026 David YE
2980,392,DXK6520AC2BEV,瑞驰牌,赛力斯汽车（湖北）有限公司,70kW,ambiguous,70,70,珠海英搏尔电气股份有限公司,"
QT34TZ180RCA",,,,,,,,,,,,Copyright © 2026 David YE
2983,392,JL6501BEV105,远程牌,浙江豪情汽车制造有限公司,170kW,ambiguous,120,120,华域麦格纳电驱动系统有限公司,TZ220XS000,,,,,,,,,,,,Copyright © 2026 David YE
2984,392,LZD7001BEV25,知豆牌,兰州知豆电动汽车有限公司,15kW,ambiguous,15,15,"
合普动力股份有限公司","
TZ160X15H-320",,,,,,,,,,,,Copyright © 2026 David YE
2985,392,LZW7001BEVA1,五菱牌,上汽通用五菱汽车股份有限公司,30kW,ambiguous,30,30,柳州赛克科技发展有限公司,"
TZ155XZ230",,,,,,,,,,,,Copyright © 2026 David YE
2986,392,NEQ6420BEVS59G,爱咖牌,奇瑞新能源汽车股份有限公司,100kW,ambiguous,100,100,"
奇瑞新能源汽车股份有限公司","
112AB9",,,,,,100,2830,390,100,同一电机型号官方公告记录唯一一致,,Copyright © 2026 David YE
2987,392,SC7000AAAFBEV,长安牌,重庆长安汽车股份有限公司,105kW,ambiguous,160,160,重庆青山工业有限责任公司,"
TZ180XS001",,,,,,,,,,,,Copyright © 2026 David YE
2989,392,SQR6500BEVE0Y9,星途牌,奇瑞汽车股份有限公司,240kW,ambiguous,130,130,"
芜湖埃科动力系统有限公司","
TZ220YHGA0",,,,,,,,,,,,Copyright © 2026 David YE
2991,392,YZ6550BEV2,渝州牌,重汽(重庆)轻型汽车有限公司,156kW,ambiguous,156,156,"
山东众联能创动力科技有限公司","
TZ220XSK12",,,,,,,,,,,,Copyright © 2026 David YE
2992,392,BJ7150K711RSHEV,华彰牌,北京新能源汽车股份有限公司,227kW,ambiguous,227,227,,,,,,,,,,,,,,Copyright © 2026 David YE
2993,392,BJ7150K71RSHEV,华彰牌,北京新能源汽车股份有限公司,227kW,ambiguous,227,227,,,,,,,,,,,,,,Copyright © 2026 David YE
2994,392,BYD6483ST6HEV14,比亚迪牌,比亚迪汽车有限公司,0,ambiguous,160,160,,,,,,,,,,,,,,Copyright © 2026 David YE
2996,392,CC2030BR25BPHEV,长城牌,长城汽车股份有限公司,0,ambiguous,126,126,,,,,,,,,,,,,,Copyright © 2026 David YE
2997,392,CC6480BT26DPHEV,哈弗牌,长城汽车股份有限公司,0,ambiguous,126,126,,,,,,,,,,,,,,Copyright © 2026 David YE
2998,392,CC6480BT26EPHEV,哈弗牌,长城汽车股份有限公司,0,ambiguous,126,126,,,,,,,,,,,,,,Copyright © 2026 David YE
2999,392,CC6500BD23BPHEV,魏牌牌,长城汽车股份有限公司,0,ambiguous,126,126,,,,,,,,,,,,,,Copyright © 2026 David YE
3000,392,CC6531BD23BPHEV,魏牌牌,长城汽车股份有限公司,0,ambiguous,126,126,,,,,,,,,,,,,,Copyright © 2026 David YE
3001,392,CC6531BD23DPHEV,魏牌牌,长城汽车股份有限公司,0,ambiguous,126,126,,,,,,,,,,,,,,Copyright © 2026 David YE
3002,392,CC6542BD23DPHEV,魏牌牌,长城汽车股份有限公司,0,ambiguous,126,126,,,,,,,,,,,,,,Copyright © 2026 David YE
3003,392,DFM7151S1F3REEV,东风牌,东风汽车集团有限公司,160kW,ambiguous,120,120,,,,,,,,,,,,,,Copyright © 2026 David YE
3004,392,GAC6520CHEVMDA6G,传祺(Trumpchi)牌,广汽传祺汽车有限公司,0,ambiguous,,,,,,,,,,,,,,,,Copyright © 2026 David YE
3005,392,GAC6530CHEVMDA6A,传祺(Trumpchi)牌,广汽传祺汽车有限公司,0,ambiguous,,,,,,,,,,,,,,,,Copyright © 2026 David YE
3008,392,MR7151DCHEV105,吉利牌,浙江吉利汽车有限公司,0,ambiguous,160,160,,,,,,,,,,,,,,Copyright © 2026 David YE
3009,392,MR7151DCHEV106,吉利牌,浙江吉利汽车有限公司,0,ambiguous,160,160,,,,,,,,,,,,,,Copyright © 2026 David YE
3010,392,QCJ2030ST6HEV2,方程豹牌,比亚迪汽车工业有限公司,0,ambiguous,180,180,,,,,,,,,,,,,,Copyright © 2026 David YE
3011,392,SC6510AAAA6HEV,长安牌,重庆长安汽车股份有限公司,185kW,ambiguous,160,160,,,,,,,,,,,,,,Copyright © 2026 David YE
3014,392,SKE6520SSHEVA5S,赛力斯牌,赛力斯汽车有限公司,0,ambiguous,,,,,,,,,,,,,,,,Copyright © 2026 David YE
3015,392,SKE6520SSHEVA6S,赛力斯牌,赛力斯汽车有限公司,0,ambiguous,,,,,,,,,,,,,,,,Copyright © 2026 David YE
3016,392,SQR6480CHEVT284,奇瑞牌,奇瑞汽车股份有限公司,0,ambiguous,130,130,,,,,,,,,,,,,,Copyright © 2026 David YE
3017,392,SQR6500REEVEHY2,奇瑞牌,奇瑞汽车股份有限公司,0,ambiguous,130,130,,,,,,,,,,,,,,Copyright © 2026 David YE
3018,392,SQR6500REEVEHY4,奇瑞牌,奇瑞汽车股份有限公司,0,ambiguous,130,130,,,,,,,,,,,,,,Copyright © 2026 David YE
3019,393,AFN6490LAABEVA,奥迪牌,奥迪一汽新能源汽车有限公司,205,ambiguous,,,Audi Hungaria Zrt,TZ210XYECC,,,,,,,,,,,,Copyright © 2026 David YE
3020,393,AFN6490LAABEVB,奥迪牌,奥迪一汽新能源汽车有限公司,205,ambiguous,,,Audi Hungaria Zrt,TZ210XYECC,,,,,,,,,,,,Copyright © 2026 David YE
3021,393,AFN6490SAABEVA,奥迪牌,奥迪一汽新能源汽车有限公司,205,ambiguous,,,Audi Hungaria Zrt,TZ210XYECC,,,,,,,,,,,,Copyright © 2026 David YE
3022,393,AFN6490SAABEVB,奥迪牌,奥迪一汽新能源汽车有限公司,205,ambiguous,,,Audi Hungaria Zrt,TZ210XYECC,,,,,,,,,,,,Copyright © 2026 David YE
3023,393,AHC6490BEVH1V,昊铂牌,广汽埃安新能源汽车股份有限公司,180kW,ambiguous,180,180,苏州汇川联合动力系统股份有限公司,TZ190XY105,,,,,,,,,,,,Copyright © 2026 David YE
3024,393,AHC7000BEVL0H,埃安(AION)牌,广汽埃安新能源汽车股份有限公司,100kW,ambiguous,100,100,苏州汇川联合动力系统股份有限公司,TZ180XS134,,,,,,,,,,,,Copyright © 2026 David YE
3025,393,AHC7001BEVA2C,埃安(AION)牌,广汽埃安新能源汽车股份有限公司,100kW,ambiguous,100,100,苏州汇川联合动力系统股份有限公司,TZ180XS134,,,,,,,,,,,,Copyright © 2026 David YE
3026,393,AHC7001BEVA2D,埃安(AION)牌,广汽埃安新能源汽车股份有限公司,100kW,ambiguous,100,100,苏州汇川联合动力系统股份有限公司,TZ180XS134,,,,,,,,,,,,Copyright © 2026 David YE
3027,393,AHC7001BEVA2E,埃安(AION)牌,广汽埃安新能源汽车股份有限公司,,blank,,,,,,,,,,,,,,,,Copyright © 2026 David YE
3028,393,AHC7001BEVA2F,埃安(AION)牌,广汽埃安新能源汽车股份有限公司,100kW,ambiguous,100,100,锐湃动力科技有限公司,TZ160XYD3A02,,,,,,,,,,,,Copyright © 2026 David YE
3029,393,BJ7001A61LBEV,极狐(ARCFOX)牌,北汽蓝谷麦格纳汽车有限公司,175kW,ambiguous,175,175,北京新能源汽车股份有限公司,TZ220XS640,,,,,,,,,,,,Copyright © 2026 David YE
3030,393,CA7000H0EVK,红旗牌,中国第一汽车集团有限公司,110kW,ambiguous,180,180,湖南中车时代电驱科技有限公司,CAM190PT4,,,,,,,,,,,,Copyright © 2026 David YE
3031,393,CA7000H0EVM,红旗牌,中国第一汽车集团有限公司,110kW,ambiguous,180,180,湖南中车时代电驱科技有限公司,CAM190PT4,,,,,,,,,,,,Copyright © 2026 David YE
3032,393,CC6430BJ00NDBEV,欧拉牌,长城汽车股份有限公司,126kW,ambiguous,126,126,菲格智能科技有限公司,TZ180XS009,,,,,,,,,,,,Copyright © 2026 David YE
3033,393,CSA7004MBEV1,名爵牌,上海汽车集团股份有限公司,120kW,ambiguous,180,180,湖南中车时代电驱科技有限公司,TZ180XS1001,,,,,,,,,,,,Copyright © 2026 David YE
3034,393,CSA7004MBEV3,名爵牌,上海汽车集团股份有限公司,120kW,ambiguous,180,180,湖南中车时代电驱科技有限公司,TZ180XS1001,,,,,,,,,,,,Copyright © 2026 David YE
3035,393,DFM6473M5F9BEV,东风牌,东风汽车集团有限公司,120kW,ambiguous,120,120,海英搏尔电气股份有限公司,TZ180XSS01,,,,,,,,,,,,Copyright © 2026 David YE
3036,393,FZ6470BEVC10K,零跑牌,零跑汽车有限公司,220kW,ambiguous,170,170,金华凌昇动力科技有限公司,TZ220XY038,,,,,,,,,,,,Copyright © 2026 David YE
3037,393,FZ6470BEVC10L,零跑牌,零跑汽车有限公司,220kW,ambiguous,170,170,金华凌昇动力科技有限公司,TZ220XY038,,,,,,,,,,,,Copyright © 2026 David YE
3038,393,FZ6470BEVC10M,零跑牌,零跑汽车有限公司,220kW,ambiguous,170,170,金华凌昇动力科技有限公司,TZ220XY038,,,,,,,,,,,,Copyright © 2026 David YE
3039,393,HQ6431BEV100,精灵(smart)牌,浙江豪情汽车制造有限公司,250,ambiguous,120,120,衢州极电电动汽车技术有限公司,TZ220XYA02,,,,,,,,,,,,Copyright © 2026 David YE
3040,393,HQ6431BEV101,精灵(smart)牌,浙江豪情汽车制造有限公司,175,ambiguous,120,120,无锡星驱动力科技有限公司,TZ184QY101,,,,,,,,,,,,Copyright © 2026 David YE
3042,393,HQ6431BEV103,精灵(smart)牌,浙江豪情汽车制造有限公司,250kW,ambiguous,120,120,衢州极电电动汽车技术有限公司,TZ220XYA02,,,,,,,,,,,,Copyright © 2026 David YE
3044,393,HQ6431BEV105,精灵(smart)牌,浙江豪情汽车制造有限公司,175kW,ambiguous,120,120,浙江豪情汽车制造有限公司,TZ184QY101,,,,,,,,,,,,Copyright © 2026 David YE
3045,393,JL6501BEV104,远程牌,浙江豪情汽车制造有限公司,170kW,ambiguous,120,120,华域麦格纳电驱动系统有限公司,TZ220XS000,,,,,,,,,,,,Copyright © 2026 David YE
3046,393,LZW6402BEVA2,宝骏牌,上汽通用五菱汽车股份有限公司,75kW,ambiguous,30,30,柳州赛克科技发展有限公司 ,TZ180XS275,,,,,,,,,,,,Copyright © 2026 David YE
3047,393,LZW6402BEVA3,宝骏牌,上汽通用五菱汽车股份有限公司,75kW,ambiguous,30,30,柳州赛克科技发展有限公司,TZ180XS275,,,,,,,,,,,,Copyright © 2026 David YE
3048,393,MR6461BEV100,吉利牌,浙江吉利汽车有限公司,160kW,ambiguous,160,160,无锡星驱动力科技有限公司 ,TZ184XY101,,,,,,,,,,,,Copyright © 2026 David YE
3049,393,NEQ6420BEVS59F,爱咖牌,奇瑞新能源汽车股份有限公司,100kW,ambiguous,100,100,奇瑞新能源汽车股份有限公司,112AB9,,,,,,100,2830,390,100,同一电机型号官方公告记录唯一一致,,Copyright © 2026 David YE
3050,393,NEQ6440BEVS56K,爱咖牌,奇瑞新能源汽车股份有限公司,185kW,ambiguous,185,185,奇瑞新能源汽车股份有限公司,112AD3,,,,,,,,,,,,Copyright © 2026 David YE
3052,393,NEQ7000BEVHH12A,奇瑞牌,奇瑞新能源汽车股份有限公司,40kW,ambiguous,40,40,菲仕绿能科技(北京)有限公司,2103BA2,,,,,,,,,,,,Copyright © 2026 David YE
3053,393,NEQ7000BEVHH12B,奇瑞牌,奇瑞新能源汽车股份有限公司,40kW,ambiguous,40,40,菲仕绿能科技（北京）有限公司,2103BA2,,,,,,,,,,,,Copyright © 2026 David YE
3054,393,SGM6491BEBEV,别克牌,上汽通用汽车有限公司,180kW,ambiguous,130,130,上汽通用汽车有限公司,TZ220XYP76,,,,,,,,,,,,Copyright © 2026 David YE
3055,393,SGM6491BFBEV,别克牌,上汽通用汽车有限公司,180kW,ambiguous,130,130,上汽通用汽车有限公司,TZ220XYP76,,,,,,,,,,,,Copyright © 2026 David YE
3057,393,SH6481U1BEV-H42,大通牌,上汽大通汽车有限公司,90kW,ambiguous,90,90,珠海英博尔电气股份有限公司,TZ180XSSQB,,,,,,,,,,,,Copyright © 2026 David YE
3058,393,SVW7000FEV,大众汽车(VOLKSWAGEN)牌,上汽大众汽车有限公司,125kW,ambiguous,150,150,大众汽车自动变速器(天津)有限公司,EFK,,,,,,,,,,,,Copyright © 2026 David YE
3060,393,WHJ7000BEVHH125,凯翼牌,宜宾凯翼汽车有限公司,40kW,ambiguous,40,40,菲仕绿能科技(北京)有限公司,2103BA2,,,,,,,,,,,,Copyright © 2026 David YE
3061,393,WHJ7000BEVHH126,凯翼牌,宜宾凯翼汽车有限公司,40kW,ambiguous,40,40,菲仕绿能科技(北京)有限公司,2103BA2,,,,,,,,,,,,Copyright © 2026 David YE
3062,393,YDE7000BEV5C,云度牌,云度新能源汽车有限公司,147kW,ambiguous,147,147,联合汽车电子有限公司,TZ180XS0951,,,,,,,,,,,,Copyright © 2026 David YE
3063,393,BYD7150ADHEV6,比亚迪牌,比亚迪汽车工业有限公司,0,ambiguous,180,180,,,,,,,,,,,,,,Copyright © 2026 David YE
3064,393,BYD7150ADHEV8,比亚迪牌,比亚迪汽车工业有限公司,0,ambiguous,180,180,,,,,,,,,,,,,,Copyright © 2026 David YE
3065,393,CC6480CW23CPHEV,哈弗牌,长城汽车股份有限公司,0,ambiguous,126,126,,,,,,,,,,,,,,Copyright © 2026 David YE
3066,393,CC6480CW23FPHEV,哈弗牌,长城汽车股份有限公司,0,ambiguous,126,126,,,,,,,,,,,,,,Copyright © 2026 David YE
3067,393,CC6480CW23GPHEV,哈弗牌,长城汽车股份有限公司,0,ambiguous,126,126,,,,,,,,,,,,,,Copyright © 2026 David YE
3068,393,LZW6470HDUPHEVA3,五菱牌,上汽通用五菱汽车股份有限公司,0,ambiguous,30,30,,,,,,,,,,,,,,Copyright © 2026 David YE
3069,393,MR7151DCHEV110,吉利牌,浙江吉利汽车有限公司,0,ambiguous,160,160,,,,,,,,,,,,,,Copyright © 2026 David YE
3070,393,MR7151DCHEV111,吉利牌,浙江吉利汽车有限公司,0,ambiguous,160,160,,,,,,,,,,,,,,Copyright © 2026 David YE
3071,393,NJL6470PHEV5,创维牌,南京金龙客车制造有限公司,160kW,ambiguous,160,160,,,,,,,,,,,,,,Copyright © 2026 David YE
3072,393,SQR6472CHEVT1L,捷途牌,奇瑞汽车股份有限公司,0,ambiguous,130,130,,,,,,,,,,,,,,Copyright © 2026 David YE
3073,393,SQR6500REEVEHY3,奇瑞牌,奇瑞汽车股份有限公司,0,ambiguous,130,130,,,,,,,,,,,,,,Copyright © 2026 David YE
3074,393,SQR7150CHEVE01,奇瑞牌,奇瑞汽车股份有限公司,0,ambiguous,130,130,,,,,,,,,,,,,,Copyright © 2026 David YE
3075,393,SQR7150CHEVE011,奇瑞牌,奇瑞汽车股份有限公司,0,ambiguous,130,130,,,,,,,,,,,,,,Copyright © 2026 David YE
3076,394,BAW6521MALBEV,锐胜牌,北京汽车制造厂有限公司,120kW,ambiguous,110,110,深圳市大地和电气股份有限公司,TZ180XSD31,,,,,,,,,,,,Copyright © 2026 David YE
3077,394,BJ6470A506BEV,极狐(ARCFOX)牌,北汽蓝谷麦格纳汽车有限公司,185kW,ambiguous,175,175,北京新能源汽车股份有限公司,TZ220XS645,,,,,,,,,,,,Copyright © 2026 David YE
3078,394,BJ6522EVAA1,福田牌,北汽福田汽车股份有限公司,125kW,ambiguous,110,110,北汽福田汽车股份有限公司,FTTBP125A,,,,,,,,,,,,Copyright © 2026 David YE
3079,394,BJ7000T372BEV,极狐牌,北京新能源汽车股份有限公司,70kW,ambiguous,95,95,湖南中车时代电驱科技有限公司,TZ180XS344,,,,,,,,,,,,Copyright © 2026 David YE
3080,394,BJ7000T37BEV,极狐牌,北京新能源汽车股份有限公司,70kW,ambiguous,95,95,湖南中车时代电驱科技有限公司,TZ180XS344,,,,,,,,,,,,Copyright © 2026 David YE
3081,394,BYD6480AABEV1,比亚迪牌,比亚迪汽车有限公司,170kW,ambiguous,180,180,郑州比亚迪汽车有限公司,TZ200XSBF,,,,,,,,,,,,Copyright © 2026 David YE
3082,394,BYD6480AABEV2,比亚迪牌,比亚迪汽车有限公司,180kW,ambiguous,180,180,南京市比亚迪汽车有限公司,TZ200XYAJ,,,,,,,,,,,,Copyright © 2026 David YE
3084,394,FZ6450BEVB10E,零跑牌,零跑汽车有限公司,160kW,ambiguous,200,200,金华凌昇动力科技有限公司,TZ180XY005,,,,,,,,,,,,Copyright © 2026 David YE
3085,394,FZ6450BEVB10F,零跑牌,零跑汽车有限公司,160kW,ambiguous,200,200,金华凌昇动力科技有限公司,TZ180XY005,,,,,,,,,,,,Copyright © 2026 David YE
3086,394,FZ6450BEVB10G,零跑牌,零跑汽车有限公司,132kW,ambiguous,200,200,湖南中车时代电驱科技有限公司,TZ180XS101,,,,,,,,,,,,Copyright © 2026 David YE
3087,394,FZ6450BEVB10H,零跑牌,零跑汽车有限公司,160kW,ambiguous,200,200,金华凌昇动力科技有限公司,TZ180XY005,,,,,,,,,,,,Copyright © 2026 David YE
3088,394,FZ6490BEVC16J,零跑牌,零跑汽车有限公司,102kW,ambiguous,170,170,金华凌昇动力科技有限公司,TZ220XY038,,,,,,,,,,,,Copyright © 2026 David YE
3089,394,FZ6490BEVC16K,零跑牌,零跑汽车有限公司,102kW,ambiguous,170,170,金华凌昇动力科技有限公司,TZ220XY038,,,,,,,,,,,,Copyright © 2026 David YE
3090,394,FZ6490BEVC16L,零跑牌,零跑汽车有限公司,102kW,ambiguous,170,170,金华凌昇动力科技有限公司,TZ220XY038,,,,,,,,,,,,Copyright © 2026 David YE
3091,394,FZ7000BEVB01A,零跑牌,零跑汽车有限公司,160kW,ambiguous,180,180,金华凌昇动力科技有限公司,TZ180XY005,,,,,,,,,,,,Copyright © 2026 David YE
3092,394,FZ7000BEVB01B,零跑牌,零跑汽车有限公司,160kW,ambiguous,180,180,金华凌昇动力科技有限公司,"
TZ180XY005",,,,,,,,,,,,Copyright © 2026 David YE
3093,394,FZ7000BEVB01C,零跑牌,零跑汽车有限公司,"
132kW",ambiguous,180,180,湖南中车时代电驱科技有限公司,TZ180XS101,,,,,,,,,,,,Copyright © 2026 David YE
3094,394,JHC6482SEVS1,远程牌,山西新能源汽车工业有限公司,30kW,ambiguous,110,110,湖州智芯动力系统发展有限公司,TZ180XSDSZX01,,,,,,,,,,,,Copyright © 2026 David YE
3095,394,KZ6510BEV0012,天马牌,中恒天越野汽车有限公司,60kW,ambiguous,60,60,苏州发卡电机有限公司,TZ175XSQ02,,,,,,,,,,,,Copyright © 2026 David YE
3100,394,LZW7001BEVE2,五菱牌,上汽通用五菱汽车股份有限公司,30kW,ambiguous,30,30,柳州赛克科技发展有限公司,TZ155XZ230,,,,,,,,,,,,Copyright © 2026 David YE
3102,394,NEQ6440BEVS56L,爱咖牌,,185kW,ambiguous,185,185,奇瑞新能源汽车股份有限公司,112AD3,,,,,,,,,,,,Copyright © 2026 David YE
3103,394,NEQ6440BEVS56V,奇瑞牌,奇瑞新能源汽车股份有限公司,185kW,ambiguous,185,185,奇瑞新能源汽车股份有限公司,112AD3,,,,,,,,,,,,Copyright © 2026 David YE
3104,394,QCJ6460AHBEV4,方程豹牌,比亚迪汽车有限公司,160kW,ambiguous,160,160,南京市比亚迪汽车有限公司,TZ200XYX,,,,,,,,,,,,Copyright © 2026 David YE
3106,394,SC6460AAABBEV,长安牌,重庆长安汽车股份有限公司,200kW,ambiguous,160,160,重庆长安汽车股份有限公司,XTDM67,,,,,,,,,,,,Copyright © 2026 David YE
3107,394,BYD6480AMHEV1,比亚迪牌,比亚迪汽车有限公司,160kW,ambiguous,180,180,,,,,,,,,,,,,,Copyright © 2026 David YE
3108,394,BYD6480AMHEV2,比亚迪牌,比亚迪汽车工业有限公司,160kW,ambiguous,180,180,,,,,,,,,,,,,,Copyright © 2026 David YE
3109,394,BYD6480AMHEV4,比亚迪牌,比亚迪汽车工业有限公司,160kW,ambiguous,180,180,,,,,,,,,,,,,,Copyright © 2026 David YE
3110,394,BYD7150ADHEV7,比亚迪牌,比亚迪汽车工业有限公司,0,ambiguous,180,180,,,,,,,,,,,,,,Copyright © 2026 David YE
3111,394,CAM6481BASHEV,马自达牌,长安马自达汽车有限公司,190kW,ambiguous,190,190,,,,,,,,,,,,,,Copyright © 2026 David YE
3112,394,CC6470CF26APHEV,哈弗牌,长城汽车股份有限公司,0,ambiguous,126,126,,,,,,,,,,,,,,Copyright © 2026 David YE
3113,394,CC6470CF26BPHEV,哈弗牌,长城汽车股份有限公司,0,ambiguous,126,126,,,,,,,,,,,,,,Copyright © 2026 David YE
3114,394,EQ6497AL5F1SHEV,岚图牌,,215kW,ambiguous,,,,,,,,,,,,,,,,Copyright © 2026 David YE
3116,394,FZ6490SHEVC16G,零跑牌,零跑汽车有限公司,170kW,ambiguous,170,170,,,,,,,,,,,,,,Copyright © 2026 David YE
3117,394,FZ6490SHEVC16H,零跑牌,零跑汽车有限公司,170kW,ambiguous,170,170,,,,,,,,,,,,,,Copyright © 2026 David YE
3118,394,GAC6512CHEVJAC6A,传祺(Trumpchi)牌,广汽传祺汽车有限公司,0,ambiguous,,,,,,,,,,,,,,,,Copyright © 2026 David YE
3119,394,MR6521DPHEV102,领克牌,浙江吉利汽车有限公司,0,ambiguous,160,160,,,,,,,,,,,,,,Copyright © 2026 David YE
3120,394,SGM6536UACHEV,别克牌,上汽通用汽车有限公司,200kW,ambiguous,130,130,,,,,,,,,,,,,,Copyright © 2026 David YE
3121,394,SGM6536UBCHEV,别克牌,上汽通用汽车有限公司,200kW,ambiguous,130,130,,,,,,,,,,,,,,Copyright © 2026 David YE
3122,394,SGM6536UCCHEV,别克牌,上汽通用汽车有限公司,0,ambiguous,130,130,,,,,,,,,,,,,,Copyright © 2026 David YE
3123,394,WHJ6471CHEVFX12,凯翼牌,宜宾凯翼汽车有限公司,0,ambiguous,,,,,,,,,,,,,,,,Copyright © 2026 David YE
3124,395,AHC6450BEVD2D,埃安(AION)牌,广汽埃安新能源汽车股份有限公司,100,ambiguous,100,100,苏州汇川联合动力系统股份有限公司,TZ180XS130,,,,,,,,,,,,Copyright © 2026 David YE
3125,395,AHC7000BEVL0L,埃安(AION)牌,广汽埃安新能源汽车股份有限公司,100,ambiguous,100,100,苏州汇川联合动力系统股份有限公司,TZ180XS134,,,,,,,,,,,,Copyright © 2026 David YE
3126,395,BJ7001A518BEV,极狐(ARCFOX)牌,北汽蓝谷麦格纳汽车有限公司,185,ambiguous,185,185,北京新能源汽车股份有限公司,TZ220XS645,,,,,,,,,,,,Copyright © 2026 David YE
3127,395,BMW7000AGEV,宝马(BMW)牌,华晨宝马汽车有限公司,180,ambiguous,180,180,采埃孚电驱动科技(沈阳)有限公司,FB5395X8100,,,,,,,,,,,,Copyright © 2026 David YE
3128,395,BMW7000AHEV,宝马(BMW)牌,华晨宝马汽车有限公司,160,ambiguous,160,160,采埃孚电驱动科技(沈阳)有限公司,HA0001N1,,,,,,,,,,,,Copyright © 2026 David YE
3129,395,CA6440BEVC,一汽牌,中国第一汽车集团有限公司,124,ambiguous,124,124,湖南中车时代电驱科技有限公司,TZ180XS792,,,,,,,,,,,,Copyright © 2026 David YE
3130,395,CA6440BEVD,一汽牌,中国第一汽车集团有限公司,124,ambiguous,124,124,湖南中车时代电驱科技有限公司,TZ180XS792,,,,,,,,,,,,Copyright © 2026 David YE
3131,395,CA6440BEVE,一汽牌,中国第一汽车集团有限公司,124,ambiguous,124,124,湖南中车时代电驱科技有限公司,TZ180XS792,,,,,,,,,,,,Copyright © 2026 David YE
3132,395,CA6440BEVF,一汽牌,中国第一汽车集团有限公司,124,ambiguous,124,124,湖南中车时代电驱科技有限公司,TZ180XS792,,,,,,,,,,,,Copyright © 2026 David YE
3133,395,CA7009H0EVC,红旗牌,中国第一汽车集团有限公司,340,ambiguous,340,340,中国第一汽车集团有限公司,0,,,,,,,,,,,,Copyright © 2026 David YE
3134,395,CAM6481BABEV,马自达牌,长安马自达汽车有限公司,190,ambiguous,190,190,长安马自达发动机有限公司,MSED08,,,,,,,,,,,,Copyright © 2026 David YE
3135,395,CSA6492LBEVC,智己牌,上海汽车集团股份有限公司,245,ambiguous,245,245,联合汽车电子有限公司,TZ210XS1141,,,,,,,,,,,,Copyright © 2026 David YE
3136,395,CSA6492LBEVE,智己牌,上海汽车集团股份有限公司,300,ambiguous,300,300,华域汽车电动系统有限公司,TZ230XY1252,,,,,,,,,,,,Copyright © 2026 David YE
3138,395,CSA7005ABEV1,荣威牌,上海汽车集团股份有限公司,95,ambiguous,95,95,湖南中车时代电驱科技有限公司,TZ180XS1001,,,,,,,,,,,,Copyright © 2026 David YE
3139,395,CSA7005ABEV2,荣威牌,上海汽车集团股份有限公司,95,ambiguous,95,95,湖南中车时代电驱科技有限公司,TZ180XS1001,,,,,,,,,,,,Copyright © 2026 David YE
3141,395,DFL6480NN31BEV,岚图牌,岚图汽车科技有限公司,230,ambiguous,230,230,智新科技股份有限公司,TZ225XYH01,,,,,,,,,,,,Copyright © 2026 David YE
3142,395,EQ6530VLBEVB,东风牌,东风汽车股份有限公司,110,ambiguous,110,110,四川建安工业有限责任公司,TZ180XS022C,,,,,,,,,,,,Copyright © 2026 David YE
3143,395,FV6465BABEV,大众牌,一汽-大众汽车有限公司,125,ambiguous,125,125,大众汽车自动变速器（天津）有限公司,EEV 125,,,,,,,,,,,,Copyright © 2026 David YE
3144,395,FZ6470BEVC10N,零跑牌,零跑汽车有限公司,220,ambiguous,220,220,金华凌昇动力科技有限公司,TZ220XY038,,,,,,,,,,,,Copyright © 2026 David YE
3145,395,FZ6480BEV29,零跑牌,零跑汽车有限公司,220,ambiguous,220,220,金华凌昇动力科技有限公司,TZ220XY030,,,,,,,,,,,,Copyright © 2026 David YE
3146,395,FZ6480BEV30,零跑牌,零跑汽车有限公司,220,ambiguous,220,220,金华凌昇动力科技有限公司,TZ220XY030,,,,,,,,,,,,Copyright © 2026 David YE
3147,395,FZ7000BEVB01D,零跑牌,零跑汽车有限公司,160,ambiguous,160,160,金华凌昇动力科技有限公司,TZ180XY005,,,,,,,,,,,,Copyright © 2026 David YE
3148,395,FZ7000BEVB01E,零跑牌,零跑汽车有限公司,160,ambiguous,"
160",160,金华凌昇动力科技有限公司,TZ180XY005,,,,,,,,,,,,Copyright © 2026 David YE
3149,395,FZ7000BEVB01F,零跑牌,零跑汽车有限公司,132,ambiguous,132,132,湖南中车时代电驱科技有限公司,TZ180XS101,,,,,,,,,,,,Copyright © 2026 David YE
3150,395,HFC7002BEV11,江淮牌,安徽江淮汽车集团股份有限公司,100,ambiguous,100,100,合肥道一动力科技有限公司,TZ180XSIEM3,,,,,,,,,,,,Copyright © 2026 David YE
3151,395,JHC6501BEVR3,远程牌,山西新能源汽车工业有限公司,,blank,110,110,,TZ180XS022C,,,,,,,,,,,,Copyright © 2026 David YE
3152,395,JHC6501BEVR4,远程牌,山西新能源汽车工业有限公司,90,ambiguous,110,110,湖州智芯动力系统发展有限公司,TZ180XSZX08,,,,,,,,,,,,Copyright © 2026 David YE
3153,395,JHC6507BEVR1,远程牌,山西新能源汽车工业有限公司,90,ambiguous,110,110,湖州智芯动力系统发展有限公司,TZ180XSZX08,,,,,,,,,,,,Copyright © 2026 David YE
3155,395,JX7004ESCBEV,羿驰牌,江西江铃集团新能源汽车有限公司,30,ambiguous,60,60,柳州旺林新能源科技有限公司,TZ155X230,,,,,,,,,,,,Copyright © 2026 David YE
3156,395,MR6461BEV103,吉利牌,浙江吉利汽车有限公司,160,ambiguous,160,160,浙江吉利汽车有限公司,TZ184XY101,,,,,,,,,,,,Copyright © 2026 David YE
3157,395,MR7001BEV118,领克牌,浙江吉利控股集团有限公司,175,ambiguous,175,175,无锡星驱动力科技有限公司,TZ184QY101,,,,,,,,,,,,Copyright © 2026 David YE
3158,395,NAL6513BSEVZ1,乐道牌,蔚来汽车科技（安徽）有限公司,340,ambiguous,340,340,"
蔚来动力科技（合肥）有限公司新桥分公司",TZ198Y001,,,,,,,,,,,,Copyright © 2026 David YE
3160,395,NEQ6430BEVS56Z,奇瑞牌,奇瑞新能源汽车股份有限公司,185,ambiguous,185,185,奇瑞新能源汽车股份有限公司,112AD3,,,,,,,,,,,,Copyright © 2026 David YE
3161,395,NEQ6440BEVS56U,奇瑞牌,奇瑞新能源汽车股份有限公司,185,ambiguous,185,185,奇瑞新能源汽车股份有限公司,TZ180XSSQB,,,,,,,,,,,,Copyright © 2026 David YE
3162,395,NHQ7002BEVEA,小鹏牌,广州小鹏汽车科技有限公司,110,ambiguous,110,110,立讯智造科技(常熟)有限公司,TZ230XY01E29X,,,,,,,,,,,,Copyright © 2026 David YE
3163,395,NHQ7002BEVEB,小鹏牌,广州小鹏汽车科技有限公司,270,ambiguous,270,270,中创新航科技集团股份有限公司,TZ230XY01E29X,,,,,,,,,,,,Copyright © 2026 David YE
3165,395,SC7000AAADBEV,长安牌,重庆长安汽车股份有限公司,210,ambiguous,210,210,重庆青山工业有限责任公司,ATDM04,,,,,,,,,,,,Copyright © 2026 David YE
3166,395,SC7000AAAHBEV,长安牌,重庆长安汽车股份有限公司,200,ambiguous,200,200,重庆长安汽车股份有限公司,XTDM67,,,,,,,,,,,,Copyright © 2026 David YE
3167,395,SC7000AAAKBEV,长安牌,重庆长安汽车股份有限公司,35,ambiguous,35,35,重庆青山工业有限责任公司,YY30TZ155001,,,,,,,,,,,,Copyright © 2026 David YE
3168,395,SC7000AAALBEV,长安牌,重庆长安汽车股份有限公司,35,ambiguous,35,35,重庆青山工业有限责任公司,YY30TZ155001,,,,,,,,,,,,Copyright © 2026 David YE
3169,395,SC7002CAABEV,长安牌,重庆长安汽车股份有限公司,120,ambiguous,120,120,重庆青山工业有限责任公司,TZ180XS002,,,,,,,,,,,,Copyright © 2026 David YE
3170,395,SC7002CABBEV,长安牌,重庆长安汽车股份有限公司,120,ambiguous,120,120,重庆青山工业有限责任公司,TZ180XS002,,,,,,,,,,,,Copyright © 2026 David YE
3171,395,SQR6500BEVEHY5,奇瑞牌,奇瑞新能源汽车股份有限公司,215,ambiguous,215,215,奇瑞汽车股份有限公司,TZ210XYA02,,,,,,,,,,,,Copyright © 2026 David YE
3172,395,SVW700331BEV,奥迪(AUDI)牌,上汽大众汽车有限公司,220,ambiguous,220,220,华域汽车电动系统有限公司,TZ210XS1191,,,,,,,,,,,,Copyright © 2026 David YE
3173,395,SVW700332BEV,奥迪(AUDI)牌,上汽大众汽车有限公司,220,ambiguous,220,220,华域汽车电动系统有限公司,TZ210XS1191,,,,,,,,,,,,Copyright © 2026 David YE
3175,395,SVW700334BEV,奥迪(AUDI)牌,上汽大众汽车有限公司,300,ambiguous,300,300,华域汽车电动系统有限公司,TZ230XY1251,,,,,,,,,,,,Copyright © 2026 David YE
3177,395,WHJ7000BEVHH122,凯翼牌,宜宾凯翼汽车有限公司,40,ambiguous,40,40,菲仕绿能科技(北京)有限公司,2103BA2,,,,,,,,,,,,Copyright © 2026 David YE
3179,395,XMA6500LBEVR6,小米牌,小米汽车科技有限公司,235,ambiguous,235,235,苏州汇川联合动力系统股份有限公司,TZ220XY110,,,,,,,,,,,,Copyright © 2026 David YE
3180,395,AHC6510SHEVM0A,昊铂牌,广汽埃安新能源汽车股份有限公司,0,ambiguous,,,,,,,,,,,,,,,,Copyright © 2026 David YE
3181,395,BYD6483ST6HEV15,比亚迪牌,比亚迪汽车工业有限公司,0,ambiguous,180,180,,,,,,,,,,,,,,Copyright © 2026 David YE
3182,395,BYD7150ADHEVA1,比亚迪牌,比亚迪汽车工业有限公司,0,ambiguous,180,180,,,,,,,,,,,,,,Copyright © 2026 David YE
3183,395,BYD7152ACHEV4,比亚迪牌,比亚迪汽车有限公司,0,ambiguous,160,160,,,,,,,,,,,,,,Copyright © 2026 David YE
3184,395,CSA6492LFSHEV1,智己牌,上海汽车集团股份有限公司,230kW,ambiguous,180,180,,,,,,,,,,,,,,Copyright © 2026 David YE
3185,395,CSA6492LFSHEV2,智己牌,,230kW,ambiguous,230,230,,,,,,,,,,,,,,Copyright © 2026 David YE
3186,395,CSA7159DFCHEV5,荣威牌,上海汽车集团股份有限公司,,blank,180,180,,,,,,,,,,,,,,Copyright © 2026 David YE
3187,395,DFM6480M5F1PHEV,东风牌,东风汽车集团有限公司,0,ambiguous,120,120,,,,,,,,,,,,,,Copyright © 2026 David YE
3188,395,EQ2031RMV6PHEV,猛士牌,,0,ambiguous,,,,,,,,,,,,,,,,Copyright © 2026 David YE
3189,395,FZ6480SHEV31,零跑牌,零跑汽车有限公司,200kW,ambiguous,170,170,,,,,,,,,,,,,,Copyright © 2026 David YE
3190,395,FZ6480SHEV32,零跑牌,零跑汽车有限公司,200kW,ambiguous,170,170,,,,,,,,,,,,,,Copyright © 2026 David YE
3191,395,FZ6490SHEVC16F,零跑牌,零跑汽车有限公司,170kW,ambiguous,170,170,,,,,,,,,,,,,,Copyright © 2026 David YE
3192,395,MR7151DCHEV101,吉利牌,浙江吉利汽车有限公司,0,ambiguous,160,160,,,,,,,,,,,,,,Copyright © 2026 David YE
3193,395,MR7151DCHEV102,吉利牌,浙江吉利汽车有限公司,0,ambiguous,160,160,,,,,,,,,,,,,,Copyright © 2026 David YE
3194,395,MR7151DCHEV109,吉利牌,浙江吉利汽车有限公司,0,ambiguous,160,160,,,,,,,,,,,,,,Copyright © 2026 David YE
3195,395,NEQ6450REEVS56A,奇瑞牌,奇瑞新能源汽车股份有限公司,,blank,,,,,,,,,,,,,,,,Copyright © 2026 David YE
3196,395,NEQ6450REEVS56B,奇瑞牌,奇瑞新能源汽车股份有限公司,0,ambiguous,,,,,,,,,,,,,,,,Copyright © 2026 David YE
3197,395,NEQ6450REEVS56C,奇瑞牌,奇瑞新能源汽车股份有限公司,0,ambiguous,,,,,,,,,,,,,,,,Copyright © 2026 David YE
3198,395,QCJ6520AP6HEV1,腾势牌,比亚迪汽车工业有限公司,0,ambiguous,180,180,,,,,,,,,,,,,,Copyright © 2026 David YE
3199,395,QCJ6520AP6HEV2,腾势牌,比亚迪汽车工业有限公司,0,ambiguous,180,180,,,,,,,,,,,,,,Copyright © 2026 David YE
3200,395,SC6460AAAA6HEV,长安牌,重庆长安汽车股份有限公司,175kW,ambiguous,160,160,,,,,,,,,,,,,,Copyright © 2026 David YE
3201,395,SC7150AAAG6HEV,长安牌,重庆长安汽车股份有限公司,140kW,ambiguous,160,160,,,,,,,,,,,,,,Copyright © 2026 David YE
3202,395,SC7150AAAH6HEV,长安牌,重庆长安汽车股份有限公司,158kW,ambiguous,160,160,,,,,,,,,,,,,,Copyright © 2026 David YE
3203,395,SC7150AAAL6HEV,长安牌,重庆长安汽车股份有限公司,175kW,ambiguous,160,160,,,,,,,,,,,,,,Copyright © 2026 David YE
3204,395,SC7150AAAM6HEV,长安牌,重庆长安汽车股份有限公司,200kW,ambiguous,160,160,,,,,,,,,,,,,,Copyright © 2026 David YE
3205,395,SC7152CAA6HEV,长安牌,重庆长安汽车股份有限公司,120kW,ambiguous,160,160,,,,,,,,,,,,,,Copyright © 2026 David YE
3206,395,SQR6452CHEVT1EJ2,奇瑞牌,奇瑞新能源汽车股份有限公司,0,ambiguous,55,55,,,,,,,,,,,,,,Copyright © 2026 David YE
3207,395,SQR6470CHEVT182,奇瑞牌,奇瑞汽车股份有限公司,0,ambiguous,130,130,,,,,,,,,,,,,,Copyright © 2026 David YE
3208,395,SQR6471CHEVT182,奇瑞牌,奇瑞新能源汽车股份有限公司,0,ambiguous,55,55,,,,,,,,,,,,,,Copyright © 2026 David YE
3209,395,SQR6480CHEVT1N,捷途牌,奇瑞汽车股份有限公司,,blank,130,130,,,,,,,,,,,,,,Copyright © 2026 David YE
3210,395,SQR6481CHEVT1N,捷途牌,奇瑞汽车股份有限公司,,blank,130,130,,,,,,,,,,,,,,Copyright © 2026 David YE
3211,395,SQR6492CHEVT1P,捷途牌,奇瑞汽车股份有限公司,0,ambiguous,130,130,,,,,,,,,,,,,,Copyright © 2026 David YE
3212,395,SQR6500CHEVM36T1,捷途牌,奇瑞汽车股份有限公司,,blank,130,130,,,,,,,,,,,,,,Copyright © 2026 David YE
3213,395,SQR7150REEVE031,星途牌,奇瑞汽车股份有限公司,0,ambiguous,130,130,,,,,,,,,,,,,,Copyright © 2026 David YE
3214,395,VCC6483G01WPHEV,沃尔沃牌,浙江豪情汽车制造有限公司,0,ambiguous,,,,,,,,,,,,,,,,Copyright © 2026 David YE
3215,395,VCC6483G02WPHEV,沃尔沃牌,亚欧汽车制造(台州)有限公司,0,ambiguous,,,,,,,,,,,,,,,,Copyright © 2026 David YE
3216,395,WHJ6472CHEVFX12,凯翼牌,宜宾凯翼汽车有限公司,0,ambiguous,,,,,,,,,,,,,,,,Copyright © 2026 David YE
3217,396,AHC6460BEVJ0M,埃安牌,,,blank,,,,,,,,,,,,,,,,Copyright © 2026 David YE
3218,396,BAW6521MAL1BEV,北汽牌,北京汽车股份有限公司,,blank,,,,,,,,,,,,,,,,Copyright © 2026 David YE
3219,396,BAW6530MBM2BEV,北汽牌,北京汽车股份有限公司,,blank,,,,,,,,,,,,,,,,Copyright © 2026 David YE
3220,396,BAW6530MBM3BEV,北汽牌,北京汽车股份有限公司,,blank,,,,,,,,,,,,,,,,Copyright © 2026 David YE
3221,396,BAW6530MBMBEV,北汽牌,北京汽车股份有限公司,,blank,,,,,,,,,,,,,,,,Copyright © 2026 David YE
3222,396,BH6460BEVMLA,现代牌,北京现代汽车有限公司,,blank,,,,,,,,,,,,,,,,Copyright © 2026 David YE
3223,396,BH6461BEVMLA,现代牌,北京现代汽车有限公司,,blank,,,,,,,,,,,,,,,,Copyright © 2026 David YE
3224,396,BH6462BEVMLA,现代牌,北京现代汽车有限公司,,blank,,,,,,,,,,,,,,,,Copyright © 2026 David YE
3225,396,BH6463BEVMLA,现代牌,北京现代汽车有限公司,,blank,,,,,,,,,,,,,,,,Copyright © 2026 David YE
3226,396,BH6464BEVMLB,现代牌,北京现代汽车有限公司,,blank,,,,,,,,,,,,,,,,Copyright © 2026 David YE
3227,396,BJ6552EVAA3,福田牌,北汽福田汽车股份有限公司,,blank,,,,,,,,,,,,,,,,Copyright © 2026 David YE
3228,396,BJ7000T661BEV,北汽牌,北京汽车股份有限公司,,blank,,,,,,,,,,,,,,,,Copyright © 2026 David YE
3229,396,BJ7000T662BEV,北汽牌,北京汽车股份有限公司,,blank,,,,,,,,,,,,,,,,Copyright © 2026 David YE
3230,396,BJ7000T664BEV,北汽牌,北京汽车股份有限公司,,blank,,,,,,,,,,,,,,,,Copyright © 2026 David YE
3231,396,BJ7000T66BEV,北汽牌,北京汽车股份有限公司,,blank,,,,,,,,,,,,,,,,Copyright © 2026 David YE
3232,396,BYD7009BEV15,比亚迪牌,比亚迪汽车工业有限公司,,blank,180,180,,,,,,,,,,,,,,Copyright © 2026 David YE
3233,396,CA6482H0EVXA,红旗牌,中国第一汽车集团有限公司,,blank,180,180,,,,,,,,,,,,,,Copyright © 2026 David YE
3234,396,DFM7001S1F4BEV,东风牌,东风汽车股份有限公司,,blank,,,,,,,,,,,,,,,,Copyright © 2026 David YE
3235,396,EQ6535AL5F2BEV,岚图牌,岚图汽车科技有限公司,,blank,,,,,,,,,,,,,,,,Copyright © 2026 David YE
3236,396,FZ6450BEVB10J,零跑牌,零跑汽车有限公司,,blank,200,200,,,,,,,,,,,,,,Copyright © 2026 David YE
3237,396,FZ7000BEVB01G,零跑牌,零跑汽车有限公司,,blank,180,180,,,,,,,,,,,,,,Copyright © 2026 David YE
3238,396,FZ7000BEVB01H,零跑牌,零跑汽车有限公司,,blank,180,180,,,,,,,,,,,,,,Copyright © 2026 David YE
3239,396,LF7001BEV100,睿蓝牌,,,blank,,,,,,,,,,,,,,,,Copyright © 2026 David YE
3240,396,LXA6503BEVW01,理想牌,北京理想汽车有限公司,,blank,330,330,,,,,,,,,,,,,,Copyright © 2026 David YE
3241,396,LXA6503BEVW02,理想牌,北京理想汽车有限公司,,blank,330,330,,,,,,,,,,,,,,Copyright © 2026 David YE
3242,396,LXA6503BEVW03,理想牌,北京理想汽车有限公司,,blank,330,330,,,,,,,,,,,,,,Copyright © 2026 David YE
3243,396,LZD7004BEV02,知豆牌,,,blank,,,,,,,,,,,,,,,,Copyright © 2026 David YE
3244,396,LZD7004BEV03,知豆牌,,,blank,,,,,,,,,,,,,,,,Copyright © 2026 David YE
3245,396,LZW6490BEVA1,五菱牌,上汽通用五菱汽车股份有限公司,,blank,30,30,,,,,,,,,,,,,,Copyright © 2026 David YE
3246,396,LZW6500BEVA4,五菱牌,上汽通用五菱汽车股份有限公司,,blank,30,30,,,,,,,,,,,,,,Copyright © 2026 David YE
3247,396,LZW6500BEVA5,五菱牌,上汽通用五菱汽车股份有限公司,,blank,30,30,,,,,,,,,,,,,,Copyright © 2026 David YE
3248,396,LZW7007BEVC8,五菱牌,上汽通用五菱汽车股份有限公司,,blank,30,30,,,,,,,,,,,,,,Copyright © 2026 David YE
3249,396,LZW7007BEVC9,五菱牌,上汽通用五菱汽车股份有限公司,,blank,30,30,,,,,,,,,,,,,,Copyright © 2026 David YE
3250,396,NAL6533BSEVE1,蔚来牌,蔚来汽车科技(安徽)有限公司,,blank,,,,,,,,,,,,,,,,Copyright © 2026 David YE
3251,396,NEQ6430BEVS56X,奇瑞牌,奇瑞新能源汽车股份有限公司,,blank,,,,,,,,,,,,,,,,Copyright © 2026 David YE
3252,396,NEQ6440BEVS56W,奇瑞牌,奇瑞新能源汽车股份有限公司,,blank,,,,,,,,,,,,,,,,Copyright © 2026 David YE
3253,396,SC6519AAADBEV,长安牌,重庆长安汽车股份有限公司,,blank,160,160,,,,,,,,,,,,,,Copyright © 2026 David YE
3254,396,SC7000AAAMBEV,长安牌,重庆长安汽车股份有限公司,,blank,160,160,,,,,,,,,,,,,,Copyright © 2026 David YE
3255,396,SC7000AAANBEV,长安牌,重庆长安汽车股份有限公司,,blank,160,160,,,,,,,,,,,,,,Copyright © 2026 David YE
3256,396,SC7000AAAPBEV,长安牌,重庆长安汽车股份有限公司,,blank,160,160,,,,,,,,,,,,,,Copyright © 2026 David YE
3257,396,SC7000AAASBEV,长安牌,重庆长安汽车股份有限公司,,blank,160,160,,,,,,,,,,,,,,Copyright © 2026 David YE
3258,396,SC7000AAATBEV,长安牌,重庆长安汽车股份有限公司,,blank,160,160,,,,,,,,,,,,,,Copyright © 2026 David YE
3259,396,SVW6461KEV,大众牌,,,blank,,,,,,,,,,,,,,,,Copyright © 2026 David YE
3260,396,WHJ7000BEVGS111,凯翼牌,,,blank,,,,,,,,,,,,,,,,Copyright © 2026 David YE
3261,396,BYD6480AMHEV5,比亚迪牌,比亚迪汽车有限公司,160kW,ambiguous,180,180,,,,,,,,,,,,,,Copyright © 2026 David YE
3262,396,BYD6510MT6HEV2,,,200kW,ambiguous,200,200,,,,,,,,,,,,,,Copyright © 2026 David YE
3263,396,BYD7151YT6HEV7,,,200kW,ambiguous,200,200,,,,,,,,,,,,,,Copyright © 2026 David YE
3264,396,BYD7151YT6HEV8,比亚迪牌,比亚迪汽车工业有限公司,200kW,ambiguous,180,180,,,,,,,,,,,,,,Copyright © 2026 David YE
3265,396,BYD7156WT6HEV7,,,120kW,ambiguous,120,120,,,,,,,,,,,,,,Copyright © 2026 David YE
3266,396,CC2030BN24BPHEV,,,0,ambiguous,,,,,,,,,,,,,,,,Copyright © 2026 David YE
3267,396,CC2030BN25BPHEV,长城牌,长城汽车股份有限公司,0,ambiguous,126,126,,,,,,,,,,,,,,Copyright © 2026 David YE
3268,396,DFL6460NAT81PHEV,启辰牌,东风汽车有限公司,0,ambiguous,,,,,,,,,,,,,,,,Copyright © 2026 David YE
3269,396,DFM6480M5F2PHEV,,,0,ambiguous,,,,,,,,,,,,,,,,Copyright © 2026 David YE
3270,396,DFM7151S1F6REEV,东风牌,东风汽车集团有限公司,160kW,ambiguous,120,120,,,,,,,,,,,,,,Copyright © 2026 David YE
3271,396,EQ2031RMV6PHEV,猛士牌,,0,ambiguous,,,,,,,,,,,,,,,,Copyright © 2026 David YE
3272,396,EQ6530AL5F1CHEV,,,210kW,ambiguous,210,210,,,,,,,,,,,,,,Copyright © 2026 David YE
3276,396,LZW6490KEUPHEVA3,五菱牌,上汽通用五菱汽车股份有限公司,0,ambiguous,30,30,,,,,,,,,,,,,,Copyright © 2026 David YE
3277,396,MR6521DCHEV103,,,0,ambiguous,,,,,,,,,,,,,,,,Copyright © 2026 David YE
3278,396,MR6521DCHEV104,吉利牌,浙江吉利汽车有限公司,0,ambiguous,160,160,,,,,,,,,,,,,,Copyright © 2026 David YE
3279,396,MR6521DCHEV105,,,0,ambiguous,,,,,,,,,,,,,,,,Copyright © 2026 David YE
3280,396,MR7151DCHEV100,,,0,ambiguous,,,,,,,,,,,,,,,,Copyright © 2026 David YE
3281,396,MR7151DCHEV112,,,0,ambiguous,,,,,,,,,,,,,,,,Copyright © 2026 David YE
3282,396,MR7151DCHEV113,领克牌,浙江吉利控股集团有限公司,0,ambiguous,,,,,,,,,,,,,,,,Copyright © 2026 David YE
3283,396,QCJ6500BG6HEV,,,200kW,ambiguous,200,200,,,,,,,,,,,,,,Copyright © 2026 David YE
3284,396,QCJ6500BG6HEV1,方程豹牌,比亚迪汽车工业有限公司,0,ambiguous,180,180,,,,,,,,,,,,,,Copyright © 2026 David YE
3285,396,QCJ6500BG6HEV2,,,115kW,ambiguous,115,115,,,,,,,,,,,,,,Copyright © 2026 David YE
3286,396,SC6460AAAC6HEV,,,158kW,ambiguous,,,,,,,,,,,,,,,,Copyright © 2026 David YE
3287,396,SC7150AAAK6HEV,阿维塔（AVATR）牌,,231kW,ambiguous,,,,,,,,,,,,,,,,Copyright © 2026 David YE
3288,396,SC7150AAAN6HEV,长安牌,重庆长安汽车股份有限公司,200kW,ambiguous,200,200,,,,,,,,,,,,,,Copyright © 2026 David YE
3289,396,SC7150AAAU6HEV,,,0,ambiguous,175,175,,,,,,,,,,,,,,Copyright © 2026 David YE
3290,396,SGM6524UCCHEV,别克(BUICK)牌,上汽通用汽车有限公司,160kW,ambiguous,130,130,,,,,,,,,,,,,,Copyright © 2026 David YE
3291,396,SGM6525UECHEV,,,0,ambiguous,,,,,,,,,,,,,,,,Copyright © 2026 David YE
3292,396,SQR2040CHEVD01,捷途牌,奇瑞汽车股份有限公司,0,ambiguous,130,130,,,,,,,,,,,,,,Copyright © 2026 David YE
3293,396,SQR6464CHEVT1H,,,0,ambiguous,,,,,,,,,,,,,,,,Copyright © 2026 David YE
3294,396,SQR6465CHEVT1H,,,0,ambiguous,,,,,,,,,,,,,,,,Copyright © 2026 David YE
3295,398,AHC6460BEVJ0K,埃安(AION),,,blank,165,165,锐湃动力科技有限公司,TZ180XYXOF51,,,,,,,,,,,,Copyright © 2026 David YE
3296,398,AHC6460BEVJ0P,埃安(AION),,,blank,150,150,锐湃动力科技有限公司,TZ180XYD3A01,,,,,,,,,,,,Copyright © 2026 David YE
3297,398,AHC6470BEVJ0Q,埃安(AION),,,blank,150,150,锐湃动力科技有限公司,TZ180XYD3A01,,,,,,,,,,,,Copyright © 2026 David YE
3298,398,AHC6470BEVJ0R,埃安(AION),,,blank,150,150,锐湃动力科技有限公司,TZ180XYD3A01,,,,,,,,,,,,Copyright © 2026 David YE
3299,398,AHC6470BEVJ0S,埃安(AION),,,blank,165,165,锐湃动力科技有限公司,TZ180XYXOF51,,,,,,,,,,,,Copyright © 2026 David YE
3300,398,BJ6450D461BEV,极狐(ARCFOX)牌,北汽蓝谷麦格纳汽车有限公司,,blank,150,150,海纳川浩夫尔(北京)新能源汽 车驱动系统有限公司 ,TZ180XS480,,,,,,,,,,,,Copyright © 2026 David YE
3301,398,BJ6480A501BEV,极狐(ARCFOX)牌,北汽蓝谷麦格纳汽车有限公司,,blank,185,185,海纳川浩夫尔（北京）新能源汽车驱动系统有限公司,TZ220XS460,,,,,,,,,,,,Copyright © 2026 David YE
3302,398,BJ6480A502BEV,极狐(ARCFOX)牌,北汽蓝谷麦格纳汽车有限公司,,blank,200,200,北京新能源汽车股份有限公司,TZ220XS646,,,,,,,,,,,,Copyright © 2026 David YE
3303,398,BJ6480A503BEV,极狐(ARCFOX)牌,北汽蓝谷麦格纳汽车有限公司,,blank,200,200,北京新能源汽车股份有限公司,TZ220XS646,,,,,,,,,,,,Copyright © 2026 David YE
3304,398,BJ6480A504BEV,极狐(ARCFOX)牌,北汽蓝谷麦格纳汽车有限公司,,blank,185,185,海纳川浩夫尔（北京）新能源汽车驱动系统有限公司,TZ220XS460,,,,,,,,,,,,Copyright © 2026 David YE
3305,398,BJ6480A50BEV,极狐(ARCFOX)牌,北汽蓝谷麦格纳汽车有限公司,,blank,185,185,北京新能源汽车股份有限公司,TZ220XS645,,,,,,,,,,,,Copyright © 2026 David YE
3306,398,BJ7000T374BEV,极狐牌,北京新能源汽车股份有限公司,,blank,95,95,湖南中车时代电驱科技有限公司,TZ180XS344,,,,,,,,,,,,Copyright © 2026 David YE
3307,398,BJ7000T375BEV,极狐牌,北京新能源汽车股份有限公司,,blank,70,70,湖南中车时代电驱科技有限公司,TZ180XS344,,,,,,,,,,,,Copyright © 2026 David YE
3308,398,BJ7000T376BEV,极狐牌,北京新能源汽车股份有限公司,,blank,70,70,湖南中车时代电驱科技有限公司,TZ180XS344,,,,,,,,,,,,Copyright © 2026 David YE
3309,398,BJ7000T377BEV,极狐牌,北京新能源汽车股份有限公司,,blank,70,70,湖南中车时代电驱科技有限公司,TZ180XS344,,,,,,,,,,,,Copyright © 2026 David YE
3310,398,BJ7008SLBEV,梅赛德斯-奔驰(Mercedes-Benz)牌,,,blank,200,200,Mercedes-Benz ,EM0036,,,,,,,,,,,,Copyright © 2026 David YE
3311,398,BYD7001BEVA4,比亚迪牌,比亚迪汽车工业有限公司,,blank,55,55,西安比亚迪汽车零部件有限公司,TZ180XSH,,,,,,55,2797,390,55,同一电机型号官方公告记录唯一一致,,Copyright © 2026 David YE
3312,398,BYD7001BEVA5,比亚迪牌,比亚迪汽车工业有限公司,,blank,55,55,西安比亚迪汽车零部件有限公司,TZ180XSH,,,,,,55,2797,390,55,同一电机型号官方公告记录唯一一致,,Copyright © 2026 David YE
3313,398,CC6430BJ00HHBEV,欧拉牌,长城汽车股份有限公司,,blank,126,126,蜂巢传动系统(江苏)有限公司,TZ180XS009,,,,,,,,,,,,Copyright © 2026 David YE
3314,398,CC6430BJ00NHBEV,欧拉牌,长城汽车股份有限公司,,blank,126,126,"
联合汽车电子有限公司",TZ153XS001,,,,,,,,,,,,Copyright © 2026 David YE
3315,398,CSA7004MBEV4,名爵牌,上海汽车集团股份有限公司,,blank,120,120,湖南中车时代电驱科技有限公司,TZ180XS1001,,,,,,,,,,,,Copyright © 2026 David YE
3316,398,DFM6473M5FCBEV,东风牌,东风汽车股份有限公司,,blank,120,120,珠海英搏尔电气股份有限公司,TZ180XSS01,,,,,,,,,,,,Copyright © 2026 David YE
3317,398,FZ6480BEV33,零跑牌,零跑汽车有限公司,,blank,220,220,金华凌昇动力科技有限公司,TZ220XY030,,,,,,,,,,,,Copyright © 2026 David YE
3318,398,HSE7000BEVG5C,予风牌,,,blank,35,35,合肥巨一动力系统有限公司,TZ160XFJE1,,,,,,,,,,,,Copyright © 2026 David YE
3319,398,LZ6460XLE0EV,东风牌,东风汽车股份有限公司,,blank,120,120,珠海英搏尔电气股份有限公司,TZ180XSX5G,,,,,,,,,,,,Copyright © 2026 David YE
3320,398,LZW7001BEVE7,五菱牌,上汽通用五菱汽车股份有限公司,,blank,30,30,柳州赛克科技发展有限公司,TZ155XZ230,,,,,,,,,,,,Copyright © 2026 David YE
3321,398,LZW7008BEVA2,宝骏牌,上汽通用五菱汽车股份有限公司,,blank,150,150,柳州赛克科技发展有限公司,TZ210XS2F0,,,,,,,,,,,,Copyright © 2026 David YE
3322,398,MR6481BEV103,极氪牌,浙江极氪智能科技有限公司,,blank,370,370,衢州极电电动汽车技术有限公司,TZ230XYC04,,,,,,,,,,,,Copyright © 2026 David YE
3323,398,MR6481BEV104,极氪牌,浙江极氪智能科技有限公司,,blank,215/370,585,衢州极电电动汽车技术有限公司,YS190XYE03/TZ230XYC04,,,,,,,,,,,,Copyright © 2026 David YE
3324,398,MR6481BEV105,极氪牌,浙江极氪智能科技有限公司,,blank,370,370,衢州极电电动汽车技术有限公司,TZ230XYC04,,,,,,,,,,,,Copyright © 2026 David YE
3325,398,MR7001BEV122,吉利牌,浙江吉利汽车有限公司,,blank,250,250,衢州极电电动汽车技术有限公司,TZ220XYA01,,,,,,,,,,,,Copyright © 2026 David YE
3326,398,MR7001BEV123,吉利牌,浙江吉利汽车有限公司,,blank,250,250,衢州极电电动汽车技术有限公司,TZ220XYA02,,,,,,,,,,,,Copyright © 2026 David YE
3327,398,MR7003BEV102,极氪牌,浙江极氪智能科技有限公司,,blank,310/370,680,衢州极电电动汽车技术有限公司,YS220XYG01/TZ230XYC04,,,,,,,,,,,,Copyright © 2026 David YE
3328,398,MR7003BEV103,极氪牌,浙江极氪智能科技有限公司,,blank,370,370,衢州极电电动汽车技术有限公司,TZ230XYC04,,,,,,,,,,,,Copyright © 2026 David YE
3329,398,MR7003BEV104,极氪牌,浙江极氪智能科技有限公司,,blank,310/370,680,衢州极电电动汽车技术有限公司,YS220XYG01/TZ230XYC04,,,,,,,,,,,,Copyright © 2026 David YE
3330,398,NEQ7000BEVJH11W,奇瑞牌,奇瑞新能源汽车股份有限公司,,blank,30,30,奇瑞新能源汽车股份有限公司,112AD1,,,,,,,,,,,,Copyright © 2026 David YE
3331,398,QCJ7000AFBEV3,仰望牌,比亚迪汽车工业有限公司,,blank,555/555/555/555,2220,比亚迪汽车工业有限公司,TZ240XYA,,,,,,,,,,,,Copyright © 2026 David YE
3332,398,SC6440AAAABEV,长安牌,重庆长安汽车股份有限公司,,blank,120,120,重庆青山工业有限责任公司,TZ180XS002,,,,,,,,,,,,Copyright © 2026 David YE
3333,398,SC6440AAABBEV,长安牌,重庆长安汽车股份有限公司,,blank,120,120,重庆青山工业有限责任公司,TZ180XS002,,,,,,,,,,,,Copyright © 2026 David YE
3334,398,SC7000AAAEBEV,长安牌,重庆长安汽车股份有限公司,,blank,200,200,深蓝汽车科技有限公司,XTDM67,,,,,,,,,,,,Copyright © 2026 David YE
3335,398,SC7000AAAGBEV,长安牌,重庆长安汽车股份有限公司,,blank,200,200,深蓝汽车科技有限公司,XTDM67,,,,,,,,,,,,Copyright © 2026 David YE
3336,398,SGM6536UABEV,别克(BUICK),,,blank,332,332,上海汽车变速器有限公司,TZ210XYP5F,,,,,,,,,,,,Copyright © 2026 David YE
3337,398,SGM6536UBBEV,别克(BUICK),,,blank,332/150,482,上海汽车变速器有限公司,TZ210XYP5F/YS210XYS6H,,,,,,,,,,,,Copyright © 2026 David YE
3338,398,SKE6510SBEVAS,赛力斯牌,赛力斯汽车有限公司,,blank,160 / 227,387,华为数字能源技术有限公司,YS210XYA03 / QT67TZ210D01,,,,,,,,,,,,Copyright © 2026 David YE
3339,398,SKE6510SBEVR,赛力斯牌,赛力斯汽车有限公司,,blank,227,227,华为数字能源技术有限公司,QT67TZ210D01,,,,,,,,,,,,Copyright © 2026 David YE
3340,398,AHC6460SHEVN0A,埃安(AION)牌,广汽埃安新能源汽车股份有限公司,,blank,70,70,,,,,,,,,,,,,,Copyright © 2026 David YE
3341,398,AHC6470SHEVN0B,埃安(AION),,,blank,70,70,,,,,,,,,,,,,,Copyright © 2026 David YE
3342,398,AHC7150SHEVQ0A,昊铂牌,广汽埃安新能源汽车股份有限公司,,blank,115,115,,,,,,,,,,,,,,Copyright © 2026 David YE
3343,398,BAW6513MB6SHEV,极石牌,,,blank,200,200,,,,,,,,,,,,,,Copyright © 2026 David YE
3344,398,BAW6514MB6SHEV,极石牌,,,blank,150 / 200,350,,,,,,,,,,,,,,Copyright © 2026 David YE
3345,398,BYD6476ST6HEV9,比亚迪牌,比亚迪汽车工业有限公司,,blank,120,120,,,,,,,,,,,,,,Copyright © 2026 David YE
3346,398,BYD6480AMHEV8,比亚迪牌,比亚迪汽车工业有限公司,,blank,160,160,,,,,,,,,,,,,,Copyright © 2026 David YE
3347,398,BYD6480AMHEV9,比亚迪牌,比亚迪汽车工业有限公司,,blank,160,160,,,,,,,,,,,,,,Copyright © 2026 David YE
3348,398,BYD6485ST6HEV6,比亚迪牌,比亚迪汽车工业有限公司,,blank,160,160,,,,,,,,,,,,,,Copyright © 2026 David YE
3349,398,BYD6485ST6HEV7,比亚迪牌,比亚迪汽车工业有限公司,,blank,160,160,,,,,,,,,,,,,,Copyright © 2026 David YE
3350,398,BYD6510MT6HEV5,比亚迪牌,比亚迪汽车工业有限公司,,blank,200,200,,,,,,,,,,,,,,Copyright © 2026 David YE
3351,398,BYD7155WT6HEV6,比亚迪牌,比亚迪汽车工业有限公司,,blank,120,120,,,,,,,,,,,,,,Copyright © 2026 David YE
3352,398,BYD7156WT6HEV8,比亚迪牌,比亚迪汽车工业有限公司,,blank,120,120,,,,,,,,,,,,,,Copyright © 2026 David YE
3353,398,CA6492HA6PHEVT,红旗牌,中国第一汽车集团有限公司,,blank,105,105,,,,,,,,,,,,,,Copyright © 2026 David YE
3354,398,CA6492HA6PHEVTA,红旗牌,中国第一汽车集团有限公司,,blank,105,105,,,,,,,,,,,,,,Copyright © 2026 David YE
3355,398,CA6492HA6PHEVTX,红旗牌,中国第一汽车集团有限公司,,blank,105,105,,,,,,,,,,,,,,Copyright © 2026 David YE
3356,398,CC2030BE28CPHEV,长城牌,,,blank,180,180,,,,,,,,,,,,,,Copyright © 2026 David YE
3357,398,CC2040BV23BPHEV,长城牌,,,blank,180,180,,,,,,,,,,,,,,Copyright © 2026 David YE
3358,398,CC6480CW23JPHEV,哈弗牌,长城汽车股份有限公司,,blank,112,112,,,,,,,,,,,,,,Copyright © 2026 David YE
3359,398,CC6490CW23DPHEV,哈弗牌,长城汽车股份有限公司,,blank,112,112,,,,,,,,,,,,,,Copyright © 2026 David YE
3360,398,CC6490CW23EPHEV,哈弗牌,长城汽车股份有限公司,,blank,112,112,,,,,,,,,,,,,,Copyright © 2026 David YE
3361,398,CC6490CW23HPHEV,哈弗牌,长城汽车股份有限公司,,blank,112,112,,,,,,,,,,,,,,Copyright © 2026 David YE
3362,398,CSA6489YFSHEV3,尚界牌,,,blank,150,150,,,,,,,,,,,,,,Copyright © 2026 David YE
3363,398,CSA6531LFSHEV2,智己牌,,,blank,150 / 230,380,,,,,,,,,,,,,,Copyright © 2026 David YE
3364,398,DFL7150NATA1PHEV,东风日产牌,,,blank,155,155,,,,,,,,,,,,,,Copyright © 2026 David YE
3365,398,DFL7150NATA2PHEV,东风日产牌,,,blank,155,155,,,,,,,,,,,,,,Copyright © 2026 David YE
3366,398,DFM6480M5F5PHEV,东风牌,东风汽车股份有限公司,,blank,110,110,,,,,,,,,,,,,,Copyright © 2026 David YE
3367,398,EQ7153AL1F2CHEV,岚图牌,岚图汽车科技有限公司,,blank,150/230,380,,,,,,,,,,,,,,Copyright © 2026 David YE
3368,398,LZW6451KDUREEVA2,五菱牌,上汽通用五菱汽车股份有限公司,,blank,70,70,,,,,,,,,,,,,,Copyright © 2026 David YE
3369,398,MR6521DCHEV100,极氪牌,浙江极氪智能科技有限公司,,blank,202,202,,,,,,,,,,,,,,Copyright © 2026 David YE
3370,398,MR6521DCHEV101,极氪牌,浙江极氪智能科技有限公司,,blank,202,202,,,,,,,,,,,,,,Copyright © 2026 David YE
3371,398,MR6521DCHEV102,极氪牌,浙江极氪智能科技有限公司,,blank,202,202,,,,,,,,,,,,,,Copyright © 2026 David YE
3372,398,MR6521DCHEV106,极氪牌,浙江极氪智能科技有限公司,,blank,202,202,,,,,,,,,,,,,,Copyright © 2026 David YE
3373,398,MR7151DCHEV115,吉利牌,浙江吉利汽车有限公司,,blank,115,115,,,,,,,,,,,,,,Copyright © 2026 David YE
3374,398,NHQ6530SHEVHA,小鹏牌,广州小鹏汽车科技有限公司,,blank,210,210,,,,,,,,,,,,,,Copyright © 2026 David YE
3375,398,,,,,blank,,,,,,,,,,,,,,,,Copyright © 2026 David YE
3376,398,QCJ2030ST6HEV3,方程豹牌,比亚迪汽车有限公司,,blank,前200/后285,485,,,,,,,,,,,,,,Copyright © 2026 David YE
3377,398,QCJ2042ST6HEV2,方程豹牌,比亚迪汽车有限公司,,blank,前200/后300,500,,,,,,,,,,,,,,Copyright © 2026 David YE
3378,398,QCJ2042ST6HEV3,方程豹牌,比亚迪汽车有限公司,,blank,前200/后300,500,,,,,,,,,,,,,,Copyright © 2026 David YE
3379,398,QCJ6500BG6HEV5,方程豹牌,比亚迪汽车有限公司,,blank,前: 160 / 后: 200,360,,,,,,,,,,,,,,Copyright © 2026 David YE
3380,398,QCJ6500BG6HEV7,方程豹牌,比亚迪汽车有限公司,,blank,200,200,,,,,,,,,,,,,,Copyright © 2026 David YE
3381,398,SC7150AAAD6HEV,长安牌,重庆长安汽车股份有限公司,,blank,175,175,,,,,,,,,,,,,,Copyright © 2026 David YE
3382,398,SGM7150MBSHEV,别克(BUICK),,,blank,252,252,,,,,,,,,,,,,,Copyright © 2026 David YE
3383,398,SKE6510SSHEVA2S,赛力斯牌,赛力斯汽车有限公司,,blank,前165/后227,392,,,,,,,,,,,,,,Copyright © 2026 David YE
3384,398,SKE6510SSHEVA4S,赛力斯牌,赛力斯汽车有限公司,,blank,165，227,392,,,,,,,,,,,,,,Copyright © 2026 David YE
3385,398,SKE6510SSHEVA5S,赛力斯牌,赛力斯汽车有限公司,,blank,"165,227",392,,,,,,,,,,,,,,Copyright © 2026 David YE
3386,398,SKE6510SSHEVAS,赛力斯牌,赛力斯汽车有限公司,,blank,前165/后227,392,,,,,,,,,,,,,,Copyright © 2026 David YE
3387,398,SKE6510SSHEVR,赛力斯牌,赛力斯汽车有限公司,,blank,227,227,,,,,,,,,,,,,,Copyright © 2026 David YE
3388,398,SKE6510SSHEVR2,赛力斯牌,赛力斯汽车有限公司,,blank,227,227,,,,,,,,,,,,,,Copyright © 2026 David YE
3389,398,SQR2041CHEVD01,捷途牌,奇瑞汽车股份有限公司,,blank,145,145,,,,,,,,,,,,,,Copyright © 2026 David YE
3390,398,SQR6475CHEVT1L,捷途牌,奇瑞汽车股份有限公司,,blank,130,130,,,,,,,,,,,,,,Copyright © 2026 David YE
3391,398,SQR6480CHEVT285,奇瑞牌,奇瑞新能源汽车股份有限公司,,blank,105,105,,,,,,,,,,,,,,Copyright © 2026 David YE
3392,398,SQR6481CHEVT223,星途牌,奇瑞汽车股份有限公司,,blank,105,105,,,,,,,,,,,,,,Copyright © 2026 David YE
3393,398,SQR6520REEVE022,奇瑞牌,,,blank,105,105,,,,,,,,,,,,,,Copyright © 2026 David YE
3394,399,AFN6490LABBEVA,奥迪牌,奥迪一汽新能源汽车有限公司,,blank,135/270,405,采埃孚电驱动系统（沈阳）有限公司,YS215XYECZ/TZ215XYECY,,,,,,,,,,,,Copyright © 2026 David YE
3395,399,AFN6490SABBEVB,奥迪牌,奥迪一汽新能源汽车有限公司,,blank,135/270,405,采埃孚电驱动系统（沈阳）有限公司,YS215XYECZ/TZ215XYECY,,,,,,,,,,,,Copyright © 2026 David YE
3396,399,AHC7000BEVE2P,昊铂牌,广汽埃安新能源汽车股份有限公司,,blank,250,250,锐湃动力科技有限公司,TZ220XYX3T24,,,,,,,,,,,,Copyright © 2026 David YE
3397,399,AHC7000BEVL0M,埃安(AION)牌,广汽埃安新能源汽车股份有限公司,,blank,100,100,苏州汇川联合动力系统股份有限公司,TZ180XS134,,,,,,,,,,,,Copyright © 2026 David YE
3398,399,AHC7000BEVL0N,埃安(AION),,,blank,100,100,苏州汇川联合动力系统股份有限公司,TZ180XS134,,,,,,,,,,,,Copyright © 2026 David YE
3399,399,BAW6530MBM4BEV,锐胜牌,,,blank,70,70,菲仕绿能科技(北京)有限公司,TZ220XS140,,,,,,,,,,,,Copyright © 2026 David YE
3400,399,BAW6530MBM5BEV,锐胜牌,,,blank,170,170,菲仕绿能科技（北京）有限公司,TZ220XS140,,,,,,,,,,,,Copyright © 2026 David YE
3401,399,CC6450DE00HABEV,欧拉牌,长城汽车股份有限公司,,blank,150,150,蜂巢传动科技邳州有限公司,QT36TZ220001,,,,,,,,,,,,Copyright © 2026 David YE
3402,399,CC6450DE00HBBEV,欧拉牌,长城汽车股份有限公司,,blank,150,150,蜂巢传动科技邳州有限公司,QT36TZ220001,,,,,,,,,,,,Copyright © 2026 David YE
3403,399,CSA6453JBEV5,名爵牌,,,blank,125,125,联合汽车电子有限公司,TZ180XS0951,,,,,,,,,,,,Copyright © 2026 David YE
3404,399,CSA6453JBEV6,名爵牌,,,blank,125,125,联合汽车电子有限公司,TZ180XS0951,,,,,,,,,,,,Copyright © 2026 David YE
3405,399,EQ6480AF5F1BEV,岚图牌,岚图汽车科技有限公司,,blank,230,230,智新科技股份有限公司,TZ225XYH01,,,,,,,,,,,,Copyright © 2026 David YE
3406,399,FZ7000BEVB05B,零跑牌,零跑汽车有限公司,,blank,"70,160",230,金华凌昇动力科技有限公司,TZ180XY005,,,,,,,,,,,,Copyright © 2026 David YE
3407,399,FZ7000BEVB05C,零跑牌,零跑汽车有限公司,,blank,160,160,金华凌昇动力科技有限公司,TZ180XY005,,,,,,,,,,,,Copyright © 2026 David YE
3408,399,FZ7000BEVB05D,零跑牌,零跑汽车有限公司,,blank,160,160,金华凌昇动力科技有限公司,TZ180XY005,,,,,,,,,,,,Copyright © 2026 David YE
3409,399,FZ7000BEVB05E,零跑牌,零跑汽车有限公司,,blank,160,160,金华凌昇动力科技有限公司,TZ180XY005,,,,,,,,,,,,Copyright © 2026 David YE
3410,399,GTM6471BFABEV,丰田 (TOYOTA),,,blank,163,163,AISIN CORPORATION,2XM,,,,,,,,,,,,Copyright © 2026 David YE
3411,399,GTM6471BFLBEV,丰田(TOYOTA)牌,,,blank,163,163,AISIN CORPORATION,2XM,,,,,,,,,,,,Copyright © 2026 David YE
3412,399,GTM6471BFMBEV,丰田(TOYOTA),,,blank,163,163,AISIN CORPORATION,2XM,,,,,,,,,,,,Copyright © 2026 David YE
3413,399,GTM6471BFNBEV,丰田(TOYOTA)牌,,,blank,163,163,AISIN CORPORATION,2XM,,,,,,,,,,,,Copyright © 2026 David YE
3414,399,GTM6471BWBEV,丰田(TOYOTA),,,blank,163/87,250,AISIN CORPORATION/AISIN CORPORATION,2XM/3XM,,,,,,,,,,,,Copyright © 2026 David YE
3415,399,GTM70007RHBEV,丰田(TOYOTA),,,blank,207,207,华为数字能源技术有限公司,QT38TZ210C01,,,,,,,,,,,,Copyright © 2026 David YE
3416,399,GTM70007RLBEV,丰田(TOYOTA),,,blank,207,207,华为数字能源技术有限公司,QT38TZ210C01,,,,,,,,,,,,Copyright © 2026 David YE
3417,399,GTM70007RMBEV,丰田(TOYOTA),,,blank,207,207,华为数字能源技术有限公司,QT38TZ210C01,,,,,,,,,,,,Copyright © 2026 David YE
3418,399,GTM70007RNBEV,丰田 (TOYOTA),,,blank,207,207,华为数字能源技术有限公司,QT38TZ210C01,,,,,,,,,,,,Copyright © 2026 David YE
3419,399,HQ6471BEV100,吉利牌,浙江吉利汽车有限公司,,blank,160,160,无锡星驱动力科技有限公司,TZ184XY101,,,,,,,,,,,,Copyright © 2026 David YE
3420,399,HQ6471BEV101,吉利牌,浙江吉利汽车有限公司,,blank,160,160,无锡星驱动力科技有限公司,TZ184XY101,,,,,,,,,,,,Copyright © 2026 David YE
3421,399,HQ6471BEV102,精灵(smart),,,blank,267,267,衢州极电电动汽车技术有限公司,TZ220XYA04,,,,,,,,,,,,Copyright © 2026 David YE
3422,399,HQ6471BEV103,精灵(smart),,267.0,ambiguous,120,432,衢州极电电动汽车技术有限公司,YS190XYE01/TZ220XYA04,,,,,,,,,,,,Copyright © 2026 David YE
3423,399,HQ6471BEV104,精灵(smart),,310.0,ambiguous,165/310,475,衢州极电电动汽车技术有限公司,YS190XYE01/TZ235XYC01,,,,,,,,,,,,Copyright © 2026 David YE
3424,399,JX6460EUBBEV,羿驰牌,,,blank,165,165,苏州汇川联合动力系统股份有限公司,TZ180XS135,,,,,,165,2817,390,165,同一电机型号官方公告记录唯一一致,,Copyright © 2026 David YE
3425,399,JX6460EUCBEV,羿驰牌,,,blank,165,165,苏州汇川联合动力系统股份有限公司,TZ180XS135,,,,,,165,2817,390,165,同一电机型号官方公告记录唯一一致,,Copyright © 2026 David YE
3426,399,LZW7001BEVE6,五菱牌,上汽通用五菱汽车股份有限公司,,blank,30,30,柳州赛克科技发展有限公司,TZ155XZ230,,,,,,,,,,,,Copyright © 2026 David YE
3427,399,LZW7007BEVCA,五菱牌,上汽通用五菱汽车股份有限公司,,blank,50,50,柳州赛克科技发展有限公司,TZ180XS250,,,,,,,,,,,,Copyright © 2026 David YE
3428,399,LZW7007BEVCB,五菱牌,上汽通用五菱汽车股份有限公司,,blank,75,75,柳州赛克科技发展有限公司,TZ180XS275,,,,,,,,,,,,Copyright © 2026 David YE
3429,399,MR7001BEV110,吉利牌,浙江吉利汽车有限公司,,blank,58,58,格雷博智能动力科技有限公司,TZ160XS001,,,,,,,,,,,,Copyright © 2026 David YE
3430,399,MR7001BEV120,极氪牌,浙江极氪智能科技有限公司,,blank,115/250,365,威睿电动汽车技术(宁波)有限公司/衢州极电电动汽车技术有限公司,TZ180XSB01/TZ220XYA02,,,,,,,,,,,,Copyright © 2026 David YE
3431,399,MR7001BEV121,极氪牌,浙江极氪智能科技有限公司,,blank,250,250,衢州极电电动汽车技术有限公司,TZ220XYA02,,,,,,,,,,,,Copyright © 2026 David YE
3432,399,NEQ7000BEVJH11X,奇瑞牌,奇瑞新能源汽车股份有限公司,,blank,30,30,奇瑞新能源汽车股份有限公司,112AD1,,,,,,,,,,,,Copyright © 2026 David YE
3433,399,SVW7001HEV,大众汽车(VOLKSWAGEN),,,blank,125,125,大众汽车自动变速器(天津)有限公司,EEV,,,,,,,,,,,,Copyright © 2026 David YE
3434,399,BJ2030V411MSHEV,请提供具体的正文内容，以便我进行产品商标的提取。,,,blank,请提供具体的正文内容，以便我进行信息提取。,,,,,,,,,,,,,,,Copyright © 2026 David YE
3435,399,BJ2030V601MSHEV,请提供具体的正文内容，以便我进行产品商标的提取。,,,blank,请提供具体的正文内容，以便我为你提取驱动电机峰值功率数值。,,,,,,,,,,,,,,,Copyright © 2026 David YE
3436,399,BJ6480A501RSHEV,极狐(ARCFOX)牌,北汽蓝谷麦格纳汽车有限公司,,blank,200,200,,,,,,,,,,,,,,Copyright © 2026 David YE
3437,399,BJ6480A50RSHEV,极狐(ARCFOX)牌,北汽蓝谷麦格纳汽车有限公司,,blank,200,200,,,,,,,,,,,,,,Copyright © 2026 David YE
3438,399,BYD6476ST6HEV8,比亚迪牌,比亚迪汽车工业有限公司,,blank,120,120,,,,,,,,,,,,,,Copyright © 2026 David YE
3439,399,BYD7150ADHEV12,比亚迪牌,比亚迪汽车工业有限公司,,blank,120,120,,,,,,,,,,,,,,Copyright © 2026 David YE
3440,399,BYD7150ADHEV13,比亚迪牌,比亚迪汽车工业有限公司,,blank,120,120,,,,,,,,,,,,,,Copyright © 2026 David YE
3441,399,BYD7151YT6HEV10,比亚迪牌,比亚迪汽车工业有限公司,,blank,200,200,,,,,,,,,,,,,,Copyright © 2026 David YE
3442,399,BYD7153WT6HEV10,比亚迪牌,比亚迪汽车工业有限公司,,blank,160,160,,,,,,,,,,,,,,Copyright © 2026 David YE
3443,399,BYD7153WT6HEV8,比亚迪牌,比亚迪汽车工业有限公司,,blank,120,120,,,,,,,,,,,,,,Copyright © 2026 David YE
3444,399,BYD7153WT6HEV9,比亚迪牌,比亚迪汽车工业有限公司,,blank,120,120,,,,,,,,,,,,,,Copyright © 2026 David YE
3445,399,BYD7155WT6HEV7,比亚迪牌,比亚迪汽车工业有限公司,,blank,120,120,,,,,,,,,,,,,,Copyright © 2026 David YE
3446,399,CA6492HA6PHEVT,请提供具体的正文内容，以便我提取产品商标。,,,blank,105,105,,,,,,,,,,,,,,Copyright © 2026 David YE
3447,399,CA6492HA6PHEVTA,请提供具体的正文内容，以便我进行产品商标的提取。,,,blank,105,105,,,,,,,,,,,,,,Copyright © 2026 David YE
3448,399,CA6492HA6PHEVTX,请提供具体的正文内容，以便我进行产品商标的提取。,,,blank,105,105,,,,,,,,,,,,,,Copyright © 2026 David YE
3449,399,CC6490CW23KPHEV,哈弗牌,长城汽车股份有限公司,,blank,,,,,,,,,,,,,,,,Copyright © 2026 David YE
3450,399,CC6490CW23LPHEV,哈弗牌,长城汽车股份有限公司,,blank,,,,,,,,,,,,,,,,Copyright © 2026 David YE
3451,399,CC6490CW23MPHEV,哈弗牌,长城汽车股份有限公司,,blank,,,,,,,,,,,,,,,,Copyright © 2026 David YE
3452,399,DFM6480M5F6PHEV,"
东风牌",东风汽车股份有限公司,,blank,无有效信息,,,,,,,,,,,,,,,Copyright © 2026 David YE
3453,399,EQ6520AD5F2PHEV,岚图牌,岚图汽车科技有限公司,,blank,150/230,380,,,,,,,,,,,,,,Copyright © 2026 David YE
3454,399,HQ6471DCHEV108,精灵(smart)牌,,,blank,无有效信息,,,,,,,,,,,,,,,Copyright © 2026 David YE
3455,399,HQ6472DCHEV102,吉利牌,浙江吉利汽车有限公司,,blank,79,79,,,,,,,,,,,,,,Copyright © 2026 David YE
3456,399,HQ6472DCHEV103,吉利牌,浙江吉利汽车有限公司,,blank,79,79,,,,,,,,,,,,,,Copyright © 2026 David YE
3457,399,HQ6472DCHEV104,吉利牌,浙江吉利汽车有限公司,,blank,79,79,,,,,,,,,,,,,,Copyright © 2026 David YE
3458,399,LZW6521HDUPHEVA1,宝骏牌,上汽通用五菱汽车股份有限公司,,blank,100,100,,,,,,,,,,,,,,Copyright © 2026 David YE
3459,399,LZW6521HDUPHEVA2,宝骏牌,上汽通用五菱汽车股份有限公司,,blank,100,100,,,,,,,,,,,,,,Copyright © 2026 David YE
3460,399,LZW6521HDUPHEVA3,宝骏牌,上汽通用五菱汽车股份有限公司,,blank,100,100,,,,,,,,,,,,,,Copyright © 2026 David YE
3461,399,MR6472DSHEV100,吉利牌,浙江吉利汽车有限公司,,blank,79,79,,,,,,,,,,,,,,Copyright © 2026 David YE
3462,399,MR6521DCHEV108,吉利牌,浙江吉利汽车有限公司,,blank,120,120,,,,,,,,,,,,,,Copyright © 2026 David YE
3463,399,MR6521DCHEV109,吉利牌,浙江吉利汽车有限公司,,blank,120,120,,,,,,,,,,,,,,Copyright © 2026 David YE
3464,399,MR6542DREEV100,"
吉利牌",浙江吉利汽车有限公司,,blank,无有效信息,,,,,,,,,,,,,,,Copyright © 2026 David YE
3465,399,MR6542DREEV101,吉利牌,浙江吉利汽车有限公司,,blank,未提供具体数据,,,,,,,,,,,,,,,Copyright © 2026 David YE
3466,399,NEQ6490REEVS5DA,爱咖牌,,,blank,105,105,,,,,,,,,,,,,,Copyright © 2026 David YE
3467,399,NEQ6490REEVS5DB,爱咖牌,,,blank,105,105,,,,,,,,,,,,,,Copyright © 2026 David YE
3468,399,NEQ6490REEVS5DC,爱咖牌,,,blank,105,105,,,,,,,,,,,,,,Copyright © 2026 David YE
3469,399,NEQ6510REEVS5DA,爱咖牌,,,blank,未找到驱动电机峰值功率相关信息,,,,,,,,,,,,,,,Copyright © 2026 David YE
3470,399,NEQ6510REEVS5DB,爱咖牌,,,blank,105,105,,,,,,,,,,,,,,Copyright © 2026 David YE
3471,399,NEQ6510REEVS5DC,爱咖牌,,,blank,无有效信息,,,,,,,,,,,,,,,Copyright © 2026 David YE
3472,399,NHQ6490SHEVMA,小鹏牌,广州小鹏汽车科技有限公司,,blank,218,218,,,,,,,,,,,,,,Copyright © 2026 David YE
3473,399,NHQ6530SHEVHA,请提供具体的正文内容，以便我提取产品商标。,,,blank,210,210,,,,,,,,,,,,,,Copyright © 2026 David YE
3474,399,NHQ6530SHEVHB,小鹏牌,广州小鹏汽车科技有限公司,,blank,210,210,,,,,,,,,,,,,,Copyright © 2026 David YE
3475,399,QCJ2030ST6HEV4,方程豹牌,比亚迪汽车有限公司,,blank,前200kW/后285kW,485,,,,,,,,,,,,,,Copyright © 2026 David YE
3476,399,QCJ6530ABHEV5,腾势牌,比亚迪汽车工业有限公司,,blank,前/后左/后右: 200/240/240,680,,,,,,,,,,,,,,Copyright © 2026 David YE
3477,399,SGM6524UBCHEV,别克(BUICK),,,blank,160,160,,,,,,,,,,,,,,Copyright © 2026 David YE
3478,399,SH6482N1CHEV,大通牌,南京汽车集团有限公司,,blank,160,160,,,,,,,,,,,,,,Copyright © 2026 David YE
3479,399,SQR6470CHEVT183,奇瑞牌,奇瑞新能源汽车股份有限公司,,blank,,,,,,,,,,,,,,,,Copyright © 2026 David YE
3480,399,SQR6471CHEVT183,奇瑞牌,奇瑞新能源汽车股份有限公司,,blank,,,,,,,,,,,,,,,,Copyright © 2026 David YE
3481,399,SQR6483CHEVT1J,捷途牌,奇瑞汽车股份有限公司,,blank,未提取到驱动电机峰值功率相关信息,,,,,,,,,,,,,,,Copyright © 2026 David YE
3482,399,SQR7150CHEVE012,奇瑞牌,奇瑞新能源汽车股份有限公司,,blank,未找到驱动电机峰值功率相关信息,,,,,,,,,,,,,,,Copyright © 2026 David YE
3483,399,SQR7150CHEVM1E8,奇瑞牌,奇瑞新能源汽车股份有限公司,,blank,71,71,,,,,,,,,,,,,,Copyright © 2026 David YE
3484,399,SQR7150REEVE032,"
星途牌",奇瑞汽车股份有限公司,,blank,未找到驱动电机峰值功率相关信息,,,,,,,,,,,,,,,Copyright © 2026 David YE
3485,400,AFN7000BABBEVA,奥迪牌,奥迪一汽新能源汽车有限公司,,blank,135/270,405,采埃孚电驱动系统（沈阳）有限公司,YS215XYECZ/TZ215XYECY,,,,,,,,,,,,Copyright © 2026 David YE
3486,400,AFN7000BABBEVB,奥迪牌,奥迪一汽新能源汽车有限公司,,blank,135/270,405,采埃孚电驱动系统（沈阳）有限公司,YS215XYECZ/TZ215XYECY,,,,,,,,,,,,Copyright © 2026 David YE
3487,400,AHC6460BEVJ0U,埃安(AION),,,blank,165,165,苏州汇川联合动力系统股份有限公司,TZ180XS135,,,,,,165,2817,390,165,同一电机型号官方公告记录唯一一致,,Copyright © 2026 David YE
3488,400,AHC6470BEVJ0V,埃安(AION),,,blank,165,165,锐湃动力科技有限公司,TZ180XYXOF51,,,,,,,,,,,,Copyright © 2026 David YE
3489,400,BJ7000K719BEV,华彰牌,,,blank,227,227,华为数字能源技术有限公司,TZ210XYA03,,,,,,,,,,,,Copyright © 2026 David YE
3490,400,BJ7000K71ABEV,华彰牌,,227.0,ambiguous,158/227,385,华为数字能源技术有限公司,YS210XYA03/TZ210XYA03,,,,,,,,,,,,Copyright © 2026 David YE
3491,400,BJ7000T66BBEV,极狐牌,北京新能源汽车股份有限公司,,blank,120,120,海纳川浩夫尔（北京）新能源汽车驱动系统有限公司,TZ180XS400,,,,,,,,,,,,Copyright © 2026 David YE
3492,400,BJ7000T66CBEV,极狐牌,北京新能源汽车股份有限公司,,blank,120,120,菲仕绿能科技（北京）有限公司,TZ180XS440,,,,,,,,,,,,Copyright © 2026 David YE
3493,400,BJ7000T66SEV,北京牌,北京汽车股份有限公司,,blank,120,120,海纳川浩夫尔（北京）新能源汽车驱动系统有限公司,TZ180XS400,,,,,,,,,,,,Copyright © 2026 David YE
3494,400,BJ7008TLBEV,梅赛德斯-奔驰(Mercedes-Benz),,,blank,165,165,Mercedes-Benz,EM0036,,,,,,,,,,,,Copyright © 2026 David YE
3495,400,BYD6450BZBEV1,比亚迪牌,比亚迪汽车工业有限公司,,blank,230,230,南京市比亚迪汽车有限公司,TZ200XYC,,,,,,,,,,,,Copyright © 2026 David YE
3496,400,CSA6453JBEV5,名爵牌,上海汽车集团股份有限公司,,blank,125,125,联合汽车电子有限公司,TZ180XS0951,,,,,,,,,,,,Copyright © 2026 David YE
3497,400,CSA6453JBEV6,名爵牌,上海汽车集团股份有限公司,,blank,125,180,联合汽车电子有限公司,TZ180XS0951,,,,,,,,,,,,Copyright © 2026 David YE
3498,400,FZ7000BEVB05A,零跑牌,零跑汽车有限公司,,blank,132,132,湖南中车时代电驱科技有限公司,TZ180XS101,,,,,,,,,,,,Copyright © 2026 David YE
3499,400,HQ6481BEV100,吉利牌,浙江吉利汽车有限公司,,blank,160,160,无锡星驱动力科技有限公司,TZ184XY101,,,,,,,,,,,,Copyright © 2026 David YE
3500,400,HQ6481BEV101,吉利牌,浙江吉利汽车有限公司,,blank,160,160,无锡星驱动力科技有限公司,TZ184XY101,,,,,,,,,,,,Copyright © 2026 David YE
3501,400,LZW7007BEVCC,五菱牌,上汽通用五菱汽车股份有限公司,,blank,75,75,柳州赛克科技发展有限公司,TZ180XS475,,,,,,,,,,,,Copyright © 2026 David YE
3502,400,LZW7007BEVCG,五菱牌,上汽通用五菱汽车股份有限公司,,blank,75,75,柳州赛克科技发展有限公司,TZ180XS475,,,,,,,,,,,,Copyright © 2026 David YE
3503,400,NHQ6481BEVFC,小鹏牌,广州小鹏汽车科技有限公司,,blank,218,218,武汉小鹏智能制造有限公司,TZ230XY01F30B,,,,,,,,,,,,Copyright © 2026 David YE
3504,400,NHQ6481BEVFD,小鹏牌,广州小鹏汽车科技有限公司,,blank,218,218,武汉小鹏智能制造有限公司,TZ230XY01F30B,,,,,,,,,,,,Copyright © 2026 David YE
3505,400,NHQ6491BEVGD,小鹏牌,广州小鹏汽车科技有限公司,,blank,258,258,立讯智造科技（常熟）有限公司,TZ230XY01E38B,,,,,,258,2836,390,258,同一电机型号官方公告记录唯一一致,,Copyright © 2026 David YE
3506,400,NHQ6491BEVGE,小鹏牌,广州小鹏汽车科技有限公司,,blank,258,258,立讯智造科技（常熟）有限公司,TZ230XY01E38B,,,,,,258,2836,390,258,同一电机型号官方公告记录唯一一致,,Copyright © 2026 David YE
3507,400,NHQ6491BEVGF,小鹏牌,广州小鹏汽车科技有限公司,,blank,258,423,武汉小鹏智能制造有限公司/立讯智造科技（常熟）有限公司,YS230XY01E38B/TZ230XY01E38B,,,,,,165|258,2836,390,165|258,同一电机型号官方公告记录唯一一致,,Copyright © 2026 David YE
3508,400,NHQ7000BEVKD,小鹏牌,广州小鹏汽车科技有限公司,,blank,180,180,武汉小鹏智能制造有限公司,TZ230XY01F57X,,,,,,,,,,,,Copyright © 2026 David YE
3509,400,NHQ7000BEVKE,小鹏牌,广州小鹏汽车科技有限公司,,blank,230,230,武汉小鹏智能制造有限公司,TZ230XY01F57X,,,,,,,,,,,,Copyright © 2026 David YE
3510,400,SC6480AAAQBEV,长安牌,重庆长安汽车股份有限公司,,blank,190,190,深蓝汽车科技有限公司,XTDM68,,,,,,,,,,,,Copyright © 2026 David YE
3511,400,SC7000AAARBEV,长安牌,重庆长安汽车股份有限公司,,blank,190,190,深蓝汽车科技有限公司,XTDM27,,,,,,,,,,,,Copyright © 2026 David YE
3512,400,SQR7000BEVE03A,星途牌,,,blank,230,230,苏州汇川联合动力系统股份有限公司,TZ220XY107,,,,,,,,,,,,Copyright © 2026 David YE
3513,400,TSL6480BEVBR0,特斯拉牌,特斯拉(上海)有限公司,,blank,225,225,特斯拉（上海）有限公司,3D6,,,,,,,,,,,,Copyright © 2026 David YE
3514,400,VWA70002BEV1,大众汽车牌,,,blank,170,170,大众汽车自动变速器（天津）有限公司,EEK,,,,,,,,,,,,Copyright © 2026 David YE
3515,400,WHJ7000BEVHH127,"
凯翼牌",,,blank,55,55,菲仕绿能科技(北京)有限公司,121BA3,,,,,,,,,,,,Copyright © 2026 David YE
3516,400,BJ7150K712RSHEV,华彰牌,,,blank,227,227,,,,,,,,,,,,,,Copyright © 2026 David YE
3517,400,BJ7150K713RSHEV,华彰牌,,,blank,227,227,,,,,,,,,,,,,,Copyright © 2026 David YE
3518,400,CC6470CF26CPHEV,哈弗牌,长城汽车股份有限公司,,blank,112,112,,,,,,,,,,,,,,Copyright © 2026 David YE
3519,400,CC6470CF26EPHEV,哈弗牌,长城汽车股份有限公司,,blank,112,112,,,,,,,,,,,,,,Copyright © 2026 David YE
3520,400,CC6480BT25NPHEV,哈弗牌,长城汽车股份有限公司,,blank,80,80,,,,,,,,,,,,,,Copyright © 2026 David YE
3521,400,CC6480BT25QPHEV,哈弗牌,长城汽车股份有限公司,,blank,80,80,,,,,,,,,,,,,,Copyright © 2026 David YE
3522,400,CC6480CW23NPHEV,哈弗牌,长城汽车股份有限公司,,blank,112,112,,,,,,,,,,,,,,Copyright © 2026 David YE
3523,400,CSA6501ZFPHEV2,荣威牌,上海汽车集团股份有限公司,,blank,176,176,,,,,,,,,,,,,,Copyright © 2026 David YE
3524,400,DFL7150NATA3PHEV,东风日产牌,,,blank,155,155,,,,,,,,,,,,,,Copyright © 2026 David YE
3525,400,DFL7150NATA4PHEV,东风日产牌,,,blank,155,155,,,,,,,,,,,,,,Copyright © 2026 David YE
3526,400,DFM6473M5F4PHEV,东风牌,东风汽车股份有限公司,,blank,74,74,,,,,,,,,,,,,,Copyright © 2026 David YE
3527,400,DXK6481AS10PHEVH,赛力斯蓝电牌,,,blank,160,160,,,,,,,,,,,,,,Copyright © 2026 David YE
3528,400,DXK6481AS11PHEVH45,赛力斯蓝电牌,,,blank,160 / 110,270,,,,,,,,,,,,,,Copyright © 2026 David YE
3529,400,DXK6481AS9PHEVH,赛力斯蓝电牌,,,blank,160,160,,,,,,,,,,,,,,Copyright © 2026 David YE
3530,400,GAC6490CHEVGAB6E,传祺(Trumpchi)牌,,,blank,115,115,,,,,,,,,,,,,,Copyright © 2026 David YE
3531,400,HQ6471DCHEV105M,吉利牌,浙江吉利汽车有限公司,,blank,90,90,,,,,,,,,,,,,,Copyright © 2026 David YE
3532,400,HQ6471DCHEV106M,吉利牌,浙江吉利汽车有限公司,,blank,90,90,,,,,,,,,,,,,,Copyright © 2026 David YE
3533,400,HQ7151DCHEV102M,吉利牌,浙江吉利汽车有限公司,,blank,90,90,,,,,,,,,,,,,,Copyright © 2026 David YE
3534,400,HQ7151DCHEV103M,吉利牌,浙江吉利汽车有限公司,,blank,90,90,,,,,,,,,,,,,,Copyright © 2026 David YE
3535,400,HQ7151DCHEV110,吉利牌,,,blank,79,79,,,,,,,,,,,,,,Copyright © 2026 David YE
3536,400,HQ7151DCHEV111,吉利牌,,,blank,79,79,,,,,,,,,,,,,,Copyright © 2026 David YE
3537,400,HQ7151DCHEV112,吉利牌,,,blank,79,79,,,,,,,,,,,,,,Copyright © 2026 David YE
3538,400,HQ7151DCHEV113,吉利牌,,,blank,79,79,,,,,,,,,,,,,,Copyright © 2026 David YE
3539,400,JX6472PG6PHEV,福特牌,长安福特汽车有限公司,,blank,160,160,,,,,,,,,,,,,,Copyright © 2026 David YE
3540,400,JX6497PD6PHEV,福特牌,,,blank,160,160,,,,,,,,,,,,,,Copyright © 2026 David YE
3541,400,JX6508PB6SHEV,福特牌,,,blank,130/180,310,,,,,,,,,,,,,,Copyright © 2026 David YE
3542,400,MR6521DCHEV110,极氪牌,浙江极氪智能科技有限公司,,blank,202,202,,,,,,,,,,,,,,Copyright © 2026 David YE
3543,400,MR6521DCHEV111,极氪牌,浙江极氪智能科技有限公司,,blank,202,202,,,,,,,,,,,,,,Copyright © 2026 David YE
3544,400,MR6521DCHEV112,极氪牌,浙江极氪智能科技有限公司,,blank,202,202,,,,,,,,,,,,,,Copyright © 2026 David YE
3545,400,MR6521DCHEV113,极氪牌,浙江极氪智能科技有限公司,,blank,202,202,,,,,,,,,,,,,,Copyright © 2026 David YE
3546,400,NHQ6481SHEVFA,小鹏牌,广州小鹏汽车科技有限公司,,blank,218,218,,,,,,,,,,,,,,Copyright © 2026 David YE
3547,400,NHQ7150SHEVKA,小鹏牌,,,blank,180,180,,,,,,,,,,,,,,Copyright © 2026 David YE
3548,400,QCJ7200BTHEV2,仰望牌,比亚迪汽车工业有限公司,,blank,260/260/240/240,1000,,,,,,,,,,,,,,Copyright © 2026 David YE
3549,400,SC6470AAAA6HEV,长安牌,重庆长安汽车股份有限公司,,blank,160,160,,,,,,,,,,,,,,Copyright © 2026 David YE
3550,400,SGM6525UFCHEV,别克(BUICK),,,blank,160,160,,,,,,,,,,,,,,Copyright © 2026 David YE
3551,400,SQR6470CHEVT1L6,捷途牌,奇瑞汽车股份有限公司,,blank,105,105,,,,,,,,,,,,,,Copyright © 2026 David YE
3552,400,SQR6480CHEVT1J1,捷途牌,奇瑞汽车股份有限公司,,blank,105,105,,,,,,,,,,,,,,Copyright © 2026 David YE
3553,400,SQR6480CHEVT1N1,捷途牌,奇瑞汽车股份有限公司,,blank,未提供具体数值,130,,,,,,,,,,,,,,Copyright © 2026 David YE
3554,400,SQR6484CHEVT1J,捷途牌,奇瑞汽车股份有限公司,,blank,未提供具体数值,130,,,,,,,,,,,,,,Copyright © 2026 David YE
3555,400,SQR6485CHEVT1J,捷途牌,奇瑞汽车股份有限公司,,blank,105,105,,,,,,,,,,,,,,Copyright © 2026 David YE
3556,400,SQR6500CHEVT1J1,捷途牌,奇瑞汽车股份有限公司,,blank,105,105,,,,,,,,,,,,,,Copyright © 2026 David YE
3557,400,SQR6520REEVE023,奇瑞牌,奇瑞新能源汽车股份有限公司,,blank,105,105,,,,,,,,,,,,,,Copyright © 2026 David YE
3558,400,SQR6520REEVE024,奇瑞牌,奇瑞新能源汽车股份有限公司,,blank,105,105,,,,,,,,,,,,,,Copyright © 2026 David YE
3559,401,AFN6490LACBEVA,奥迪牌,奥迪一汽新能源汽车有限公司,,blank,215,215,采埃孚电驱动系统（沈阳）有限公司,TZ215XYECY,,,,,,,,,,,,Copyright © 2026 David YE
3560,401,AFN6490LACBEVB,奥迪牌,奥迪一汽新能源汽车有限公司,,blank,215,215,采埃孚电驱动系统（沈阳）有限公司,TZ215XYECY,,,,,,,,,,,,Copyright © 2026 David YE
3561,401,AFN6490LBCBEV,奥迪牌,奥迪一汽新能源汽车有限公司,,blank,215,215,采埃孚电驱动系统（沈阳）有限公司,TZ215XYECY,,,,,,,,,,,,Copyright © 2026 David YE
3562,401,AFN6490SACBEVA,奥迪牌,奥迪一汽新能源汽车有限公司,,blank,215,215,采埃孚电驱动系统（沈阳）有限公司,TZ215XYECY,,,,,,,,,,,,Copyright © 2026 David YE
3563,401,AFN6490SACBEVB,奥迪牌,奥迪一汽新能源汽车有限公司,,blank,215,215,采埃孚电驱动系统（沈阳）有限公司,TZ215XYECY,,,,,,,,,,,,Copyright © 2026 David YE
3564,401,AFN6490SBCBEV,奥迪牌,奥迪一汽新能源汽车有限公司,,blank,215,215,采埃孚电驱动系统（沈阳）有限公司,TZ215XYECY,,,,,,,,,,,,Copyright © 2026 David YE
3565,401,AFN7000BACBEVA,奥迪牌,奥迪一汽新能源汽车有限公司,,blank,265,265,采埃孚电驱动系统（沈阳）有限公司,TZ215XYECY,,,,,,,,,,,,Copyright © 2026 David YE
3566,401,AFN7000BACBEVB,奥迪牌,奥迪一汽新能源汽车有限公司,,blank,265,265,采埃孚电驱动系统（沈阳）有限公司,TZ215XYECY,,,,,,,,,,,,Copyright © 2026 David YE
3567,401,AHC6470BEVJ0T,埃安(AION),,,blank,165,165,苏州汇川联合动力系统股份有限公司,TZ180XS135,,,,,,165,2817,390,165,同一电机型号官方公告记录唯一一致,,Copyright © 2026 David YE
3568,401,BAW6521MAM3BEV,锐胜牌,,,blank,202,202,菲仕绿能科技(北京)有限公司,TZ190XSAP5,,,,,,,,,,,,Copyright © 2026 David YE
3569,401,BAW6521MAM4BEV,锐胜牌,,,blank,202,202,菲仕绿能科技(北京)有限公司,TZ190XSAP5,,,,,,,,,,,,Copyright © 2026 David YE
3570,401,BAW6521MAM5BEV,锐胜牌,,,blank,202,202,菲仕绿能科技（北京）有限公司,TZ190XSAP5,,,,,,,,,,,,Copyright © 2026 David YE
3571,401,BAW6521MAM6BEV,锐胜牌,,,blank,202,202,菲仕绿能科技（北京）有限公司,TZ190XSAP5,,,,,,,,,,,,Copyright © 2026 David YE
3572,401,BAW6530MBM6BEV,锐胜牌,,,blank,170,170,菲仕绿能科技（北京）有限公司,TZ220XS140,,,,,,,,,,,,Copyright © 2026 David YE
3573,401,BAW6530MBM7BEV,锐胜牌,,,blank,170,170,菲仕绿能科技（北京）有限公司,TZ220XS140,,,,,,,,,,,,Copyright © 2026 David YE
3574,401,BJ7001A61NBEV,极狐(ARCFOX),,,blank,221 / 252,473,华为技术有限公司,YS210XY584/TZ210XY584,,,,,,,,,,,,Copyright © 2026 David YE
3575,401,CA6482H0EVB,红旗牌,中国第一汽车集团有限公司,,blank,220,220,中国第一汽车集团有限公司,CAM190PT9,,,,,,,,,,,,Copyright © 2026 David YE
3576,401,CA7009B0EVA,一汽牌,,,blank,202,202,菲仕绿能科技（北京）有限公司,TZ190XSAP5,,,,,,,,,,,,Copyright © 2026 David YE
3577,401,CA7009H0EVB,红旗牌,中国第一汽车集团有限公司,,blank,220,220,中国第一汽车集团有限公司,CAM190PT9,,,,,,,,,,,,Copyright © 2026 David YE
3578,401,CC6430BJ00NJBEV,欧拉牌,长城汽车股份有限公司,,blank,126,126,蜂巢传动系统(江苏)有限公司,TZ180XS009,,,,,,,,,,,,Copyright © 2026 David YE
3579,401,DFM6473M5FABEV,东风牌,东风汽车股份有限公司,,blank,135,135,珠海英搏尔电气股份有限公司,YY39TZ180S01,,,,,,,,,,,,Copyright © 2026 David YE
3580,401,DFM6473M5FBBEV,东风牌,东风汽车股份有限公司,,blank,135,135,珠海英搏尔电气股份有限公司,YY39TZ180S01,,,,,,,,,,,,Copyright © 2026 David YE
3581,401,DFM7000S1FCBEV,东风牌,东风汽车股份有限公司,,blank,100,100,上海汽车电驱动有限公司,TZ405XS001,,,,,,,,,,,,Copyright © 2026 David YE
3582,401,HQ6431BEV106,精灵(smart),,,blank,175,175,无锡星驱动力科技有限公司,TZ184QY101,,,,,,,,,,,,Copyright © 2026 David YE
3583,401,LZ6460XLE1EV,东风牌,东风汽车股份有限公司,,blank,120,120,珠海英搏尔电气股份有限公司,TZ180XSX5G,,,,,,,,,,,,Copyright © 2026 David YE
3584,401,LZW6402BEVA7,宝骏牌,上汽通用五菱汽车股份有限公司,,blank,90,90,柳州赛克科技发展有限公司,TZ180XS790,,,,,,,,,,,,Copyright © 2026 David YE
3585,401,LZW6402BEVA8,宝骏牌,上汽通用五菱汽车股份有限公司,,blank,90,90,柳州赛克科技发展有限公司,TZ180XS790,,,,,,,,,,,,Copyright © 2026 David YE
3586,401,LZW6402BEVA9,宝骏牌,上汽通用五菱汽车股份有限公司,,blank,90,90,柳州赛克科技发展有限公司,TZ180XS790,,,,,,,,,,,,Copyright © 2026 David YE
3587,401,NAL7000BSEVY2,萤火虫牌,,,blank,120,120,蔚来动力科技(合肥)有限公司新桥分公司,TZ160S012,,,,,,,,,,,,Copyright © 2026 David YE
3588,401,NEQ6430BEVS561,奇瑞牌,奇瑞新能源汽车股份有限公司,,blank,185,185,奇瑞新能源汽车股份有限公司,112AD3,,,,,,,,,,,,Copyright © 2026 David YE
3589,401,NEQ6430BEVS562,奇瑞牌,奇瑞新能源汽车股份有限公司,,blank,185,185,奇瑞新能源汽车股份有限公司,112AD3,,,,,,,,,,,,Copyright © 2026 David YE
3590,401,NEQ6440BEVS563,奇瑞牌,奇瑞新能源汽车股份有限公司,,blank,185,185,奇瑞新能源汽车股份有限公司,112AD3,,,,,,,,,,,,Copyright © 2026 David YE
3591,401,NEQ6440BEVS564,奇瑞牌,奇瑞新能源汽车股份有限公司,,blank,185,185,奇瑞新能源汽车股份有限公司,112AD3,,,,,,,,,,,,Copyright © 2026 David YE
3592,401,NEQ6440BEVS565,奇瑞牌,奇瑞新能源汽车股份有限公司,185.0,ambiguous,185,185,奇瑞新能源汽车股份有限公司,112AA3/112AD3,,,,,,,,,,,,Copyright © 2026 David YE
3593,401,NEQ7001BEVJ72F,奇瑞牌,奇瑞新能源汽车股份有限公司,,blank,36,36,奇瑞新能源汽车股份有限公司,112ABJ,,,,,,,,,,,,Copyright © 2026 David YE
3594,401,NHQ6530BEVHH,小鹏牌,广州小鹏汽车科技有限公司,,blank,235,235,武汉小鹏智能制造有限公司,TZ230XY01H93X,,,,,,,,,,,,Copyright © 2026 David YE
3595,401,NHQ6530BEVHJ,小鹏牌,广州小鹏汽车科技有限公司,,blank,135,370,武汉小鹏智能制造有限公司,TZ230XY01H93X/YS210XY01H93X,,,,,,,,,,,,Copyright © 2026 David YE
3596,401,NHQ7001BEVLA,小鹏牌,广州小鹏汽车科技有限公司,,blank,160,160,菲仕绿能科技（北京）有限公司,TZ190XS01D01A,,,,,,,,,,,,Copyright © 2026 David YE
3597,401,NHQ7001BEVLB,小鹏牌,广州小鹏汽车科技有限公司,,blank,160,160,菲仕绿能科技（北京）有限公司,TZ190XS01D01A,,,,,,,,,,,,Copyright © 2026 David YE
3598,401,NHQ7001BEVLC,小鹏牌,广州小鹏汽车科技有限公司,,blank,160,160,抱歉，我无法从提供的正文中提取出发动机生产企业信息。,TZ190XS01D01A,,,,,,,,,,,,Copyright © 2026 David YE
3599,401,SQR6500BEVE0YB,星途牌,奇瑞汽车股份有限公司,230.0,ambiguous,230,230,苏州汇川联合动力系统股份有限公司/联合汽车电子有限公司,YS190XY101/TZ220XSG05,,,,,,,,,,,,Copyright © 2026 David YE
3600,401,SQR6501BEVE0Y3,星途牌,奇瑞汽车股份有限公司,,blank,230,230,联合汽车电子有限公司,TZ220XSG05,,,,,,,,,,,,Copyright © 2026 David YE
3601,401,SQR7000BEVE03A,星途牌,奇瑞汽车股份有限公司,,blank,230,230,苏州汇川联合动力系统股份有限公司,TZ220XY107,,,,,,,,,,,,Copyright © 2026 David YE
3602,401,VWA65012BEV1,大众汽车牌,,,blank,230,230,大众汽车自动变速器（天津）有限公司,EDF,,,,,,,,,,,,Copyright © 2026 David YE
3603,401,VWA65012BEV2,大众汽车牌,,,blank,230,230,大众汽车自动变速器（天津）有限公司,EDF,,,,,,,,,,,,Copyright © 2026 David YE
3604,401,VWA65013BEV1,大众汽车牌,,,blank,140/230,370,大众汽车自动变速器（天津）有限公司,EFM/EDF,,,,,,,,,,,,Copyright © 2026 David YE
3605,401,BYD6476ST6HEV10,比亚迪牌,比亚迪汽车工业有限公司,,blank,120,120,,,,,,,,,,,,,,Copyright © 2026 David YE
3606,401,BYD6490ST6HEV25,比亚迪牌,比亚迪汽车工业有限公司,,blank,200,200,,,,,,,,,,,,,,Copyright © 2026 David YE
3607,401,BYD7150ADHEV14,比亚迪牌,比亚迪汽车工业有限公司,,blank,175,175,,,,,,,,,,,,,,Copyright © 2026 David YE
3608,401,BYD7150ADHEVA2,比亚迪牌,比亚迪汽车工业有限公司,,blank,175,175,,,,,,,,,,,,,,Copyright © 2026 David YE
3609,401,BYD7151Y6HEV5,比亚迪牌,比亚迪汽车工业有限公司,,blank,160,160,,,,,,,,,,,,,,Copyright © 2026 David YE
3610,401,BYD7153WT6HEV11,比亚迪牌,比亚迪汽车工业有限公司,,blank,175,175,,,,,,,,,,,,,,Copyright © 2026 David YE
3611,401,BYD7153WT6HEV12,比亚迪牌,比亚迪汽车工业有限公司,,blank,175,175,,,,,,,,,,,,,,Copyright © 2026 David YE
3612,401,BYD7155WT6HEV8,比亚迪牌,比亚迪汽车工业有限公司,,blank,120,120,,,,,,,,,,,,,,Copyright © 2026 David YE
3613,401,BYD7156WT6HEV9,比亚迪牌,比亚迪汽车工业有限公司,,blank,120,120,,,,,,,,,,,,,,Copyright © 2026 David YE
3614,401,CC6470CF26CPHEV,,,,blank,112,112,,,,,,,,,,,,,,Copyright © 2026 David YE
3615,401,CC6470CF26DPHEV,哈弗牌,长城汽车股份有限公司,,blank,112,112,,,,,,,,,,,,,,Copyright © 2026 David YE
3616,401,CC6470CF26EPHEV,,,,blank,112,112,,,,,,,,,,,,,,Copyright © 2026 David YE
3617,401,CC6480BT25MPHEV,哈弗牌,长城汽车股份有限公司,,blank,未提供具体数据（原文中未提及驱动电机峰值功率）,,,,,,,,,,,,,,,Copyright © 2026 David YE
3618,401,CC6480BT25NPHEV,,,,blank,80,80,,,,,,,,,,,,,,Copyright © 2026 David YE
3619,401,CC6480BT25QPHEV,,,,blank,80,80,,,,,,,,,,,,,,Copyright © 2026 David YE
3620,401,CC6480CW23NPHEV,,,,blank,112,112,,,,,,,,,,,,,,Copyright © 2026 David YE
3621,401,CC6480CW23PPHEV,哈弗牌,长城汽车股份有限公司,,blank,112,112,,,,,,,,,,,,,,Copyright © 2026 David YE
3622,401,CSA6501ZFPHEV2,,,,blank,176,176,,,,,,,,,,,,,,Copyright © 2026 David YE
3623,401,DFM6473M5F4PHEV,,,,blank,74,74,,,,,,,,,,,,,,Copyright © 2026 David YE
3624,401,DFM6480M5F7PHEV,东风牌,东风汽车股份有限公司,,blank,110,110,,,,,,,,,,,,,,Copyright © 2026 David YE
3625,401,DXK6481AS10PHEVH,,,,blank,160,160,,,,,,,,,,,,,,Copyright © 2026 David YE
3626,401,DXK6481AS11PHEVH45,,,,blank,,270,,,,,,,,,,,,,,Copyright © 2026 David YE
3627,401,DXK6481AS12PHEVH45,赛力斯蓝电牌,,,blank,160,160,,,,,,,,,,,,,,Copyright © 2026 David YE
3628,401,DXK6481AS13PHEVH,赛力斯蓝电牌,,,blank,160,160,,,,,,,,,,,,,,Copyright © 2026 David YE
3629,401,DXK6481AS9PHEVH,,,,blank,160,160,,,,,,,,,,,,,,Copyright © 2026 David YE
3630,401,EQ2033RMV6PHEV,,,,blank,,,,,,,,,,,,,,,,Copyright © 2026 David YE
3631,401,EQ2034RMV6PHEV,,,,blank,,,,,,,,,,,,,,,,Copyright © 2026 David YE
3632,401,HQ6471DCHEV105M,,,,blank,90,90,,,,,,,,,,,,,,Copyright © 2026 David YE
3633,401,HQ6471DCHEV106M,,,,blank,90,90,,,,,,,,,,,,,,Copyright © 2026 David YE
3634,401,HQ6472DCHEV105,吉利牌,浙江吉利汽车有限公司,,blank,79,79,,,,,,,,,,,,,,Copyright © 2026 David YE
3635,401,HQ6472DCHEV106,吉利牌,浙江吉利汽车有限公司,,blank,79,79,,,,,,,,,,,,,,Copyright © 2026 David YE
3636,401,HQ6472DCHEV107,吉利牌,浙江吉利汽车有限公司,,blank,79,79,,,,,,,,,,,,,,Copyright © 2026 David YE
3637,401,HQ7151DCHEV102M,,,,blank,90,90,,,,,,,,,,,,,,Copyright © 2026 David YE
3638,401,HQ7151DCHEV110,,,,blank,79,160,,,,,,,,,,,,,,Copyright © 2026 David YE
3639,401,HQ7151DCHEV111,,,,blank,79,160,,,,,,,,,,,,,,Copyright © 2026 David YE
3640,401,HQ7151DCHEV112,,,,blank,79,160,,,,,,,,,,,,,,Copyright © 2026 David YE
3641,401,JX6497PD6PHEV,福特牌,长安福特汽车有限公司,,blank,160,160,,,,,,,,,,,,,,Copyright © 2026 David YE
3642,401,JX6508PB6SHEV,福特牌,长安福特汽车有限公司,,blank,130 / 180,310,,,,,,,,,,,,,,Copyright © 2026 David YE
3643,401,MR6521DCHEV110,,,,blank,202,202,,,,,,,,,,,,,,Copyright © 2026 David YE
3644,401,MR6521DCHEV111,,,,blank,202,202,,,,,,,,,,,,,,Copyright © 2026 David YE
3645,401,MR6521DCHEV112,,,,blank,202,202,,,,,,,,,,,,,,Copyright © 2026 David YE
3646,401,MR6521DCHEV113,,,,blank,202,202,,,,,,,,,,,,,,Copyright © 2026 David YE
3647,401,NEQ6450REEVS56D,,,,blank,,,,,,,,,,,,,,,,Copyright © 2026 David YE
3648,401,NEQ6450REEVS56E,奇瑞牌,奇瑞新能源汽车股份有限公司,,blank,105,105,,,,,,,,,,,,,,Copyright © 2026 David YE
3649,401,NEQ6450REEVS56F,奇瑞牌,奇瑞新能源汽车股份有限公司,,blank,105,105,,,,,,,,,,,,,,Copyright © 2026 David YE
3650,401,NEQ6490REEVS5DD,爱咖牌,,,blank,105,105,,,,,,,,,,,,,,Copyright © 2026 David YE
3651,401,NEQ6490REEVS5DE,爱咖牌,,,blank,105,105,,,,,,,,,,,,,,Copyright © 2026 David YE
3652,401,NEQ6490REEVS5DH,爱咖牌,,,blank,105,105,,,,,,,,,,,,,,Copyright © 2026 David YE
3653,401,NEQ6510REEVS5DD,爱咖牌,,,blank,未提供具体数据,,,,,,,,,,,,,,,Copyright © 2026 David YE
3654,401,NEQ6510REEVS5DE,爱咖牌,,,blank,105,105,,,,,,,,,,,,,,Copyright © 2026 David YE
3655,401,NEQ6510REEVS5DH,爱咖牌,,,blank,105,105,,,,,,,,,,,,,,Copyright © 2026 David YE
3656,401,NHQ6481SHEVFA,,,,blank,218,218,,,,,,,,,,,,,,Copyright © 2026 David YE
3657,401,NHQ7150SHEVKA,,,,blank,180,180,,,,,,,,,,,,,,Copyright © 2026 David YE
3658,401,QCJ6500BG6HEV8,方程豹牌,比亚迪汽车有限公司,,blank,,,,,,,,,,,,,,,,Copyright © 2026 David YE
3659,401,QCJ7200BTHEV2,,,,blank,,1000,,,,,,,,,,,,,,Copyright © 2026 David YE
3660,401,SC6470AAAA6HEV,,,,blank,160,160,,,,,,,,,,,,,,Copyright © 2026 David YE
3661,401,SC6510AAAD6HEV,长安牌,重庆长安汽车股份有限公司,,blank,131/185,316,,,,,,,,,,,,,,Copyright © 2026 David YE
3662,401,SC6510AAAE6HEV,长安牌,重庆长安汽车股份有限公司,,blank,185,185,,,,,,,,,,,,,,Copyright © 2026 David YE
3663,401,SGM6525UFCHEV,,,,blank,160,160,,,,,,,,,,,,,,Copyright © 2026 David YE
3664,401,SQR6470CHEVT1L6,,,,blank,105,105,,,,,,,,,,,,,,Copyright © 2026 David YE
3665,401,SQR6480CHEVT1J1,,,,blank,105,105,,,,,,,,,,,,,,Copyright © 2026 David YE
3666,401,SQR6480CHEVT1J2,捷途牌,奇瑞汽车股份有限公司,,blank,,,,,,,,,,,,,,,,Copyright © 2026 David YE
3667,401,SQR6480CHEVT1N1,,,,blank,,130,,,,,,,,,,,,,,Copyright © 2026 David YE
3668,401,SQR6484CHEVT1J,请提供包含产品商标信息的正文内容，以便我进行提取。,,,blank,,130,,,,,,,,,,,,,,Copyright © 2026 David YE
3669,401,SQR6485CHEVT1J,,,,blank,105,105,,,,,,,,,,,,,,Copyright © 2026 David YE
3670,401,SQR6500CHEVM36T2,星途牌,奇瑞汽车股份有限公司,,blank,105,105,,,,,,,,,,,,,,Copyright © 2026 David YE
3671,401,SQR6500CHEVT1J1,,,,blank,105,105,,,,,,,,,,,,,,Copyright © 2026 David YE
3672,401,SQR6500REEVE0Y7,星途牌,奇瑞汽车股份有限公司,,blank,105,105,,,,,,,,,,,,,,Copyright © 2026 David YE
3673,401,SQR6500REEVE0YA,星途牌,奇瑞汽车股份有限公司,,blank,105,105,,,,,,,,,,,,,,Copyright © 2026 David YE
3674,401,SQR6520REEVE024,,,,blank,105,105,,,,,,,,,,,,,,Copyright © 2026 David YE
3675,401,SQR6520REEVE025,奇瑞牌,奇瑞新能源汽车股份有限公司,,blank,105,105,,,,,,,,,,,,,,Copyright © 2026 David YE
3676,401,SQR6520REEVE026,奇瑞牌,奇瑞新能源汽车股份有限公司,,blank,105,105,,,,,,,,,,,,,,Copyright © 2026 David YE
3677,402,AHC6460BEVJ0X,埃安(AION),,,blank,165,165,苏州汇川联合动力系统股份有限公司,TZ180XS135,,,,,,165,2817,390,165,同一电机型号官方公告记录唯一一致,,Copyright © 2026 David YE
3678,402,AHC6460BEVP0A,埃安(AION),,,blank,"45, 100",145,锐湃动力科技有限公司,TZ160XYD3A02,,,,,,,,,,,,Copyright © 2026 David YE
3679,402,AHC6460BEVP0B,埃安(AION),,,blank,165,165,锐湃动力科技有限公司,TZ180XYD3A37,,,,,,,,,,,,Copyright © 2026 David YE
3680,402,AHC6460BEVP0D,埃安(AION),,,blank,165,165,锐湃动力科技有限公司,TZ180XYD3A37,,,,,,,,,,,,Copyright © 2026 David YE
3681,402,AHC6500BEVH0A,昊铂牌,广汽埃安新能源汽车股份有限公司,,blank,80,80,锐湃动力科技有限公司,TZ220XYX3T24,,,,,,,,,,,,Copyright © 2026 David YE
3682,402,AHC6500BEVH0B,昊铂牌,广汽埃安新能源汽车股份有限公司,,blank,250,250,锐湃动力科技有限公司,TZ220XYX3T24,,,,,,,,,,,,Copyright © 2026 David YE
3683,402,AHC7000BEVK0G,埃安(AION),,,blank,150,150,锐湃动力科技有限公司,TZ180XYD3A01,,,,,,,,,,,,Copyright © 2026 David YE
3684,402,BMW6462ACEV,宝马(BMW),,,blank,137,137,采埃孚电驱动科技(沈阳)有限公司,HB0001N1/HB0002N0,,,,,,,,,,,,Copyright © 2026 David YE
3685,402,BMW6462FCEV,宝马(BMW),,,blank,153,153,采埃孚电驱动科技(沈阳)有限公司,HB0003N1,,,,,,,,,,,,Copyright © 2026 David YE
3686,402,BYD6480AMBEV1,比亚迪牌,比亚迪汽车工业有限公司,,blank,240,240,南京市比亚迪汽车有限公司,TZ200XYAT,,,,,,,,,,,,Copyright © 2026 David YE
3687,402,BYD6480AMBEV2,比亚迪牌,比亚迪汽车工业有限公司,,blank,270,270,南京市比亚迪汽车有限公司,TZ200XYAV,,,,,,,,,,,,Copyright © 2026 David YE
3688,402,BYD7000AGBEV4,比亚迪牌,比亚迪汽车工业有限公司,,blank,75,75,郑州比亚迪汽车有限公司,TZ200XSBR,,,,,,,,,,,,Copyright © 2026 David YE
3689,402,BYD7000AGBEV5,比亚迪牌,比亚迪汽车工业有限公司,,blank,240,240,南京市比亚迪汽车有限公司,TZ200XYAT,,,,,,,,,,,,Copyright © 2026 David YE
3690,402,BYD7000BVBEV3,比亚迪牌,比亚迪汽车工业有限公司,,blank,240,240,南京市比亚迪汽车有限公司,TZ200XYAT,,,,,,,,,,,,Copyright © 2026 David YE
3691,402,BYD7000BVBEV4,比亚迪牌,比亚迪汽车工业有限公司,,blank,120,120,抚州比亚迪实业有限公司,TZ180XSAC,,,,,,,,,,,,Copyright © 2026 David YE
3692,402,BYD7000BWBEV3,比亚迪牌,比亚迪汽车工业有限公司,,blank,120,120,抚州比亚迪实业有限公司,TZ180XSAC,,,,,,,,,,,,Copyright © 2026 David YE
3693,402,BYD7000BWBEV4,比亚迪牌,比亚迪汽车工业有限公司,,blank,240,240,南京市比亚迪汽车有限公司,TZ200XYAT,,,,,,,,,,,,Copyright © 2026 David YE
3694,402,BYD7000BXBEV2,比亚迪牌,比亚迪汽车工业有限公司,,blank,240,240,南京市比亚迪汽车有限公司,TZ200XYAT,,,,,,,,,,,,Copyright © 2026 David YE
3695,402,BYD7009BEV14,比亚迪牌,比亚迪汽车工业有限公司,,blank,240,240,南京市比亚迪汽车有限公司,TZ200XYAT,,,,,,,,,,,,Copyright © 2026 David YE
3696,402,CC6430BJ00HKBEV,欧拉牌,长城汽车股份有限公司,,blank,126,126,联合汽车电子有限公司,TZ153XS001,,,,,,,,,,,,Copyright © 2026 David YE
3697,402,CSA7004GBEV6,荣威牌,上海汽车集团股份有限公司,,blank,120,120,湖南中车时代电驱科技有限公司,TZ180XS1001,,,,,,,,,,,,Copyright © 2026 David YE
3698,402,CSA7004GBEV7,荣威牌,上海汽车集团股份有限公司,,blank,120,120,湖南中车时代电驱科技有限公司,TZ180XS1001,,,,,,,,,,,,Copyright © 2026 David YE
3699,402,CSA7004GBEVG,荣威牌,上海汽车集团股份有限公司,,blank,120,120,湖南中车时代电驱科技有限公司,TZ180XS1001,,,,,,,,,,,,Copyright © 2026 David YE
3700,402,CSA7005ABEV3,荣威牌,上海汽车集团股份有限公司,,blank,105,105,湖南中车时代电驱科技有限公司,TZ180XS1001,,,,,,,,,,,,Copyright © 2026 David YE
3701,402,DFL6490NNJ1BEV,东风日产牌,,,blank,215,215,东风汽车有限公司,TZ200XY2JE,,,,,,,,,,,,Copyright © 2026 David YE
3702,402,DFL6490NNJ2BEV,东风日产牌,,,blank,250,250,东风汽车有限公司,TZ200XY3JE,,,,,,,,,,,,Copyright © 2026 David YE
3703,402,DFM6500S5F5BEV,东风牌,东风汽车股份有限公司,,blank,230,230,智新科技股份有限公司,TZ225XYH01,,,,,,,,,,,,Copyright © 2026 David YE
3704,402,JX7001ERGBEV,羿驰牌,,,blank,165,165,苏州汇川联合动力系统股份有限公司,TZ180XS135,,,,,,165,2817,390,165,同一电机型号官方公告记录唯一一致,,Copyright © 2026 David YE
3705,402,JX7001ERKBEV,羿驰牌,,,blank,165,165,苏州汇川联合动力系统股份有限公司,TZ180XS135,,,,,,165,2817,390,165,同一电机型号官方公告记录唯一一致,,Copyright © 2026 David YE
3706,402,JX7001ERLBEV,羿驰牌,,,blank,165,165,苏州汇川联合动力系统股份有限公司,TZ180XS135,,,,,,165,2817,390,165,同一电机型号官方公告记录唯一一致,,Copyright © 2026 David YE
3707,402,LZW7001BEVE8,五菱牌,上汽通用五菱汽车股份有限公司,,blank,30,30,柳州赛克科技发展有限公司,TZ155XZ230,,,,,,,,,,,,Copyright © 2026 David YE
3708,402,LZW7001BEVE9,五菱牌,上汽通用五菱汽车股份有限公司,,blank,30,30,柳州赛克科技发展有限公司,TZ155XZ230,,,,,,,,,,,,Copyright © 2026 David YE
3709,402,LZW7001BEVEA,五菱牌,上汽通用五菱汽车股份有限公司,,blank,30,30,柳州赛克科技发展有限公司,TZ155XZ230,,,,,,,,,,,,Copyright © 2026 David YE
3710,402,LZW7001BEVEB,五菱牌,上汽通用五菱汽车股份有限公司,,blank,30,30,柳州赛克科技发展有限公司,TZ155XZ230,,,,,,,,,,,,Copyright © 2026 David YE
3711,402,LZW7001BEVEC,五菱牌,上汽通用五菱汽车股份有限公司,,blank,30,30,柳州赛克科技发展有限公司,TZ155XZ230,,,,,,,,,,,,Copyright © 2026 David YE
3712,402,LZW7001BEVED,五菱牌,上汽通用五菱汽车股份有限公司,,blank,30,30,柳州赛克科技发展有限公司,TZ155XZ230,,,,,,,,,,,,Copyright © 2026 David YE
3713,402,LZW7007BEVCD,五菱牌,上汽通用五菱汽车股份有限公司,,blank,65,65,柳州赛克科技发展有限公司,TZ180XS765,,,,,,,,,,,,Copyright © 2026 David YE
3714,402,LZW7007BEVCE,五菱牌,上汽通用五菱汽车股份有限公司,,blank,65,65,柳州赛克科技发展有限公司,TZ180XS765,,,,,,,,,,,,Copyright © 2026 David YE
3715,402,NEQ6420BEVS59M,爱咖牌,,,blank,185,185,奇瑞新能源汽车股份有限公司,112AD3,,,,,,,,,,,,Copyright © 2026 David YE
3716,402,NEQ6420BSEVS59A,爱咖牌,,,blank,100,100,奇瑞新能源汽车股份有限公司,112AB9,,,,,,100,2830,390,100,同一电机型号官方公告记录唯一一致,,Copyright © 2026 David YE
3717,402,QCJ6460AHBEV5,方程豹牌,比亚迪汽车有限公司,,blank,240,240,南京市比亚迪汽车有限公司,TZ200XYAT,,,,,,,,,,,,Copyright © 2026 David YE
3718,402,QCJ6460AHBEV6,方程豹牌,比亚迪汽车有限公司,,blank,240,240,南京市比亚迪汽车有限公司,TZ200XYAT,,,,,,,,,,,,Copyright © 2026 David YE
3719,402,QCJ6460AHBEV7,方程豹牌,比亚迪汽车有限公司,,blank,前: 35 / 后: 120,155,东莞弗迪动力有限公司 / 南京市比亚迪汽车有限公司,YS230XYC / TZ200XYAT,,,,,,,,,,,,Copyright © 2026 David YE
3720,402,QCJ6460AHBEV8,方程豹牌,比亚迪汽车有限公司,,blank,170,170,郑州比亚迪汽车有限公司,TZ200XSBF,,,,,,,,,,,,Copyright © 2026 David YE
3721,402,QCJ7000BTBEV3,仰望牌,比亚迪汽车工业有限公司,,blank,240,240,深圳比亚迪汽车实业有限公司,TZ220XYAE/TZ220XYAE/TZ220XYBS/TZ220XYBS,,,,,,,,,,,,Copyright © 2026 David YE
3722,402,QCJ7000BTBEV4,仰望牌,比亚迪汽车工业有限公司,,blank,240,240,深圳比亚迪汽车实业有限公司,TZ220XYAE/TZ220XYAE/TZ220XYBS/TZ220XYBS,,,,,,,,,,,,Copyright © 2026 David YE
3723,402,SAL7000AC00BBEV,光束(MINI)牌,,,blank,135,135,联合汽车电子有限公司,HC0001N0,,,,,,,,,,,,Copyright © 2026 David YE
3724,402,SAL7000AC01BBEV,光束(MINI)牌,,,blank,160,160,联合汽车电子有限公司,HC0001N0,,,,,,,,,,,,Copyright © 2026 David YE
3725,402,SC7000AAAVBEV,长安牌,重庆长安汽车股份有限公司,,blank,105,105,重庆青山工业有限责任公司,TZ180XS001,,,,,,,,,,,,Copyright © 2026 David YE
3726,402,SC7000AABMBEV,长安牌,重庆长安汽车股份有限公司,,blank,35,35,重庆青山工业有限责任公司,YY30TZ155001,,,,,,,,,,,,Copyright © 2026 David YE
3727,402,SC7000AABNBEV,长安牌,重庆长安汽车股份有限公司,,blank,35,35,重庆青山工业有限责任公司,YY30TZ155001,,,,,,,,,,,,Copyright © 2026 David YE
3728,402,SC7000AABTBEV,长安牌,重庆长安汽车股份有限公司,,blank,190,190,深蓝汽车科技有限公司,XTDM68,,,,,,,,,,,,Copyright © 2026 David YE
3729,402,SGM6525BABEV,凯迪拉克(CADILLAC),,,blank,255,255,上汽通用汽车有限公司,TZ225XYP9C,,,,,,,,,,,,Copyright © 2026 David YE
3730,402,SGM6525BCBEV,凯迪拉克(CADILLAC),,,blank,130,443,上汽通用汽车有限公司,TZ220XYSTA/TZ225XYP9C,,,,,,,,,,,,Copyright © 2026 David YE
3731,402,SVW650171CEV,奥迪(AUDI),,,blank,300,300,华域汽车电动系统有限公司,TZ230XY1252,,,,,,,,,,,,Copyright © 2026 David YE
3732,402,SVW650172CEV,奥迪(AUDI),,300.0,ambiguous,200/300,500,联合汽车电子有限公司/华域汽车电动系统有限公司,TZ180XS0952/TZ230XY1252,,,,,,,,,,,,Copyright © 2026 David YE
3733,402,SVW650173CEV,奥迪(AUDI),,,blank,300,300,华域汽车电动系统有限公司,TZ230XY1252,,,,,,,,,,,,Copyright © 2026 David YE
3734,402,SVW650174CEV,奥迪(AUDI),,300.0,ambiguous,200/300,500,联合汽车电子有限公司/华域汽车电动系统有限公司,TZ180XS0952/TZ230XY1252,,,,,,,,,,,,Copyright © 2026 David YE
3735,402,AHC6500SHEVH0C,昊铂牌,广汽埃安新能源汽车股份有限公司,,blank,未提供具体数值,,,,,,,,,,,,,,,Copyright © 2026 David YE
3736,402,AHC6500SHEVH0D,昊铂牌,广汽埃安新能源汽车股份有限公司,,blank,115,115,,,,,,,,,,,,,,Copyright © 2026 David YE
3737,402,BAW6514MB6SHEV,极石牌,,,blank,未提供,350,,,,,,,,,,,,,,Copyright © 2026 David YE
3738,402,BJ2030V413MSHEV,北京牌,北京汽车股份有限公司,,blank,130,130,,,,,,,,,,,,,,Copyright © 2026 David YE
3739,402,BJ2030V414MSHEV,北京牌,北京汽车股份有限公司,,blank,未提供具体数据,,,,,,,,,,,,,,,Copyright © 2026 David YE
3740,402,BJ2030V415MSHEV,北京牌,北京汽车股份有限公司,,blank,130,130,,,,,,,,,,,,,,Copyright © 2026 David YE
3741,402,BJ2030V416MSHEV,北京牌,北京汽车股份有限公司,,blank,130,130,,,,,,,,,,,,,,Copyright © 2026 David YE
3742,402,BJ6530K801RREEV,极狐牌,北京新能源汽车股份有限公司,,blank,227,227,,,,,,,,,,,,,,Copyright © 2026 David YE
3743,402,BJ6530K80RREEV,极狐牌,北京新能源汽车股份有限公司,,blank,227,227,,,,,,,,,,,,,,Copyright © 2026 David YE
3744,402,BJ7150K711RSHEV,华彰牌,,,blank,227,227,,,,,,,,,,,,,,Copyright © 2026 David YE
3745,402,BJ7150K712RSHEV,华彰牌,,,blank,227,227,,,,,,,,,,,,,,Copyright © 2026 David YE
3746,402,BJ7150K713RSHEV,华彰牌,,,blank,227,227,,,,,,,,,,,,,,Copyright © 2026 David YE
3747,402,BJ7150K72RSHEV,华彰牌,,,blank,227,227,,,,,,,,,,,,,,Copyright © 2026 David YE
3748,402,BYD6480AMHEV10,比亚迪牌,比亚迪汽车工业有限公司,,blank,175,175,,,,,,,,,,,,,,Copyright © 2026 David YE
3749,402,BYD6490ST6HEV26,比亚迪牌,比亚迪汽车工业有限公司,,blank,200,200,,,,,,,,,,,,,,Copyright © 2026 David YE
3750,402,CA6475HA6PHEVTB,红旗牌,中国第一汽车集团有限公司,,blank,未提供具体数值，但提到配备汽车事件数据记录系统(EDR),180,,,,,,,,,,,,,,Copyright © 2026 David YE
3751,402,CA6520HA6PHEVTA,红旗牌,中国第一汽车集团有限公司,,blank,未提供具体数值，但型号为CAM220PT20,180,,,,,,,,,,,,,,Copyright © 2026 David YE
3752,402,CA6520HA6PHEVTXC,红旗牌,中国第一汽车集团有限公司,,blank,未提供具体数值,180,,,,,,,,,,,,,,Copyright © 2026 David YE
3753,402,CSA6512LFREEV1,智己牌,,,blank,150 / 230,380,,,,,,,,,,,,,,Copyright © 2026 David YE
3754,402,CSA6512LFREEV2,智己牌,,,blank,160 / 230,390,,,,,,,,,,,,,,Copyright © 2026 David YE
3755,402,CSA6512LFREEV3,智己牌,,,blank,230,230,,,,,,,,,,,,,,Copyright © 2026 David YE
3756,402,CSA6531LFSHEV1,智己牌,,,blank,160/230,390,,,,,,,,,,,,,,Copyright © 2026 David YE
3757,402,CSA6531LFSHEV2,智己牌,,,blank,150/230,380,,,,,,,,,,,,,,Copyright © 2026 David YE
3758,402,CSA6531LFSHEV3,智己牌,,,blank,160/195/195,550,,,,,,,,,,,,,,Copyright © 2026 David YE
3759,402,DFL6490NSTJ1REEV,东风日产牌,,,blank,195,195,,,,,,,,,,,,,,Copyright © 2026 David YE
3760,402,DFL6490NSTJ2REEV,东风日产牌,,,blank,195,195,,,,,,,,,,,,,,Copyright © 2026 David YE
3761,402,DFL6490NSTJ3REEV,东风日产牌,,,blank,195,195,,,,,,,,,,,,,,Copyright © 2026 David YE
3762,402,EQ6497AL5F1SHEV,岚图牌,岚图汽车科技有限公司,,blank,未提供具体数据,,,,,,,,,,,,,,,Copyright © 2026 David YE
3763,402,EQ6497AL5F2SHEV,岚图牌,岚图汽车科技有限公司,,blank,未提供,,,,135/215kW,3115,394,C-same-model,medium,,,,215,同一产品型号跨批次记录唯一一致,,Copyright © 2026 David YE
3764,402,EQ6520AE5F2PHEV,岚图牌,岚图汽车科技有限公司,,blank,150/230,380,,,,,,,,,,,,,,Copyright © 2026 David YE
3765,402,EQ6521AE5F2PHEV,岚图牌,岚图汽车科技有限公司,,blank,150/215,365,,,,,,,,,,,,,,Copyright © 2026 David YE
3766,402,GAC6531CHEVMDC6A,传祺(Trumpchi)牌,,,blank,140,140,,,,,,,,,,,,,,Copyright © 2026 David YE
3767,402,HQ6483DCHEV100,吉利牌,浙江吉利汽车有限公司,,blank,79,79,,,,,,,,,,,,,,Copyright © 2026 David YE
3768,402,HQ6483DCHEV101,吉利牌,浙江吉利汽车有限公司,,blank,79,79,,,,,,,,,,,,,,Copyright © 2026 David YE
3769,402,HQ7151DCHEV103M,吉利牌,浙江吉利汽车有限公司,,blank,90,90,,,,,,,,,,,,,,Copyright © 2026 David YE
3770,402,HQ7151DCHEV106,精灵(smart)牌,,,blank,抱歉，我无法从提供的正文中提取到驱动电机峰值功率数值。,,,,,,,,,,,,,,,Copyright © 2026 David YE
3771,402,HQ7151DCHEV107,精灵(smart)牌,,,blank,120,120,,,,,,,,,,,,,,Copyright © 2026 David YE
3772,402,HQ7151DCHEV110,吉利牌,浙江吉利汽车有限公司,,blank,79,160,,,,,,,,,,,,,,Copyright © 2026 David YE
3773,402,HQ7151DCHEV111,吉利牌,浙江吉利汽车有限公司,,blank,79,160,,,,,,,,,,,,,,Copyright © 2026 David YE
3774,402,HQ7151DCHEV112,吉利牌,浙江吉利汽车有限公司,,blank,79,160,,,,,,,,,,,,,,Copyright © 2026 David YE
3775,402,HQ7151DCHEV113,吉利牌,浙江吉利汽车有限公司,,blank,79,160,,,,,,,,,,,,,,Copyright © 2026 David YE
3776,402,HQ7151DCHEV114,吉利牌,浙江吉利汽车有限公司,,blank,79,79,,,,,,,,,,,,,,Copyright © 2026 David YE
3777,402,HQ7151DCHEV118,吉利牌,浙江吉利汽车有限公司,,blank,79,79,,,,,,,,,,,,,,Copyright © 2026 David YE
3778,402,HQ7151DCHEV119,吉利牌,浙江吉利汽车有限公司,,blank,79,79,,,,,,,,,,,,,,Copyright © 2026 David YE
3779,402,JX6472PG6PHEV,福特牌,长安福特汽车有限公司,,blank,160,160,,,,,,,,,,,,,,Copyright © 2026 David YE
3780,402,JX6508PA6SHEV,福特牌,长安福特汽车有限公司,,blank,130/180,310,,,,,,,,,,,,,,Copyright © 2026 David YE
3781,402,LTS6510H1CHEV,莲花牌,,,blank,202,202,,,,,,,,,,,,,,Copyright © 2026 David YE
3782,402,LZ6520M15B3PHEV,东风牌,东风汽车股份有限公司,,blank,未提供具体数值,,,,,,,,,,,,,,,Copyright © 2026 David YE
3783,402,LZ6520M15B4PHEV,东风牌,东风汽车股份有限公司,,blank,请提供包含“驱动电机峰值功率”信息的正文内容，以便我进行提取。,,,,,,,,,,,,,,,Copyright © 2026 David YE
3784,402,LZW6502HDUPHEVA3,五菱牌,上汽通用五菱汽车股份有限公司,,blank,100,100,,,,,,,,,,,,,,Copyright © 2026 David YE
3785,402,LZW6502KBUPHEVA2,五菱牌,上汽通用五菱汽车股份有限公司,,blank,75,75,,,,,,,,,,,,,,Copyright © 2026 David YE
3786,402,MR7152DCHEV102,吉利牌,浙江吉利汽车有限公司,,blank,79,79,,,,,,,,,,,,,,Copyright © 2026 David YE
3787,402,MR7152DCHEV103,吉利牌,浙江吉利汽车有限公司,,blank,未提供具体数据,,,,,,,,,,,,,,,Copyright © 2026 David YE
3788,402,MR7152DCHEV104,吉利牌,浙江吉利汽车有限公司,,blank,79,79,,,,,,,,,,,,,,Copyright © 2026 David YE
3789,402,NEQ6490REEVS5DF,爱咖牌,,,blank,105,105,,,,,,,,,,,,,,Copyright © 2026 David YE
3790,402,NEQ6490REEVS5DG,爱咖牌,,,blank,105,105,,,,,,,,,,,,,,Copyright © 2026 David YE
3791,402,NEQ6510REEVS5DF,爱咖牌,,,blank,105,105,,,,,,,,,,,,,,Copyright © 2026 David YE
3792,402,NEQ6510REEVS5DG,爱咖牌,,,blank,105,105,,,,,,,,,,,,,,Copyright © 2026 David YE
3793,402,NHQ7150SHEVKA,小鹏牌,广州小鹏汽车科技有限公司,,blank,180,180,,,,,,,,,,,,,,Copyright © 2026 David YE
3794,402,NJL6553HEV1,创维牌,,,blank,请提供包含驱动电机峰值功率信息的正文内容，以便我进行提取。,,,,,,,,,,,,,,,Copyright © 2026 David YE
3795,402,,,,,blank,,,,,,,,,,,,,,,,Copyright © 2026 David YE
3796,402,QCJ6500BG6HEV9,方程豹牌,比亚迪汽车有限公司,,blank,200,200,,,,,,,,,,,,,,Copyright © 2026 David YE
3797,402,QCJ7200BTHEV3,仰望牌,比亚迪汽车工业有限公司,,blank,"260+260,240+240",1000,,,,,,,,,,,,,,Copyright © 2026 David YE
3798,402,QCJ7200BTHEV4,仰望牌,比亚迪汽车工业有限公司,,blank,"260+260,240+240",1000,,,,,,,,,,,,,,Copyright © 2026 David YE
3799,402,SC6460AAAE6HEV,长安牌,重庆长安汽车股份有限公司,,blank,160,160,,,,,,,,,,,,,,Copyright © 2026 David YE
3800,402,SC6480AAAB6HEV,阿维塔（AVATR）牌,,,blank,231,231,,,,,,,,,,,,,,Copyright © 2026 David YE
3801,402,SC6520AAAA6HEV,长安牌,重庆长安汽车股份有限公司,,blank,未提供具体数据,160,,,,,,,,,,,,,,Copyright © 2026 David YE
3802,402,SC6520AAAB6HEV,长安牌,重庆长安汽车股份有限公司,,blank,未提供具体数据,160,,,,,,,,,,,,,,Copyright © 2026 David YE
3803,402,SC6522AAA6HEV,长安牌,重庆长安汽车股份有限公司,,blank,231,231,,,,,,,,,,,,,,Copyright © 2026 David YE
3804,402,SC6522AAB6HEV,长安牌,重庆长安汽车股份有限公司,,blank,131/231,362,,,,,,,,,,,,,,Copyright © 2026 David YE
3805,402,SC7150AAAN6HEV,长安牌,重庆长安汽车股份有限公司,,blank,200,200,,,,,,,,,,,,,,Copyright © 2026 David YE
3806,402,SC7150AAAP6HEV,长安牌,重庆长安汽车股份有限公司,,blank,160,160,,,,,,,,,,,,,,Copyright © 2026 David YE
3807,402,SC7150AAAU6HEV,长安牌,重庆长安汽车股份有限公司,,blank,175,175,,,,,,,,,,,,,,Copyright © 2026 David YE
3808,402,SC7150AAAW6HEV,长安牌,重庆长安汽车股份有限公司,,blank,180,180,,,,,,,,,,,,,,Copyright © 2026 David YE
3809,402,SC7157AAA6HEV,长安牌,重庆长安汽车股份有限公司,,blank,160,160,,,,,,,,,,,,,,Copyright © 2026 David YE
3810,402,SC7157AAB6HEV,长安牌,重庆长安汽车股份有限公司,,blank,160,160,,,,,,,,,,,,,,Copyright © 2026 David YE
3811,402,SC7157ABA6HEV,长安牌,重庆长安汽车股份有限公司,,blank,175,175,,,,,,,,,,,,,,Copyright © 2026 David YE
3812,402,SKE6521SSHEVA1S,赛力斯牌,赛力斯汽车有限公司,,blank,未提供,,,,,,,,,,,,,,,Copyright © 2026 David YE
3813,402,SKE6521SSHEVA2S,赛力斯牌,赛力斯汽车有限公司,,blank,未提供具体数据,,,,,,,,,,,,,,,Copyright © 2026 David YE
3814,402,SKE6521SSHEVA3S,赛力斯牌,赛力斯汽车有限公司,,blank,未提供具体数据,,,,,,,,,,,,,,,Copyright © 2026 David YE
3815,402,SKE6521SSHEVA4S,赛力斯牌,赛力斯汽车有限公司,,blank,未提供,,,,,,,,,,,,,,,Copyright © 2026 David YE
3816,402,SKE6521SSHEVAS,赛力斯牌,赛力斯汽车有限公司,,blank,未提供,,,,,,,,,,,,,,,Copyright © 2026 David YE
3817,402,SQR2030CHEVD01,捷途牌,奇瑞汽车股份有限公司,,blank,未提供具体数值，但提及SQRH4J20发动机最大净功率为145kW,130,,,,,,,,,,,,,,Copyright © 2026 David YE
3818,402,SQR2030CHEVD011,捷途牌,奇瑞汽车股份有限公司,,blank,未提供具体数据，但提及SQRH4J20发动机最大净功率为145kW,,,,,,,,,,,,,,,Copyright © 2026 David YE
3819,402,SQR2030CHEVD012,捷途牌,奇瑞汽车股份有限公司,,blank,145,145,,,,,,,,,,,,,,Copyright © 2026 David YE
3820,402,SQR2030CHEVD013,捷途牌,奇瑞汽车股份有限公司,,blank,未提供具体数值，但提及SQRH4J20发动机最大净功率为145kW,,,,,,,,,,,,,,,Copyright © 2026 David YE
3821,402,SQR2040CHEVD011,捷途牌,奇瑞汽车股份有限公司,,blank,请提供包含驱动电机峰值功率信息的正文内容，以便我进行提取。,,,,,,,,,,,,,,,Copyright © 2026 David YE
3822,402,SQR2040CHEVD012,捷途牌,奇瑞汽车股份有限公司,,blank,请提供包含“驱动电机峰值功率”信息的正文内容，以便我进行提取。,,,,,,,,,,,,,,,Copyright © 2026 David YE
3823,402,SQR6470CHEVT1L1,捷途牌,奇瑞汽车股份有限公司,,blank,105,105,,,,,,,,,,,,,,Copyright © 2026 David YE
3824,402,SQR6470CHEVT1L3,捷途牌,奇瑞汽车股份有限公司,,blank,105,105,,,,,,,,,,,,,,Copyright © 2026 David YE
3825,402,SQR6471CHEVT1N1,捷途牌,奇瑞汽车股份有限公司,,blank,未提供具体数据,130,,,,,,,,,,,,,,Copyright © 2026 David YE
3826,402,SQR6472CHEVT1G,奇瑞牌,奇瑞新能源汽车股份有限公司,,blank,未提供具体数值,55,,,,,,,,,,,,,,Copyright © 2026 David YE
3827,402,SQR6480CHEVT1L,捷途牌,奇瑞汽车股份有限公司,,blank,未提供具体数据,130,,,,,,,,,,,,,,Copyright © 2026 David YE
3828,402,SQR6480CHEVT1L1,捷途牌,奇瑞汽车股份有限公司,,blank,105,105,,,,,,,,,,,,,,Copyright © 2026 David YE
3829,402,SQR6480CHEVT1L4,捷途牌,奇瑞汽车股份有限公司,,blank,未提供具体数据（原文中未提及）,130,,,,,,,,,,,,,,Copyright © 2026 David YE
3830,402,SQR6480CHEVT1N2,捷途牌,奇瑞汽车股份有限公司,,blank,105,105,,,,,,,,,,,,,,Copyright © 2026 David YE
3831,402,SQR6480CHEVT1N3,捷途牌,奇瑞汽车股份有限公司,,blank,105,105,,,,,,,,,,,,,,Copyright © 2026 David YE
3832,402,SQR6481CHEVT286,奇瑞牌,奇瑞新能源汽车股份有限公司,,blank,105,105,,,,,,,,,,,,,,Copyright © 2026 David YE
3833,402,SQR6481CHEVT286,奇瑞牌,奇瑞新能源汽车股份有限公司,,blank,105,105,,,,,,,,,,,,,,Copyright © 2026 David YE
3834,402,SQR6490CHEVT29,奇瑞牌,奇瑞新能源汽车股份有限公司,,blank,未提供具体数值,55,,,,,,,,,,,,,,Copyright © 2026 David YE
3835,402,SQR6490CHEVT291,奇瑞牌,奇瑞新能源汽车股份有限公司,,blank,105,105,,,,,,,,,,,,,,Copyright © 2026 David YE
3836,402,SQR6520REEVE022,奇瑞牌,奇瑞新能源汽车股份有限公司,,blank,105,55,,,,,,,,,,,,,,Copyright © 2026 David YE
3837,402,SQR6521REEVE02,奇瑞牌,奇瑞新能源汽车股份有限公司,,blank,105,105,,,,,,,,,,,,,,Copyright © 2026 David YE
3838,402,SQR6521REEVE022,奇瑞牌,奇瑞新能源汽车股份有限公司,,blank,105,105,,,,,,,,,,,,,,Copyright © 2026 David YE
3839,402,SQR7150CHEVM1E8,奇瑞牌,奇瑞新能源汽车股份有限公司,,blank,71,71,,,,,,,,,,,,,,Copyright © 2026 David YE
3840,402,SQR7151REEVE033,星途牌,奇瑞汽车股份有限公司,,blank,105,105,,,,,,,,,,,,,,Copyright © 2026 David YE
3841,403,BJ6496VALBEV,,,,blank,,,,,,,,,,,,,,,,Copyright © 2026 David YE
3842,403,BJ6552EVAA2,,,,blank,,,,,,,,,,,,,,,,Copyright © 2026 David YE
3843,403,BJ7001A51CBEV,,,,blank,,,,,,,,,,,,,,,,Copyright © 2026 David YE
3844,403,BJ7001A51DBEV,,,,blank,,,,,,,,,,,,,,,,Copyright © 2026 David YE
3845,403,BJ7001A51EBEV,,,,blank,,,,,,,,,,,,,,,,Copyright © 2026 David YE
3846,403,BYD6460ALBEV1,,,,blank,,,,,,,,,,,,,,,,Copyright © 2026 David YE
3847,403,BYD6460ALBEV2,,,,blank,,,,,,,,,,,,,,,,Copyright © 2026 David YE
3848,403,BYD6460ALBEV3,,,,blank,,,,,,,,,,,,,,,,Copyright © 2026 David YE
3849,403,BYD6480AMBEV3,,,,blank,,,,,,,,,,,,,,,,Copyright © 2026 David YE
3850,403,BYD6480CDBEV1,,,,blank,,,,,,,,,,,,,,,,Copyright © 2026 David YE
3851,403,BYD6480CDBEV2,,,,blank,,,,,,,,,,,,,,,,Copyright © 2026 David YE
3852,403,BYD7000AGBEV6,,,,blank,,,,,,,,,,,,,,,,Copyright © 2026 David YE
3853,403,BYD7000BVBEV5,,,,blank,,,,,,,,,,,,,,,,Copyright © 2026 David YE
3854,403,BYD7000BWBEV5,,,,blank,,,,,,,,,,,,,,,,Copyright © 2026 David YE
3855,403,BYD7000BXBEV3,,,,blank,,,,,,,,,,,,,,,,Copyright © 2026 David YE
3856,403,BYD7001BEVA6,,,,blank,,,,,,,,,,,,,,,,Copyright © 2026 David YE
3857,403,BYD7001BEVA7,,,,blank,,,,,,,,,,,,,,,,Copyright © 2026 David YE
3858,403,BYD7004BEV15,,,,blank,,,,,,,,,,,,,,,,Copyright © 2026 David YE
3859,403,BYD7004BEV16,,,,blank,,,,,,,,,,,,,,,,Copyright © 2026 David YE
3860,403,FZ6430BEVA10A,,,,blank,,,,,,,,,,,,,,,,Copyright © 2026 David YE
3861,403,FZ6430BEVA10B,,,,blank,,,,,,,,,,,,,,,,Copyright © 2026 David YE
3862,403,FZ6530BEVWD19A,,,,blank,,,,,,,,,,,,,,,,Copyright © 2026 David YE
3863,403,JX6480EUABEV,,,,blank,,,,,,,,,,,,,,,,Copyright © 2026 David YE
3864,403,NAL6543BSEVD1,小米牌,,,blank,,,,,,,,,,,,,,,,Copyright © 2026 David YE
3865,403,NEQ7000BEVT12AA,,,,blank,,,,,,,,,,,,,,,,Copyright © 2026 David YE
3866,403,NEQ7000BEVT12AB,,,,blank,,,,,,,,,,,,,,,,Copyright © 2026 David YE
3867,403,NJL6470BEV1,,,,blank,,,,,,,,,,,,,,,,Copyright © 2026 David YE
3868,403,NJL6553EV1Y,,,,blank,,,,,,,,,,,,,,,,Copyright © 2026 David YE
3869,403,QCJ6460AHBEV10,,,,blank,,,,,,,,,,,,,,,,Copyright © 2026 David YE
3870,403,QCJ6460AHBEV9,,,,blank,,,,,,,,,,,,,,,,Copyright © 2026 David YE
3871,403,QCJ7000AEBEV5,腾势牌,比亚迪汽车工业有限公司,,blank,前/后左/后右: 230/310/310,,东莞弗迪动力有限公司/深圳比亚迪汽车实业有限公司/深圳比亚迪汽车实业有限公司,YS230XYD/TZ226XYB/TZ226XYB,,,,,,,,,,,,Copyright © 2026 David YE
3872,403,QCJ7000AEBEV6,腾势牌,比亚迪汽车工业有限公司,,blank,370,370,郑州比亚迪汽车有限公司,TZ226QYD,,,,,,,,,,,,Copyright © 2026 David YE
3873,403,QCJ7000AEBEV7,腾势牌,比亚迪汽车工业有限公司,,blank,370,370,郑州比亚迪汽车有限公司,TZ226QYD,,,,,,,,,,,,Copyright © 2026 David YE
3874,403,QCJ7000AEBEV8,腾势牌,比亚迪汽车工业有限公司,,blank,370,370,郑州比亚迪汽车有限公司,TZ226QYD,,,,,,,,,,,,Copyright © 2026 David YE
3875,403,QCJ7000AEBEV9,腾势牌,比亚迪汽车工业有限公司,,blank,370,370,郑州比亚迪汽车有限公司,TZ226QYD,,,,,,,,,,,,Copyright © 2026 David YE
3876,403,QCJ7000AKBEV1,,,,blank,,,,,,,,,,,,,,,,Copyright © 2026 David YE
3877,403,QCJ7000AKBEV2,,,,blank,,,,,,,,,,,,,,,,Copyright © 2026 David YE
3878,403,QCJ7000AKBEV3,,,,blank,,,,,,,,,,,,,,,,Copyright © 2026 David YE
3879,403,QCJ7008BEVB1,领汇牌,,,blank,100,100,长沙市比亚迪汽车有限公司,TZ180XSJ,,,,,,,,,,,,Copyright © 2026 David YE
3880,403,QCJ7009BEV1,领汇牌,,,blank,135,135,南京市比亚迪汽车有限公司,TZ200XSAH,,,,,,,,,,,,Copyright © 2026 David YE
3881,403,QCJ7009BEV2,领汇牌,,,blank,150,150,南京市比亚迪汽车有限公司,TZ200XYAZ,,,,,,,,,,,,Copyright © 2026 David YE
3882,403,SC7000AABJBEV,,,,blank,,,,,,,,,,,,,,,,Copyright © 2026 David YE
3883,403,SC7000AABKBEV,,,,blank,,,,,,,,,,,,,,,,Copyright © 2026 David YE
3884,403,SQJ6460YX5BEV,,,,blank,,,,,,,,,,,,,,,,Copyright © 2026 David YE
3885,403,XMA7001MBEVA1,小米牌,,,blank,220/288,508,小米汽车科技有限公司/苏州汇川联合动力系统股份有限公司,YS210XY103/TZ220XY118,,,,,,,,,,,,Copyright © 2026 David YE
3886,403,XMA7001MBEVA4,小米牌,,,blank,220/288,508,联合电子/小米汽车科技有限公司,TS220XY106/TZ210QY006,,,,,,,,,,,,Copyright © 2026 David YE
3887,403,XMA7001MBEVR2,小米牌,,,blank,235,235,,,,,,,,,,,,,,Copyright © 2026 David YE
3888,403,XMA7001MBEVR3,小米牌,,,blank,235,235,联合电子,TZ220XYMX1,,,,,,235,2990,392,235,同一电机型号官方公告记录唯一一致,,Copyright © 2026 David YE
3889,403,XMA7001MBEVR5,小米牌,,,blank,235,235,小米汽车科技有限公司,TZ210QY005,,,,,,,,,,,,Copyright © 2026 David YE
3890,403,XMA7001MBEVR6,小米牌,,,blank,235,235,,,,,,,,,,,,,,Copyright © 2026 David YE
3891,403,XMA7001MBEVR7,小米牌,,,blank,235,235,小米汽车科技有限公司,TZ210QY005,,,,,,,,,,,,Copyright © 2026 David YE
3892,403,AHC7150SHEVQ0D,昊铂牌,广汽埃安新能源汽车股份有限公司,,blank,115,115,,,,,,,,,,,,,,Copyright © 2026 David YE
3893,403,BJ7150A51RSHEV,极狐(ARCFOX)牌,北汽蓝谷麦格纳汽车有限公司,,blank,200,200,,,,,,,,,,,,,,Copyright © 2026 David YE
3894,403,BYD6460AL6HEV1,比亚迪牌,比亚迪汽车工业有限公司,,blank,120,120,,,,,,,,,,,,,,Copyright © 2026 David YE
3895,403,BYD6460AL6HEV2,比亚迪牌,比亚迪汽车工业有限公司,,blank,120,120,,,,,,,,,,,,,,Copyright © 2026 David YE
3896,403,BYD6480AMHEV12,比亚迪牌,比亚迪汽车工业有限公司,,blank,175,175,,,,,,,,,,,,,,Copyright © 2026 David YE
3897,403,CA7159B6SHEVA,一汽牌,,,blank,未提供具体数据,,,,,,,,,,,,,,,Copyright © 2026 David YE
3898,403,CC6500BD23APHEV,魏牌,长城汽车股份有限公司,,blank,122,122,,,,,,,,,,,,,,Copyright © 2026 David YE
3899,403,CC6500BD23DPHEV,魏牌,长城汽车股份有限公司,,blank,122,122,,,,,,,,,,,,,,Copyright © 2026 David YE
3900,403,CC6510BD23APHEV,魏牌,长城汽车股份有限公司,,blank,未直接提供,126,,,,,,,,,,,,,,Copyright © 2026 David YE
3901,403,CC6510BD23BPHEV,魏牌,长城汽车股份有限公司,,blank,122,122,,,,,,,,,,,,,,Copyright © 2026 David YE
3902,403,CSA6531LFSHEV4,智己牌,,,blank,160/195/195,550,,,,,,,,,,,,,,Copyright © 2026 David YE
3903,403,FV6472MATEAHEV,大众牌,,,blank,145,145,,,,,,,,,,,,,,Copyright © 2026 David YE
3904,403,FV6472MATEHEV,大众牌,,,blank,145,145,,,,,,,,,,,,,,Copyright © 2026 David YE
3905,403,FV7157NATEHEV,大众牌,,,blank,145,145,,,,,,,,,,,,,,Copyright © 2026 David YE
3906,403,FZ6530REEVWD19C,零跑牌,零跑汽车有限公司,,blank,前/后 100/200,300,,,,,,,,,,,,,,Copyright © 2026 David YE
3907,403,HQ7151DCHEV117,吉利牌,浙江吉利汽车有限公司,,blank,未提供具体数值,160,,,,,,,,,,,,,,Copyright © 2026 David YE
3908,403,MR6511DCHEV101,极氪牌,浙江极氪智能科技有限公司,,blank,202,202,,,,,,,,,,,,,,Copyright © 2026 David YE
3909,403,MR6511DCHEV102,极氪牌,浙江极氪智能科技有限公司,,blank,202,202,,,,,,,,,,,,,,Copyright © 2026 David YE
3910,403,MR6511DCHEV103,极氪牌,浙江极氪智能科技有限公司,,blank,202,202,,,,,,,,,,,,,,Copyright © 2026 David YE
3911,403,MR7151DCHEV103,吉利牌,浙江吉利汽车有限公司,,blank,79,79,,,,,,,,,,,,,,Copyright © 2026 David YE
3912,403,QCJ6520MT6HEVA1,领汇牌,,,blank,200,200,,,,,,,,,,,,,,Copyright © 2026 David YE
3913,403,QCJ7200AEHEV4,腾势牌,比亚迪汽车工业有限公司,,blank,前/后左/后右: 200/220/220,640,,,,,,,,,,,,,,Copyright © 2026 David YE
3914,403,SC7150AABB6HEV,阿维塔（AVATR）牌,,,blank,200,200,,,,,,,,,,,,,,Copyright © 2026 David YE
3915,403,SGM6481MAPHEV,别克(BUICK),,,blank,165,165,,,,,,,,,,,,,,Copyright © 2026 David YE
3916,403,SGM6481MBPHEV,别克(BUICK),,,blank,165,165,,,,,,,,,,,,,,Copyright © 2026 David YE
3917,403,SGM6481MDPHEV,别克(BUICK),,,blank,165,165,,,,,,,,,,,,,,Copyright © 2026 David YE
3918,403,SQR6540REEVEHV,智界牌,,,blank,未提供具体数据,,,,,,,,,,,,,,,Copyright © 2026 David YE
3919,403,SQR6540REEVEHV1,智界牌,,,blank,未提供,,,,,,,,,,,,,,,Copyright © 2026 David YE
3920,403,SQR6540REEVEHV2,智界牌,,,blank,未提供具体数据,,,,,,,,,,,,,,,Copyright © 2026 David YE
3921,403,SVW652183BRV,大众汽车(VOLKSWAGEN)牌,上汽大众汽车有限公司,,blank,220,220,,,,,,,,,,,,,,Copyright © 2026 David YE
3922,403,SVW652185BRV,大众汽车(VOLKSWAGEN)牌,上汽大众汽车有限公司,,blank,220,220,,,,,,,,,,,,,,Copyright © 2026 David YE
3923,403,SVW652186BRV,大众汽车(VOLKSWAGEN)牌,上汽大众汽车有限公司,,blank,220,220,,,,,,,,,,,,,,Copyright © 2026 David YE
3924,404,AFN7000BADBEV,奥迪牌,奥迪一汽新能源汽车有限公司,,blank,215,215,采埃孚电驱动系统（沈阳）有限公司,TZ215XYECY,,,,,,,,,,,,Copyright © 2026 David YE
3925,404,AHC6460BEVP0C,埃安(AION),,,blank,165,165,锐湃动力科技有限公司,TZ180XYD3A37,,,,,,,,,,,,Copyright © 2026 David YE
3926,404,BJ7000T378BEV,极狐牌,北京新能源汽车股份有限公司,,blank,95,95,湖南中车时代电驱科技有限公司,TZ180XS344,,,,,,,,,,,,Copyright © 2026 David YE
3927,404,BJ7000T379BEV,极狐牌,北京新能源汽车股份有限公司,,blank,95,95,湖南中车时代电驱科技有限公司,TZ180XS344,,,,,,,,,,,,Copyright © 2026 David YE
3928,404,BYD6460ALBEV4,比亚迪牌,比亚迪汽车工业有限公司,,blank,200,200,西安比亚迪汽车零部件有限公司,TZ180XYJ,,,,,,,,,,,,Copyright © 2026 David YE
3929,404,BYD6480AMBEV4,比亚迪牌,比亚迪汽车工业有限公司,,blank,270,270,西安比亚迪汽车零部件有限公司,TZ180XYE,,,,,,,,,,,,Copyright © 2026 David YE
3930,404,BYD6530CABEV1,比亚迪牌,比亚迪汽车工业有限公司,,blank,215/370,585,东莞弗迪动力有限公司/郑州比亚迪汽车有限公司,YS230XYF/TZ226QYD,,,,,,,,,,,,Copyright © 2026 David YE
3931,404,BYD6530CABEV2,比亚迪牌,比亚迪汽车工业有限公司,,blank,370,370,郑州比亚迪汽车有限公司,TZ226QYD,,,,,,,,,,,,Copyright © 2026 David YE
3932,404,BYD6530CABEV3,比亚迪牌,比亚迪汽车工业有限公司,,blank,300,300,西安比亚迪汽车零部件有限公司,TZ205QYD,,,,,,,,,,,,Copyright © 2026 David YE
3933,404,FZ6530BEVWD19E,零跑牌,零跑汽车有限公司,,blank,180/230,410,金华凌昇动力科技有限公司,YS220QY032/TZ220QY033,,,,,,,,,,,,Copyright © 2026 David YE
3934,404,FZ7000BEVB05F,零跑牌,零跑汽车有限公司,,blank,180,180,金华凌昇动力科技有限公司,TZ180QY073,,,,,,,,,,,,Copyright © 2026 David YE
3935,404,FZ7000BEVB05G,零跑牌,零跑汽车有限公司,,blank,180,180,金华凌昇动力科技有限公司,TZ180QY073,,,,,,,,,,,,Copyright © 2026 David YE
3936,404,FZ7000BEVB05H,零跑牌,零跑汽车有限公司,,blank,"70,160",160,金华凌昇动力科技有限公司,TZ180XY005,,,,,,,,,,,,Copyright © 2026 David YE
3937,404,MR7001BEV124,极氪牌,浙江极氪智能科技有限公司,,blank,215/370,585,衢州极电电动汽车技术有限公司,YS190XYE03/TZ230XYC04,,,,,,,,,,,,Copyright © 2026 David YE
3938,404,MR7001BEV125,极氪牌,浙江极氪智能科技有限公司,,blank,370,370,衢州极电电动汽车技术有限公司,TZ230XYC04,,,,,,,,,,,,Copyright © 2026 David YE
3939,404,MR7001BEV126,极氪牌,浙江极氪智能科技有限公司,,blank,370,370,未提供具体数据,,,,,,,,,,,,,Copyright © 2026 David YE
3940,404,MR7001BEV127,极氪牌,浙江极氪智能科技有限公司,,blank,215/370,585,衢州极电电动汽车技术有限公司,YS190XYE03/TZ230XYC04,,,,,,,,,,,,Copyright © 2026 David YE
3941,404,MR7001BEV129,极氪牌,浙江极氪智能科技有限公司,,blank,215/370,585,衢州极电电动汽车技术有限公司,YS190XYE03/TZ230XYC04,,,,,,,,,,,,Copyright © 2026 David YE
3942,404,MR7001BEV130,极氪牌,浙江极氪智能科技有限公司,,blank,370,370,衢州极电电动汽车技术有限公司,TZ230XYC04,,,,,,,,,,,,Copyright © 2026 David YE
3943,404,MR7001BEV131,极氪牌,浙江极氪智能科技有限公司,,blank,215/370,585,衢州极电电动汽车技术有限公司,YS190XYE03/TZ230XYC04,,,,,,,,,,,,Copyright © 2026 David YE
3944,404,MR7001BEV132,极氪牌,浙江极氪智能科技有限公司,,blank,370,370,衢州极电电动汽车技术有限公司,TZ230XYC04,,,,,,,,,,,,Copyright © 2026 David YE
3945,404,MR7002BEV105,吉利牌,浙江吉利汽车有限公司,,blank,160,160,无锡星驱动力科技有限公司,TZ184XY101,,,,,,,,,,,,Copyright © 2026 David YE
3946,404,MR7002BEV109,吉利牌,浙江吉利汽车有限公司,,blank,160,160,无锡星驱动力科技有限公司,TZ184XY101,,,,,,,,,,,,Copyright © 2026 David YE
3947,404,NHQ6530BEVTA,小鹏牌,广州小鹏汽车科技有限公司,,blank,270,270,立讯智造科技（常熟）有限公司,TZ230XY01G01X,,,,,,,,,,,,Copyright © 2026 David YE
3948,404,NHQ6530BEVTC,小鹏牌,广州小鹏汽车科技有限公司,,blank,160/270,430,武汉小鹏智能制造有限公司/立讯智造科技（常熟）有限公司,YS230XY01G01E/TZ230XY01G01X,,,,,,,,,,,,Copyright © 2026 David YE
3949,404,NHQ6530BEVTD,小鹏牌,广州小鹏汽车科技有限公司,,blank,160/270,430,武汉小鹏智能制造有限公司/立讯智造科技（常熟）有限公司,YS230XY01G01E/TZ230XY01G01X,,,,,,,,,,,,Copyright © 2026 David YE
3950,404,QCJ6500BGBEV1,方程豹牌,比亚迪汽车有限公司,,blank,300,300,西安比亚迪汽车零部件有限公司,TZ205QYD,,,,,,,,,,,,Copyright © 2026 David YE
3951,404,QCJ6500BGBEV2,方程豹牌,比亚迪汽车有限公司,,blank,前: 75 / 后: 150,225,东莞弗迪动力有限公司 / 西安比亚迪汽车零部件有限公司,"YS230XYF,TZ205QYD",,,,,,,,,,,,Copyright © 2026 David YE
3952,404,QCJ6520MBEV2,腾势牌,比亚迪汽车工业有限公司,,blank,340 / 70,410,西安比亚迪汽车零部件有限公司,TZ205QYF / TZ180XSAN,,,,,,,,,,,,Copyright © 2026 David YE
3953,404,QCJ6520MBEV3,腾势牌,比亚迪汽车工业有限公司,,blank,340,340,西安比亚迪汽车零部件有限公司,TZ205QYF,,,,,,,,,,,,Copyright © 2026 David YE
3954,404,SC7000AABFBEV,阿维塔（AVATR）牌,,,blank,225,225,重庆青山工业有限责任公司,ATDM05,,,,,,,,,,,,Copyright © 2026 David YE
3955,404,SC7000AABGBEV,阿维塔（AVATR）牌,,,blank,251,251,重庆青山工业有限责任公司,ATDM05,,,,,,,,,,,,Copyright © 2026 David YE
3956,404,SC7000AABHBEV,阿维塔（AVATR）牌,,,blank,210/251/251,712,重庆青山工业有限责任公司,AYDM03/ATDM05/ATDM05,,,,,,,,,,,,Copyright © 2026 David YE
3957,404,SKE6501DBEVA1F,问界牌,赛力斯汽车有限公司,,blank,160/180,340,华为数字能源技术有限公司,YS210XYA03/TZ180XYD01,,,,,,,,,,,,Copyright © 2026 David YE
3958,404,SKE6501DBEVR1,问界牌,赛力斯汽车有限公司,,blank,227 / 227,454,"重庆金康动力新能源有限公司, 华为数字能源技术有限公司","YY66TZ230001, QT67TZ210D01",,,,,,,,,,,,Copyright © 2026 David YE
3959,404,VCD6505F11TBEV,沃尔沃牌,亚欧汽车制造(台州)有限公司,,blank,130/200,330,中达电子(江苏)有限公司/亚欧汽车制造(台州)有限公司,F22DB/R31DB,,,,,,,,,,,,Copyright © 2026 David YE
3960,404,VCD6505F12TBEV,沃尔沃牌,亚欧汽车制造(台州)有限公司,,blank,130 / 200,330,中达电子(江苏)有限公司 / 亚欧汽车制造(台州)有限公司,F22DB / R31DB,,,,,,,,,,,,Copyright © 2026 David YE
3961,404,VCD6505F13TBEV,沃尔沃牌,亚欧汽车制造(台州)有限公司,,blank,220/280,500,中达电子(江苏)有限公司/亚欧汽车制造(台州)有限公司,F22DA/R31DA,,,,,,,,,,,,Copyright © 2026 David YE
3962,404,VCD6505F14TBEV,沃尔沃牌,亚欧汽车制造(台州)有限公司,,blank,220/280,500,中达电子(江苏)有限公司/亚欧汽车制造(台州)有限公司,F22DA/R31DA,,,,,,,,,,,,Copyright © 2026 David YE
3963,404,VCD6505F15TBEV,沃尔沃牌,亚欧汽车制造(台州)有限公司,,blank,130/200,330,中达电子(江苏)有限公司/亚欧汽车制造(台州)有限公司,F22DB/R31DB,,,,,,,,,,,,Copyright © 2026 David YE
3964,404,VCD6505F16TBEV,沃尔沃牌,亚欧汽车制造(台州)有限公司,,blank,130/200,330,中达电子(江苏)有限公司/亚欧汽车制造(台州)有限公司,F22DB/R31DB,,,,,,,,,,,,Copyright © 2026 David YE
3965,404,VCD6505F17TBEV,沃尔沃牌,亚欧汽车制造(台州)有限公司,,blank,220/280,500,中达电子(江苏)有限公司/亚欧汽车制造(台州)有限公司,F22DA/R31DA,,,,,,,,,,,,Copyright © 2026 David YE
3966,404,VCD6505F18TBEV,沃尔沃牌,亚欧汽车制造(台州)有限公司,,blank,220/280,500,中达电子(江苏)有限公司/亚欧汽车制造(台州)有限公司,F22DA/R31DA,,,,,,,,,,,,Copyright © 2026 David YE
3967,404,VCD7005F011BEV,沃尔沃牌,亚欧汽车制造(台州)有限公司,,blank,245,245,亚欧汽车制造(台州)有限公司,R31DD,,,,,,,,,,,,Copyright © 2026 David YE
3968,404,VCD7005F021BEV,沃尔沃牌,亚欧汽车制造(台州)有限公司,,blank,245,245,亚欧汽车制造(台州)有限公司,R31DD,,,,,,,,,,,,Copyright © 2026 David YE
3969,404,VCD7005F031BEV,沃尔沃牌,亚欧汽车制造(台州)有限公司,,blank,220/280,500,中达电子(江苏)有限公司/亚欧汽车制造(台州)有限公司,F22DA/R31DA,,,,,,,,,,,,Copyright © 2026 David YE
3970,404,VCD7005F041BEV,沃尔沃牌,亚欧汽车制造(台州)有限公司,,blank,240,240,亚欧汽车制造(台州)有限公司,R31DF,,,,,,,,,,,,Copyright © 2026 David YE
3971,404,VCD7005F051BEV,沃尔沃牌,亚欧汽车制造(台州)有限公司,,blank,220/280,500,中达电子(江苏)有限公司/亚欧汽车制造(台州)有限公司,F22DA/R31DA,,,,,,,,,,,,Copyright © 2026 David YE
3972,404,XMA6500LBEVA9,小米牌,,,blank,288/450,738,苏州汇川联合动力系统股份有限公司/小米汽车科技有限公司,TZ220XY115/TZ210QY003,,,,,,,,,,,,Copyright © 2026 David YE
3973,404,CC6480CW25CPHEV,哈弗牌,长城汽车股份有限公司,,blank,126,126,,,,,,,,,,,,,,Copyright © 2026 David YE
3974,404,CC6480CW25DPHEV,哈弗牌,长城汽车股份有限公司,,blank,126,126,,,,,,,,,,,,,,Copyright © 2026 David YE
3975,404,CC6490CW23QPHEV,哈弗牌,长城汽车股份有限公司,,blank,126,126,,,,,,,,,,,,,,Copyright © 2026 David YE
3976,404,CC6490CW23RPHEV,哈弗牌,长城汽车股份有限公司,,blank,126,126,,,,,,,,,,,,,,Copyright © 2026 David YE
3977,404,CC6491CW25APHEV,哈弗牌,长城汽车股份有限公司,,blank,126,126,,,,,,,,,,,,,,Copyright © 2026 David YE
3978,404,CC6491CW25CPHEV,哈弗牌,长城汽车股份有限公司,,blank,126,126,,,,,,,,,,,,,,Copyright © 2026 David YE
3979,404,CC6491CW25DPHEV,哈弗牌,长城汽车股份有限公司,,blank,126,126,,,,,,,,,,,,,,Copyright © 2026 David YE
3980,404,CC6530DC21APHEV,魏牌,长城汽车股份有限公司,,blank,126,126,,,,,,,,,,,,,,Copyright © 2026 David YE
3981,404,CC6530DC21BPHEV,魏牌,长城汽车股份有限公司,,blank,126,126,,,,,,,,,,,,,,Copyright © 2026 David YE
3982,404,DFL6490NSTJ4REEV,东风日产牌,,,blank,195,195,,,,,,,,,,,,,,Copyright © 2026 David YE
3983,404,HFC7150DREEV12,江淮牌,安徽江淮汽车集团股份有限公司,,blank,"160,237.5,237.5",635,,,,,,,,,,,,,,Copyright © 2026 David YE
3984,404,HQ7151DCHEV120,吉利牌,浙江吉利汽车有限公司,,blank,160,160,,,,,,,,,,,,,,Copyright © 2026 David YE
3985,404,HQ7151DCHEV121,吉利牌,浙江吉利汽车有限公司,,blank,160,160,,,,,,,,,,,,,,Copyright © 2026 David YE
3986,404,HQ7151DCHEV122,吉利牌,浙江吉利汽车有限公司,,blank,160,160,,,,,,,,,,,,,,Copyright © 2026 David YE
3987,404,HQ7151DCHEV123M,吉利牌,浙江吉利汽车有限公司,,blank,160,160,,,,,,,,,,,,,,Copyright © 2026 David YE
3988,404,JX6547PB6PHEV,江铃牌,,,blank,"200,180",380,,,,,,,,,,,,,,Copyright © 2026 David YE
3989,404,LXA6530REEVX11,理想牌,北京理想汽车有限公司,,blank,112,112,,,,,,,,,,,,,,Copyright © 2026 David YE
3990,404,MR6511DCHEV104,极氪牌,浙江极氪智能科技有限公司,,blank,,,,,,,,,,,,,,,,Copyright © 2026 David YE
3991,404,MR6511DCHEV105,极氪牌,浙江极氪智能科技有限公司,,blank,,,,,,,,,,,,,,,,Copyright © 2026 David YE
3992,404,MR6511DCHEV106,极氪牌,浙江极氪智能科技有限公司,,blank,,,,,,,,,,,,,,,,Copyright © 2026 David YE
3993,404,MR7152DCHEV105,吉利牌,浙江吉利汽车有限公司,,blank,160,160,,,,,,,,,,,,,,Copyright © 2026 David YE
3994,404,NHQ6530REEVTA,小鹏牌,广州小鹏汽车科技有限公司,,blank,前:160/后:210,370,,,,,,,,,,,,,,Copyright © 2026 David YE
3995,404,NHQ6530REEVTB,小鹏牌,广州小鹏汽车科技有限公司,,blank,前:160/后:210,370,,,,,,,,,,,,,,Copyright © 2026 David YE
3996,404,NHQ6530REEVTC,小鹏牌,广州小鹏汽车科技有限公司,,blank,前:160/后:210,370,,,,,,,,,,,,,,Copyright © 2026 David YE
3997,404,SGM6481MEPHEV,别克(BUICK),,,blank,165,165,,,,,,,,,,,,,,Copyright © 2026 David YE
3998,404,SKE6501DREEVA1F,问界牌,赛力斯汽车有限公司,,blank,前/后: 165/180,345,,,,,,,,,,,,,,Copyright © 2026 David YE
3999,404,SKE6501DREEVA2F,问界牌,赛力斯汽车有限公司,,blank,前轮165 / 后轮180,345,,,,,,,,,,,,,,Copyright © 2026 David YE
4000,404,SKE6521DREEVR1,问界牌,赛力斯汽车有限公司,,blank,227,227,,,,,,,,,,,,,,Copyright © 2026 David YE
4001,404,SQR6490CHEVT292,奇瑞牌,奇瑞新能源汽车股份有限公司,,blank,55,55,,,,,,,,,,,,,,Copyright © 2026 David YE
4002,404,SVW647161APV,大众汽车(VOLKSWAGEN)牌,上汽大众汽车有限公司,,blank,145,145,,,,,,,,,,,,,,Copyright © 2026 David YE
4003,404,SVW652187BRV,大众汽车(VOLKSWAGEN)牌,上汽大众汽车有限公司,,blank,220,220,,,,,,,,,,,,,,Copyright © 2026 David YE
4004,404,VCD6474G69UPHEV,沃尔沃牌,亚欧汽车制造(台州)有限公司,,blank,,,,,,,,,,,,,,,,Copyright © 2026 David YE
4005,405,BJ7000T661SEV,极狐牌,,,blank,159,159,海纳川浩夫尔（北京）新能源汽车驱动系统有限公司,TZ180XS480,,,,,,,,,,,,Copyright © 2026 David YE
4006,405,BJ7000T669BEV,北京牌,,,blank,150,150,海纳川浩夫尔（北京）新能源汽车驱动系统有限公司,TZ180XS480,,,,,,,,,,,,Copyright © 2026 David YE
4007,405,BJ7000T66ABEV,北京牌,,,blank,150,150,海纳川浩夫尔（北京）新能源汽车驱动系统有限公司,TZ180XS480,,,,,,,,,,,,Copyright © 2026 David YE
4008,405,BJ7000T66GBEV,极狐牌,,,blank,159,159,海纳川浩夫尔（北京）新能源汽车驱动系统有限公司,TZ180XS480,,,,,,,,,,,,Copyright © 2026 David YE
4009,405,BJ7000T66HBEV,极狐牌,,,blank,159,159,菲仕绿能科技（北京）有限公司,TZ180XS520,,,,,,,,,,,,Copyright © 2026 David YE
4010,405,BJ7000T66JBEV,极狐牌,,,blank,159,159,海纳川浩夫尔（北京）新能源汽车驱动系统有限公司,TZ180XS480,,,,,,,,,,,,Copyright © 2026 David YE
4011,405,BJ7000T66KBEV,极狐牌,,,blank,159,159,菲仕绿能科技（北京）有限公司,TZ180XS520,,,,,,,,,,,,Copyright © 2026 David YE
4012,405,BYD6430BZBEV1,比亚迪牌,,,blank,100,100,抚州比亚迪实业有限公司,TZ180XSAG,,,,,,,,,,,,Copyright © 2026 David YE
4013,405,BYD6430BZBEV2,比亚迪牌,,,blank,120,120,抚州比亚迪实业有限公司,TZ180XSAC,,,,,,,,,,,,Copyright © 2026 David YE
4014,405,BYD6470BZBEV1,比亚迪牌,,,blank,200,200,郑州比亚迪汽车有限公司,TZ200XSBR,,,,,,,,,,,,Copyright © 2026 David YE
4015,405,BYD6470BZBEV2,比亚迪牌,,,blank,240,240,南京市比亚迪汽车有限公司,TZ200XYAT,,,,,,,,,,,,Copyright © 2026 David YE
4016,405,BYD6470BZBEV3,比亚迪牌,,,blank,240,240,西安比亚迪汽车零部件有限公司,TZ180XYD,,,,,,,,,,,,Copyright © 2026 David YE
4017,405,BYD6470BZBEV4,比亚迪牌,,,blank,200,200,西安比亚迪汽车零部件有限公司,TZ180XYJ,,,,,,,,,,,,Copyright © 2026 David YE
4018,405,BYD6480AMBEV5,比亚迪牌,,,blank,240,240,南京市比亚迪汽车有限公司,TZ200XYAT,,,,,,,,,,,,Copyright © 2026 David YE
4019,405,BYD6480CDBEV3,比亚迪牌,,,blank,240,240,南京市比亚迪汽车有限公司,TZ200XYAT,,,,,,,,,,,,Copyright © 2026 David YE
4020,405,CSA6453JBEV7,名爵牌,,,blank,125,125,联合汽车电子有限公司,TZ180XS0951,,,,,,,,,,,,Copyright © 2026 David YE
4021,405,CSA6453JBEV8,名爵牌,,,blank,150,150,华域汽车电动系统有限公司,TZ204XS1351,,,,,,,,,,,,Copyright © 2026 David YE
4022,405,CSA7008BBEV1,尚界牌,,,blank,264,264,上海汽车变速器有限公司,TZ215XY1211,,,,,,,,,,,,Copyright © 2026 David YE
4023,405,CSA7008BBEV2,尚界牌,,,blank,170/264,434,上海汽车变速器有限公司,TZ180XS0953/TZ215XY1211,,,,,,,,,,,,Copyright © 2026 David YE
4024,405,CSA7008BBEV3,尚界牌,,,blank,170/264,434,上海汽车变速器有限公司,TZ180XS0953/TZ215XY1211,,,,,,,,,,,,Copyright © 2026 David YE
4025,405,CSA7008BBEV4,尚界牌,,,blank,264,264,上海汽车变速器有限公司,TZ215XY1211,,,,,,,,,,,,Copyright © 2026 David YE
4026,405,CSA7008BBEV5,尚界牌,,,blank,264,264,上海汽车变速器有限公司,TZ215XY1211,,,,,,,,,,,,Copyright © 2026 David YE
4027,405,CSA7008BBEV6,尚界牌,,,blank,264,264,上海汽车变速器有限公司,TZ215XY1211,,,,,,,,,,,,Copyright © 2026 David YE
4028,405,FZ6530BEVWD19B,零跑牌,,,blank,180/180/180,540,金华凌昇动力科技有限公司/湖州凌昇动力科技有限公司/湖州凌昇动力科技有限公司,YS220QY032/TZ180QY045/TZ180QY045,,,,,,,,,,,,Copyright © 2026 David YE
4029,405,FZ6530BEVWD99A,零跑牌,,,blank,180/230,410,金华凌昇动力科技有限公司,YS220QY032/TZ220QY033,,,,,,,,,,,,Copyright © 2026 David YE
4030,405,FZ7000BEVA05A,零跑牌,,,blank,70,70,湖州凌昇动力科技有限公司,TZ180QY057,,,,,,,,,,,,Copyright © 2026 David YE
4031,405,FZ7000BEVA05B,零跑牌,,,blank,90,90,湖州凌昇动力科技有限公司,TZ180QY027,,,,,,,,,,,,Copyright © 2026 David YE
4032,405,MR6521BEV100,极氪牌,,,blank,310/370,680,衢州极电电动汽车技术有限公司,YS220XYG01/TZ230XYC04,,,,,,,,,,,,Copyright © 2026 David YE
4033,405,MR6521BEV102,极氪牌,,,blank,310,310,衢州极电电动汽车技术有限公司,YS220XYG01,,,,,,,,,,,,Copyright © 2026 David YE
4034,405,MR7002BEV106,领克牌,,,blank,310/370,680,衢州极电电动汽车技术有限公司,YS220XYG01/TZ230XYC04,,,,,,,,,,,,Copyright © 2026 David YE
4035,405,MR7002BEV107,领克牌,,,blank,300,300,衢州极电电动汽车技术有限公司,TZ220XYC03,,,,,,,,,,,,Copyright © 2026 David YE
4036,405,MR7002BEV108,领克牌,,,blank,370,370,衢州极电电动汽车技术有限公司,TZ230XYC04,,,,,,,,,,,,Copyright © 2026 David YE
4037,405,QCJ6500BGBEV3,方程豹牌,,,blank,300,300,西安比亚迪汽车零部件有限公司,TZ205QYD,,,,,,,,,,,,Copyright © 2026 David YE
4038,405,SKE6530DBEVA1F,问界牌,,,blank,220/277,497,华为数字能源技术有限公司,YY67YS210A05/YY67TZ210A05,,,,,,,,,,,,Copyright © 2026 David YE
4039,405,SQR6502BEVE0Y5,星途牌,,,blank,230,230,联合汽车电子有限公司,TZ220XSG05,,,,,,,,,,,,Copyright © 2026 David YE
4040,405,SQR7000BEVT16A,奇瑞牌,,,blank,178,178,芜湖埃科驱动科技有限公司,TZ180YMZA0,,,,,,,,,,,,Copyright © 2026 David YE
4041,405,BYD6460AL6HEV3,比亚迪牌,,,blank,120,120,,,,,,,,,,,,,,Copyright © 2026 David YE
4042,405,BYD6476ST6HEV11,比亚迪牌,,,blank,120,120,,,,,,,,,,,,,,Copyright © 2026 David YE
4043,405,BYD6480AMHEV13,比亚迪牌,,,blank,175,175,,,,,,,,,,,,,,Copyright © 2026 David YE
4044,405,BYD6480CD6HEV1,比亚迪牌,,,blank,175,175,,,,,,,,,,,,,,Copyright © 2026 David YE
4045,405,BYD6480CD6HEV2,比亚迪牌,,,blank,175,175,,,,,,,,,,,,,,Copyright © 2026 David YE
4046,405,BYD6530CA6HEV1,比亚迪牌,,,blank,200,200,,,,,,,,,,,,,,Copyright © 2026 David YE
4047,405,BYD6530CA6HEV2,比亚迪牌,,,blank,200,200,,,,,,,,,,,,,,Copyright © 2026 David YE
4048,405,BYD7150ADHEVA3,比亚迪牌,,,blank,175,175,,,,,,,,,,,,,,Copyright © 2026 David YE
4049,405,BYD7150AZ6HEV2,比亚迪牌,,,blank,200,200,,,,,,,,,,,,,,Copyright © 2026 David YE
4050,405,BYD7150AZ6HEV3,比亚迪牌,,,blank,前/后: 200/200,400,,,,,,,,,,,,,,Copyright © 2026 David YE
4051,405,BYD7150BV6HEV1,比亚迪牌,,,blank,175,175,,,,,,,,,,,,,,Copyright © 2026 David YE
4052,405,BYD7150BV6HEV2,比亚迪牌,,,blank,175,175,,,,,,,,,,,,,,Copyright © 2026 David YE
4053,405,BYD7150BW6HEV1,比亚迪牌,,,blank,175,175,,,,,,,,,,,,,,Copyright © 2026 David YE
4054,405,BYD7150BW6HEV2,比亚迪牌,,,blank,175,175,,,,,,,,,,,,,,Copyright © 2026 David YE
4055,405,FZ6530REEVWD19D,零跑牌,,,blank,(前/后左/后右):100/150/150,400,,,,,,,,,,,,,,Copyright © 2026 David YE
4056,405,FZ6530REEVWD99B,零跑牌,,,blank,前/后 100/200,300,,,,,,,,,,,,,,Copyright © 2026 David YE
4057,405,GAC6531CHEVMAF6A,传祺(Trumpchi)牌,,,blank,120,120,,,,,,,,,,,,,,Copyright © 2026 David YE
4058,405,GAC6531CHEVMAJ6A,传祺(Trumpchi)牌,,,blank,120,120,,,,,,,,,,,,,,Copyright © 2026 David YE
4059,405,HQ7151DCHEV120,吉利牌,,,blank,79,79,,,,,,,,,,,,,,Copyright © 2026 David YE
4060,405,HQ7151DCHEV121,吉利牌,,,blank,79,79,,,,,,,,,,,,,,Copyright © 2026 David YE
4061,405,HQ7151DCHEV124M,吉利牌,,,blank,90,90,,,,,,,,,,,,,,Copyright © 2026 David YE
4062,405,QCJ6520AP6HEV3,腾势牌,,,blank,前/后左/后右: 200/180/180,560,,,,,,,,,,,,,,Copyright © 2026 David YE
4063,405,QCJ6520MT6HEV10,腾势牌,,,blank,"200,45",245,,,,,,,,,,,,,,Copyright © 2026 David YE
4064,405,QCJ6520MT6HEV11,腾势牌,,,blank,前: 200 / 后: 45,245,,,,,,,,,,,,,,Copyright © 2026 David YE
4065,405,QCJ6530ABHEV3,腾势牌,,,blank,前/后左/后右: 200/240/240,680,,,,,,,,,,,,,,Copyright © 2026 David YE
4066,405,SKE6530DREEVA1F,问界牌,,,blank,220 / 277,497,,,,,,,,,,,,,,Copyright © 2026 David YE
4067,405,SKE6530DREEVA2F,问界牌,,,blank,前轮 220 / 后轮 277,497,,,,,,,,,,,,,,Copyright © 2026 David YE
4068,405,SQR6490CHEVT266,奇瑞牌,,,blank,105,105,,,,,,,,,,,,,,Copyright © 2026 David YE
4069,405,SQR6490CHEVT293,奇瑞牌,,,blank,105,105,,,,,,,,,,,,,,Copyright © 2026 David YE
4070,406,AHC6450BEVD1W,埃安(AION),,,blank,100,100,苏州汇川联合动力系统股份有限公司,TZ180XS134,,,,,,,,,,,,Copyright © 2026 David YE
4071,406,AHC6450BEVD1X,埃安(AION),,,blank,33,33,苏州汇川联合动力系统股份有限公司,TZ180XS134,,,,,,,,,,,,Copyright © 2026 David YE
4072,406,AHC6450BEVD1Y,埃安(AION),,,blank,"33,100",100,苏州汇川联合动力系统股份有限公司,TZ180XS134,,,,,,,,,,,,Copyright © 2026 David YE
4073,406,AHC6460BEVP0E,埃安(AION),,,blank,165,165,锐湃动力科技有限公司,TZ180XYD3A37,,,,,,,,,,,,Copyright © 2026 David YE
4074,406,AHC7000BEVW0A,启境牌,,,blank,250,250,锐湃动力科技有限公司,TZ220XYF0501,,,,,,,,,,,,Copyright © 2026 David YE
4075,406,AHC7000BEVW0B,启境牌,,,blank,250,250,锐湃动力科技有限公司,TZ220XYF0501,,,,,,,,,,,,Copyright © 2026 David YE
4076,406,BJ6480A508BEV,极狐(ARCFOX)牌,,,blank,200,200,海纳川浩夫尔（北京）新能源汽车驱动系统有限公司,TZ220XY428,,,,,,,,,,,,Copyright © 2026 David YE
4077,406,BJ6480A509BEV,极狐(ARCFOX)牌,,,blank,227,227,湖南中车时代电驱科技有限公司,TZ220XY410,,,,,,,,,,,,Copyright © 2026 David YE
4078,406,BJ7000T378BEV,极狐牌,,,blank,95,95,湖南中车时代电驱科技有限公司,TZ180XS344,,,,,,,,,,,,Copyright © 2026 David YE
4079,406,BJ7000T669KBEV,北京牌,,,blank,150,150,海纳川浩夫尔（北京）新能源汽车驱动系统有限公司,TZ180XS480,,,,,,,,,,,,Copyright © 2026 David YE
4080,406,BJ7000T66KSEV,北京牌,,,blank,120,120,海纳川浩夫尔（北京）新能源汽车驱动系统有限公司,TZ180XS400,,,,,,,,,,,,Copyright © 2026 David YE
4081,406,BJ7000T66UBEV,极狐牌,,,blank,159,159,菲仕绿能科技（北京）有限公司,TZ180XS520,,,,,,,,,,,,Copyright © 2026 David YE
4082,406,BMW6495AABEV,宝马(BMW),,,blank,116/235,351,采埃孚电驱动系统(沈阳)有限公司/BMW AG,HF1002N0/HD1001N0,,,,,,,,,,,,Copyright © 2026 David YE
4083,406,BMW6495ABBEV,宝马(BMW),,,blank,116/235,351,采埃孚电驱动系统(沈阳)有限公司/BMW AG,HF1002N0/HD1001N0,,,,,,,,,,,,Copyright © 2026 David YE
4084,406,BYD6480AMBEV6,比亚迪牌,,,blank,240,240,西安比亚迪汽车零部件有限公司,TZ180XYD,,,,,,,,,,,,Copyright © 2026 David YE
4085,406,BYD7000AZBEV1,比亚迪牌,,,blank,320,320,郑州比亚迪汽车有限公司,TZ226QYC,,,,,,,,,,,,Copyright © 2026 David YE
4086,406,BYD7000AZBEV2,比亚迪牌,,,blank,前: 190 / 后: 320,510,东莞弗迪动力有限公司 / 郑州比亚迪汽车有限公司,YS230XYF / TZ226QYC,,,,,,,,,,,,Copyright © 2026 David YE
4087,406,BYD7000AZBEV3,比亚迪牌,,,blank,255,255,郑州比亚迪汽车有限公司,TZ226QYE,,,,,,,,,,,,Copyright © 2026 David YE
4088,406,CA7009B0EVB,一汽牌,,,blank,,,,,,,,,,,,,,,,Copyright © 2026 David YE
4089,406,CC7000DE00HABEV,欧拉牌,,,blank,150,150,蜂巢传动科技邳州有限公司,QT36TZ220001,,,,,,,,,,,,Copyright © 2026 David YE
4090,406,CC7000DE00HBBEV,欧拉牌,,,blank,150,150,蜂巢传动科技邳州有限公司,QT36TZ220001,,,,,,,,,,,,Copyright © 2026 David YE
4091,406,CSA6453JBEV9,名爵牌,,,blank,125,125,联合汽车电子有限公司,TZ180XS0951,,,,,,,,,,,,Copyright © 2026 David YE
4092,406,CSA6453JBEVA,名爵牌,,,blank,150,150,华域汽车电动系统有限公司,TZ204XS1351,,,,,,,,,,,,Copyright © 2026 David YE
4093,406,CSA7002EBEVA,智己牌,,300.0,ambiguous,200/300,500,联合汽车电子有限公司/华域汽车电动系统有限公司,TZ180XS0952/TZ230XY1252,,,,,,,,,,,,Copyright © 2026 David YE
4094,406,CSA7002EBEVC,智己牌,,,blank,300,300,华域汽车电动系统有限公司,TZ230XY1252,,,,,,,,,,,,Copyright © 2026 David YE
4095,406,CSA7002EBEVE,智己牌,,,blank,245,245,联合汽车电子有限公司,TZ210XS1141,,,,,,,,,,,,Copyright © 2026 David YE
4096,406,CSA7009DBSEV1,荣威牌,,,blank,155,155,联合汽车电子有限公司,TZ180XS1181,,,,,,,,,,,,Copyright © 2026 David YE
4097,406,FZ6430BEVA10C,零跑牌,,,blank,90,90,湖州凌昇动力科技有限公司,TZ180QY027,,,,,,,,,,,,Copyright © 2026 David YE
4098,406,FZ6470BEVC10P,零跑牌,,,blank,230,230,金华凌昇动力科技有限公司,TZ220QY033,,,,,,,,,,,,Copyright © 2026 David YE
4099,406,FZ6470BEVC10R,零跑牌,,,blank,,,,,,,,,,,,,,,,Copyright © 2026 David YE
4100,406,FZ6490BEVC16T,零跑牌,,,blank,230,230,金华凌昇动力科技有限公司,TZ220QY033,,,,,,,,,,,,Copyright © 2026 David YE
4101,406,FZ6490BEVC16U,零跑牌,,,blank,,,,,,,,,,,,,,,,Copyright © 2026 David YE
4102,406,FZ7000BEVA05C,零跑牌,,,blank,90,90,湖州凌昇动力科技有限公司,TZ180QY027,,,,,,,,,,,,Copyright © 2026 David YE
4103,406,JL7001BEV107,吉利牌,,,blank,58,58,格雷博智能动力科技有限公司,TZ160XS001,,,,,,,,,,,,Copyright © 2026 David YE
4104,406,JL7001BEV108,吉利牌,,,blank,85,85,格雷博智能动力科技有限公司,TZ160XS002,,,,,,,,,,,,Copyright © 2026 David YE
4105,406,JL7001BEV109,吉利牌,,,blank,85,85,格雷博智能动力科技有限公司,TZ160XS002,,,,,,,,,,,,Copyright © 2026 David YE
4106,406,LZW6490BEVA7,五菱牌,,,blank,100,100,柳州赛克科技发展有限公司,TZ180XS2A0,,,,,,,,,,,,Copyright © 2026 David YE
4107,406,MR7001BEV139,吉利牌,,,blank,85,85,格雷博智能动力科技有限公司,TZ160XS002,,,,,,,,,,,,Copyright © 2026 David YE
4108,406,MR7001BEV140,吉利牌,,,blank,85,85,格雷博智能动力科技有限公司,TZ160XS002,,,,,,,,,,,,Copyright © 2026 David YE
4109,406,MR7001BEV141,吉利牌,,,blank,58,58,格雷博智能动力科技有限公司,TZ160XS001,,,,,,,,,,,,Copyright © 2026 David YE
4110,406,NHQ6470BEVXA,小鹏牌,,,blank,183,183,立讯智造科技（常熟）有限公司,TZ200XY01D03X,,,,,,,,,,,,Copyright © 2026 David YE
4111,406,NHQ6470BEVXB,小鹏牌,,,blank,183,183,立讯智造科技（常熟）有限公司,TZ200XY01D03X,,,,,,,,,,,,Copyright © 2026 David YE
4112,406,QCJ7000ANBEV1,腾势牌,,,blank,370,370,郑州比亚迪汽车有限公司,TZ226QYD,,,,,,,,,,,,Copyright © 2026 David YE
4113,406,QCJ7000ANBEV2,腾势牌,,,blank,270/310/310,890,深圳比亚迪汽车实业有限公司,TZ226QYA/TZ226XYB/TZ226XYB,,,,,,,,,,,,Copyright © 2026 David YE
4114,406,QCJ7002BEVA1,领汇牌,,,blank,70,70,长沙市比亚迪汽车有限公司,TZ180XSB,,,,,,,,,,,,Copyright © 2026 David YE
4115,406,SC6480AAANBEV,长安牌,,,blank,,,,,,,,,,,,,,,,Copyright © 2026 David YE
4116,406,SC6480AAAWBEV,长安牌,,,blank,,,,,,,,,,,,,,,,Copyright © 2026 David YE
4117,406,SC6480AAAXBEV,长安牌,,,blank,165,165,重庆青山工业有限责任公司,ATDM72,,,,,,,,,,,,Copyright © 2026 David YE
4118,406,SC6480AAAYBEV,长安牌,,,blank,210,210,重庆青山工业有限责任公司,ATDM04,,,,,,,,,,,,Copyright © 2026 David YE
4119,406,WHJ7000BEVHH128,凯翼牌,,,blank,55,55,菲仕绿能科技(北京)有限公司,121BA3,,,,,,,,,,,,Copyright © 2026 David YE
4120,406,XMA6500LBEVR4,小米牌,,,blank,235,235,苏州汇川联合动力系统股份有限公司,TZ220XY110,,,,,,,,,,,,Copyright © 2026 David YE
4121,406,BJ6480A502RSHEV,极狐(ARCFOX)牌,,,blank,200,200,,,,,,,,,,,,,,Copyright © 2026 David YE
4122,406,CA7153HA6PHEVT,红旗牌,,,blank,,,,,,,,,,,,,,,,Copyright © 2026 David YE
4123,406,CA7153HA6PHEVTA,红旗牌,,,blank,,,,,,,,,,,,,,,,Copyright © 2026 David YE
4124,406,CA7153HA6PHEVTXA,红旗牌,,,blank,105,105,,,,,,,,,,,,,,Copyright © 2026 David YE
4125,406,CC6491CW25EPHEV,哈弗牌,,,blank,112,112,,,,,,,,,,,,,,Copyright © 2026 David YE
4126,406,CC6510DG20APHEV,魏牌,,,blank,,,,,,,,,,,,,,,,Copyright © 2026 David YE
4127,406,CC6510DG20BPHEV,魏牌,,,blank,122,122,,,,,,,,,,,,,,Copyright © 2026 David YE
4128,406,CC6510DQ20APHEV,哈弗牌,,,blank,120,120,,,,,,,,,,,,,,Copyright © 2026 David YE
4129,406,CC6520DH20CPHEV,魏牌,,,blank,170,170,,,,,,,,,,,,,,Copyright © 2026 David YE
4130,406,CC6520DH21APHEV,魏牌,,,blank,122,122,,,,,,,,,,,,,,Copyright © 2026 David YE
4131,406,CC6520DH21BPHEV,魏牌,,,blank,122,122,,,,,,,,,,,,,,Copyright © 2026 David YE
4132,406,CC6530DQ20BPHEV,哈弗牌,,,blank,120,120,,,,,,,,,,,,,,Copyright © 2026 David YE
4133,406,CC6530DQ23APHEV,哈弗牌,,,blank,170,170,,,,,,,,,,,,,,Copyright © 2026 David YE
4134,406,FZ6470REEVC10S,零跑牌,,,blank,200,200,,,,,,,,,,,,,,Copyright © 2026 David YE
4135,406,FZ6470REEVC10T,零跑牌,,,blank,200,200,,,,,,,,,,,,,,Copyright © 2026 David YE
4136,406,FZ6490REEVC16P,零跑牌,,,blank,200,200,,,,,,,,,,,,,,Copyright © 2026 David YE
4137,406,FZ6490REEVC16R,零跑牌,,,blank,200,200,,,,,,,,,,,,,,Copyright © 2026 David YE
4138,406,FZ6490REEVC16S,零跑牌,,,blank,200,200,,,,,,,,,,,,,,Copyright © 2026 David YE
4139,406,GAC6490CHEVGAD6A,传祺(Trumpchi)牌,,,blank,115,115,,,,,,,,,,,,,,Copyright © 2026 David YE
4140,406,GAC6501CHEVKAD6A,传祺(Trumpchi)牌,,,blank,120,120,,,,,,,,,,,,,,Copyright © 2026 David YE
4141,406,LXA6512REEVX11,理想牌,,,blank,112,112,,,,,,,,,,,,,,Copyright © 2026 David YE
4142,406,LXA6512REEVX12,理想牌,,,blank,112,112,,,,,,,,,,,,,,Copyright © 2026 David YE
4143,406,NEQ6490REEVS5DJ,爱咖牌,,,blank,105,105,,,,,,,,,,,,,,Copyright © 2026 David YE
4144,406,NEQ6490REEVS5DK,爱咖牌,,,blank,105,105,,,,,,,,,,,,,,Copyright © 2026 David YE
4145,406,NEQ6510REEVS5DJ,爱咖牌,,,blank,105,105,,,,,,,,,,,,,,Copyright © 2026 David YE
4146,406,NEQ6510REEVS5DK,爱咖牌,,,blank,105,105,,,,,,,,,,,,,,Copyright © 2026 David YE
4147,406,QCJ6500BG6HEV12,方程豹牌,,,blank,前:160 / 后:200,360,,,,,,,,,,,,,,Copyright © 2026 David YE
4148,406,SC6470AAAB6HEV,长安牌,,,blank,160,160,,,,,,,,,,,,,,Copyright © 2026 David YE
4149,406,SC6480AAAL6HEV,长安牌,,,blank,135,135,,,,,,,,,,,,,,Copyright © 2026 David YE
4150,406,SQR6470CHEVT1L7,捷途牌,,,blank,105,105,,,,,,,,,,,,,,Copyright © 2026 David YE
4151,406,SQR7150REEVT16A,奇瑞牌,,,blank,71,71,,,,,,,,,,,,,,Copyright © 2026 David YE
4152,406,SQR7150REEVT16A1,奇瑞牌,,,blank,71,71,,,,,,,,,,,,,,Copyright © 2026 David YE
4153,407,BH7000BEVDCA,北京现代牌,,,blank,140,140,海纳川浩夫尔(北京)新能源汽车驱动系统有限公司,CF4B,,,,,,,,,,,,Copyright © 2026 David YE
4154,407,BH7002BEVDCA,北京现代牌,,,blank,168,168,海纳川浩夫尔(北京)新能源汽车驱动系统有限公司,CF4B,,,,,,,,,,,,Copyright © 2026 David YE
4155,407,BH7003BEVDCA,北京现代牌,,,blank,168,168,海纳川浩夫尔(北京)新能源汽车驱动系统有限公司,CF4B,,,,,,,,,,,,Copyright © 2026 David YE
4156,407,BYD6510BNBEV1,比亚迪牌,,,blank,370,370,郑州比亚迪汽车有限公司,TZ226QYD,,,,,,,,,,,,Copyright © 2026 David YE
4157,407,BYD6510BNBEV2,比亚迪牌,,,blank,215/370,585,东莞弗迪动力有限公司/郑州比亚迪汽车有限公司,YS230XYF/TZ226QYD,,,,,,,,,,,,Copyright © 2026 David YE
4158,407,BYD6510BNBEV3,比亚迪牌,,,blank,320,320,郑州比亚迪汽车有限公司,TZ226QYC,,,,,,,,,,,,Copyright © 2026 David YE
4159,407,BYD7001BEVA8,比亚迪牌,,,blank,55,55,西安比亚迪汽车零部件有限公司,TZ180XSAS,,,,,,,,,,,,Copyright © 2026 David YE
4160,407,CA6490H0BEVF,红旗牌,,,blank,340,340,中国第一汽车集团有限公司,CAM220PT9,,,,,,,,,,,,Copyright © 2026 David YE
4161,407,CA7000BEVF,一汽牌,,,blank,,,,TZ155XZ030,,,,,,,,,,,,Copyright © 2026 David YE
4162,407,CA7000BEVG,一汽牌,,,blank,,,,,,,,,,,,,,,,Copyright © 2026 David YE
4163,407,CA7000BEVH,一汽牌,,,blank,,,,,,,,,,,,,,,,Copyright © 2026 David YE
4164,407,CC6430BJ00GDBEV,欧拉牌,,,blank,98,98,联合汽车电子有限公司,QT35TZ180250,,,,,,,,,,,,Copyright © 2026 David YE
4165,407,CSA6492LBEVG,智己牌,,,blank,245,245,联合汽车电子有限公司,TZ210XS1141,,,,,,,,,,,,Copyright © 2026 David YE
4166,407,CSA6492LBEVH,智己牌,,,blank,300,300,华域汽车电动系统有限公司,TZ230XY1252,,,,,,,,,,,,Copyright © 2026 David YE
4167,407,CSA6492LBEVK,智己牌,,,blank,200 / 300,500,联合汽车电子有限公司 / 华域汽车电动系统有限公司,TZ180XS0952 / TZ230XY1252,,,,,,,,,,,,Copyright © 2026 David YE
4168,407,CSA7005TBEV1,名爵牌,,,blank,176,176,上海汽车变速器有限公司,TZ185XY1181,,,,,,,,,,,,Copyright © 2026 David YE
4169,407,DFM6500S5F6BEV,东风牌,,,blank,230,230,智新科技股份有限公司,TZ225XYH01,,,,,,,,,,,,Copyright © 2026 David YE
4170,407,DFM6500S5F7BEV,东风牌,,,blank,230,230,智新科技股份有限公司,TZ225XYH01,,,,,,,,,,,,Copyright © 2026 David YE
4171,407,DFM6500S5F8BEV,东风牌,,,blank,230,230,智新科技股份有限公司,TZ225XYH01,,,,,,,,,,,,Copyright © 2026 David YE
4172,407,EQ6500AG5F1BEV,岚图牌,,,blank,300,300,重庆青山工业有限责任公司,TZ220QY002,,,,,,,,,,,,Copyright © 2026 David YE
4173,407,EQ6500AG5F2BEV,岚图牌,,,blank,175/300,475,智新科技股份有限公司/重庆青山工业有限责任公司,YS225XYH02/TZ220QY002,,,,,,,,,,,,Copyright © 2026 David YE
4174,407,EQ6501AG5F1BEV,岚图牌,,,blank,300,300,重庆青山工业有限责任公司,TZ220QY002,,,,,,,,,,,,Copyright © 2026 David YE
4175,407,EQ6520AE5F2BEV,岚图牌,,,blank,175/300,475,智新科技股份有限公司/重庆青山工业有限责任公司,YS225XYH02/TZ220QY002,,,,,,,,,,,,Copyright © 2026 David YE
4176,407,EQ6521AE5F2BEV,岚图牌,,,blank,175/300,475,智新科技股份有限公司/重庆青山工业有限责任公司,YS225XYH02/TZ220QY002,,,,,,,,,,,,Copyright © 2026 David YE
4177,407,EQ6522AE5F2BEV,岚图牌,,,blank,175/300,475,智新科技股份有限公司/重庆青山工业有限责任公司,YS225XYH02/TZ220QY002,,,,,,,,,,,,Copyright © 2026 David YE
4178,407,EQ6523AE5F2BEV,岚图牌,,,blank,175/300,475,智新科技股份有限公司/重庆青山工业有限责任公司,YS225XYH02/TZ220QY002,,,,,,,,,,,,Copyright © 2026 David YE
4179,407,FZ6430BEVA10D,零跑牌,,,blank,70,70,湖州凌昇动力科技有限公司,TZ180QY057,,,,,,,,,,,,Copyright © 2026 David YE
4180,407,FZ6450BEVB10L,零跑牌,,,blank,185,185,湖州凌昇动力科技有限公司,TZ180QY075,,,,,,,,,,,,Copyright © 2026 David YE
4181,407,FZ6450BEVB10M,零跑牌,,,blank,180,180,金华凌昇动力科技有限公司,TZ180QY073,,,,,,,,,,,,Copyright © 2026 David YE
4182,407,FZ6450BEVB10N,零跑牌,,,blank,132,132,湖南中车时代电驱科技有限公司,TZ180XS101,,,,,,,,,,,,Copyright © 2026 David YE
4183,407,FZ6490BEVC16T,零跑牌,,,blank,230,230,金华凌昇动力科技有限公司,TZ220QY033,,,,,,,,,,,,Copyright © 2026 David YE
4184,407,FZ7000BEVA05D,零跑牌,,,blank,70,70,湖州凌昇动力科技有限公司,TZ180QY057,,,,,,,,,,,,Copyright © 2026 David YE
4185,407,FZ7000BEVB01J,零跑牌,,,blank,185,185,湖州凌昇动力科技有限公司,TZ180QY075,,,,,,,,,,,,Copyright © 2026 David YE
4186,407,FZ7000BEVB01K,零跑牌,,,blank,180,180,金华凌昇动力科技有限公司,TZ180QY073,,,,,,,,,,,,Copyright © 2026 David YE
4187,407,FZ7000BEVB01L,零跑牌,,,blank,132,132,湖南中车时代电驱科技有限公司,TZ180XS101,,,,,,,,,,,,Copyright © 2026 David YE
4188,407,HFC7000DEV8,江淮牌,,227.0,ambiguous,160/230,390,华为数字能源技术有限公司,YS210XYA03/TZ210XYA03,,,,,,,,,,,,Copyright © 2026 David YE
4189,407,HQ6431BEV107,精灵(smart),,,blank,245,245,无锡星驱动力科技有限公司,TZ184QY301,,,,,,,,,,,,Copyright © 2026 David YE
4190,407,LZ6480MMD0EV,东风牌,,,blank,135,135,珠海英搏尔电气股份有限公司,YY39TZ180S01,,,,,,,,,,,,Copyright © 2026 David YE
4191,407,LZ6480MME0EV,东风牌,,,blank,135,135,珠海英搏尔电气股份有限公司,YY39TZ180S01,,,,,,,,,,,,Copyright © 2026 David YE
4192,407,LZ6490MME0EV,东风牌,,,blank,135,135,珠海英搏尔电气股份有限公司,YY39TZ180S01,,,,,,,,,,,,Copyright © 2026 David YE
4193,407,MR7001BEV133,领克牌,,,blank,245,245,无锡星驱动力科技有限公司,TZ184QY301,,,,,,,,,,,,Copyright © 2026 David YE
4194,407,MR7001BEV134,领克牌,,,blank,245,245,无锡星驱动力科技有限公司,TZ184QY301,,,,,,,,,,,,Copyright © 2026 David YE
4195,407,MR7001BEV135,吉利牌,,,blank,180/245,425,衢州极电电动汽车技术有限公司/无锡星驱动力科技有限公司,YS190XYE04/TZ184QY301,,,,,,,,,,,,Copyright © 2026 David YE
4196,407,MR7001BEV136,吉利牌,,,blank,245,245,无锡星驱动力科技有限公司,TZ184QY301,,,,,,,,,,,,Copyright © 2026 David YE
4197,407,MR7001BEV137,吉利牌,,,blank,245,245,无锡星驱动力科技有限公司,TZ184QY301,,,,,,,,,,,,Copyright © 2026 David YE
4198,407,MR7001BEV138,吉利牌,,,blank,245,245,无锡星驱动力科技有限公司,TZ184QY301,,,,,,,,,,,,Copyright © 2026 David YE
4199,407,MR7001BEV146,吉利牌,,,blank,85,85,格雷博智能动力科技有限公司,TZ160XS002,,,,,,,,,,,,Copyright © 2026 David YE
4200,407,NEQ7000BEVT12AC,奇瑞牌,,,blank,58,58,苏州汇川联合动力系统股份有限公司,TZ180SMXB0,,,,,,,,,,,,Copyright © 2026 David YE
4201,407,NEQ7000BEVT12AD,奇瑞牌,,,blank,90,90,苏州汇川联合动力系统股份有限公司,TZ180SMXB1,,,,,,,,,,,,Copyright © 2026 David YE
4202,407,NEQ7000BEVT12AE,奇瑞牌,,,blank,90,90,苏州汇川联合动力系统股份有限公司,TZ180SMXB1,,,,,,,,,,,,Copyright © 2026 David YE
4203,407,NHQ6490BEVVA,小鹏牌,,,blank,183,183,立讯智造科技（常熟）有限公司,TZ200XY01D03X,,,,,,,,,,,,Copyright © 2026 David YE
4204,407,NHQ6490BEVVB,小鹏牌,,,blank,183,183,立讯智造科技（常熟）有限公司,TZ200XY01D03X,,,,,,,,,,,,Copyright © 2026 David YE
4205,407,NHQ6510BEVRA,小鹏牌,,,blank,270,270,立讯智造科技（常熟）有限公司,TZ230XY01G01X,,,,,,,,,,,,Copyright © 2026 David YE
4206,407,NHQ6510BEVRB,小鹏牌,,,blank,270,270,立讯智造科技（常熟）有限公司,TZ230XY01G01X,,,,,,,,,,,,Copyright © 2026 David YE
4207,407,NHQ6510BEVRC,小鹏牌,,,blank,160/270,430,武汉小鹏智能制造有限公司/立讯智造科技（常熟）有限公司,YS230XY01G01E/TZ230XY01G01X,,,,,,,,,,,,Copyright © 2026 David YE
4208,407,SC6490AAADBEV,阿维塔（AVATR）牌,,,blank,,,重庆青山工业有限责任公司,ATDM14,,,,,,,,,,,,Copyright © 2026 David YE
4209,407,SC6490AAAEBEV,阿维塔（AVATR）牌,,,blank,210/251/251,712,重庆青山工业有限责任公司,AYDM03/ATDM05/ATDM05,,,,,,,,,,,,Copyright © 2026 David YE
4210,407,SGM7000MBBEV,别克(BUICK),,,blank,282,282,上海汽车变速器有限公司,TZ210QYP5G,,,,,,,,,,,,Copyright © 2026 David YE
4211,407,SQR6460BEVT1Q,奇瑞牌,,,blank,178,178,芜湖埃科驱动科技有限公司,TZ180YMZA0,,,,,,,,,,,,Copyright © 2026 David YE
4212,407,WHJ7000BEVHH129,凯翼牌,,,blank,55,55,菲仕绿能科技(北京)有限公司,121BA3,,,,,,,,,,,,Copyright © 2026 David YE
4213,407,AHC6470SHEVN0C,埃安(AION),,,blank,,,,,,,,,,,,,,,,Copyright © 2026 David YE
4214,407,BYD6510BN6HEV1,比亚迪牌,,,blank,200,200,,,,,,,,,,,,,,Copyright © 2026 David YE
4215,407,BYD6510BN6HEV2,比亚迪牌,,,blank,200/200,400,,,,,,,,,,,,,,Copyright © 2026 David YE
4216,407,BYD6520MT6HEV1,比亚迪牌,,,blank,200,200,,,,,,,,,,,,,,Copyright © 2026 David YE
4217,407,CC6500DL20BPHEV,魏牌牌,,,blank,122,122,,,,,,,,,,,,,,Copyright © 2026 David YE
4218,407,CC6500DL21APHEV,魏牌,,,blank,170,170,,,,,,,,,,,,,,Copyright © 2026 David YE
4219,407,CC6510DG21CPHEV,魏牌,,,blank,170,170,,,,,,,,,,,,,,Copyright © 2026 David YE
4220,407,CJL6510AF1REEV,神行者(FREELANDER)牌,,,blank,105,105,,,,,,,,,,,,,,Copyright © 2026 David YE
4221,407,CSA6492LFSHEV3,智己牌,,,blank,230,230,,,,,,,,,,,,,,Copyright © 2026 David YE
4222,407,CSA6492LFSHEV4,智己牌,,,blank,230,230,,,,,,,,,,,,,,Copyright © 2026 David YE
4223,407,CSA7155TFCHEV1,名爵牌,,,blank,152,152,,,,,,,,,,,,,,Copyright © 2026 David YE
4224,407,DFM6500S5F7REEV,东风牌,,,blank,215,215,,,,,,,,,,,,,,Copyright © 2026 David YE
4225,407,DFM6500S5F8REEV,东风牌,,,blank,215,215,,,,,,,,,,,,,,Copyright © 2026 David YE
4226,407,DFM6500S5F9REEV,东风牌,,,blank,215,215,,,,,,,,,,,,,,Copyright © 2026 David YE
4227,407,DFM6531S5F1REEV,奕境牌,,,blank,90,90,,,,,,,,,,,,,,Copyright © 2026 David YE
4228,407,FZ6530REEVWD19F,零跑牌,,,blank,100/200,300,,,,,,,,,,,,,,Copyright © 2026 David YE
4229,407,GAC6490CHEVGAL6A,传祺(Trumpchi)牌,,,blank,115,115,,,,,,,,,,,,,,Copyright © 2026 David YE
4230,407,GAC6500CHEVPAF6A,传祺(Trumpchi)牌,,,blank,120,120,,,,,,,,,,,,,,Copyright © 2026 David YE
4231,407,GAC6500CHEVPAM6B,传祺(Trumpchi)牌,,,blank,120,120,,,,,,,,,,,,,,Copyright © 2026 David YE
4232,407,HFC6550DREEV1,江淮牌,,,blank,前160/后230,390,,,,,,,,,,,,,,Copyright © 2026 David YE
4233,407,HFC7150DREEV7,江淮牌,,,blank,160/237.5/237.5,635,,,,,,,,,,,,,,Copyright © 2026 David YE
4234,407,LXA6493REEVX04,理想牌,,,blank,,,,,,,,,,,,,,,,Copyright © 2026 David YE
4235,407,LXA6493REEVX05,理想牌,,,blank,110,110,,,,,,,,,,,,,,Copyright © 2026 David YE
4236,407,MR7151DCHEV117,领克牌,,,blank,,,,,,,,,,,,,,,,Copyright © 2026 David YE
4237,407,MR7151DCHEV118,领克牌,,,blank,,,,,,,,,,,,,,,,Copyright © 2026 David YE
4238,407,MR7151DCHEV128M,吉利牌,,,blank,90,90,,,,,,,,,,,,,,Copyright © 2026 David YE
4239,407,MR7151DCHEV130,吉利牌,,,blank,79,79,,,,,,,,,,,,,,Copyright © 2026 David YE
4240,407,NHQ6470REEVXA,小鹏牌,,,blank,183,183,,,,,,,,,,,,,,Copyright © 2026 David YE
4241,407,NHQ6490REEVVA,小鹏牌,,,blank,183,183,,,,,,,,,,,,,,Copyright © 2026 David YE
4242,407,NHQ6510REEVRA,小鹏牌,,,blank,210,210,,,,,,,,,,,,,,Copyright © 2026 David YE
4243,407,NHQ6510REEVRB,小鹏牌,,,blank,前:160 / 后:210,370,,,,,,,,,,,,,,Copyright © 2026 David YE
4244,407,QCJ6500BG6HEV12,方程豹牌,,,blank,前:160 / 后:200,360,,,,,,,,,,,,,,Copyright © 2026 David YE
4245,407,QCJ6520MT6HEV12,腾势牌,,,blank,前: 200 / 后: 45,245,,,,,,,,,,,,,,Copyright © 2026 David YE
4246,407,SC6490AAAB6HEV,阿维塔（AVATR）牌,,,blank,231,231,,,,,,,,,,,,,,Copyright © 2026 David YE
4247,407,SC6490AAAC6HEV,阿维塔（AVATR）牌,,,blank,231,231,,,,,,,,,,,,,,Copyright © 2026 David YE
4248,407,SC6490AAAD6HEV,阿维塔（AVATR）牌,,,blank,131/200/200,531,,,,,,,,,,,,,,Copyright © 2026 David YE
4249,407,SC6510AAAL6HEV,长安牌,,,blank,131/200,331,,,,,,,,,,,,,,Copyright © 2026 David YE
4250,407,SC6510AAAM6HEV,长安牌,,,blank,200,200,,,,,,,,,,,,,,Copyright © 2026 David YE
4251,407,SC6520AAAR6HEV,长安牌,,,blank,231,231,,,,,,,,,,,,,,Copyright © 2026 David YE
4252,407,SGM6490NAPHEV,凯迪拉克(CADILLAC)牌,,,blank,"160,110",270,,,,,,,,,,,,,,Copyright © 2026 David YE
4253,407,SKE6540DREEVA3F,问界牌,,,blank,前: 220 / 后: 222,442,,,,,,,,,,,,,,Copyright © 2026 David YE
4254,407,SVW715341APV,大众汽车(VOLKSWAGEN)牌,,,blank,130,130,,,,,,,,,,,,,,Copyright © 2026 David YE
4255,408,AHC7000BEVK0H,埃安(AION),,,blank,165,165,锐湃动力科技有限公司,TZ180XYD3A37,,,,,,,,,,,,Copyright © 2026 David YE
4256,408,AHC7000BEVK0K,埃安(AION),,,blank,165,165,锐湃动力科技有限公司,TZ180XYD3A37,,,,,,,,,,,,Copyright © 2026 David YE
4257,408,AHC7000BEVL0P,埃安(AION),,,blank,45,45,锐湃动力科技有限公司,TZ160XYD3A02,,,,,,,,,,,,Copyright © 2026 David YE
4258,408,BJ6500A601BEV,极狐(ARCFOX)牌,,,blank,227,227,湖南中车时代电驱科技有限公司,TZ220XY410,,,,,,,,,,,,Copyright © 2026 David YE
4259,408,BJ6500A60BEV,极狐(ARCFOX)牌,,,blank,227,227,湖南中车时代电驱科技有限公司,TZ220XY410,,,,,,,,,,,,Copyright © 2026 David YE
4260,408,BJ6530K80BEV,极狐牌,,,blank,227,227,湖南中车时代电驱科技有限公司,TZ220XY410,,,,,,,,,,,,Copyright © 2026 David YE
4261,408,BJ7000K71BBEV,享界牌,,,blank,227,227,华为数字能源技术有限公司,QT67TZ210D01,,,,,,,,,,,,Copyright © 2026 David YE
4262,408,BJ7000K71CBEV,享界牌,,,blank,160/227,387,华为数字能源技术有限公司,YS210XYA03/QT67TZ210D01,,,,,,,,,,,,Copyright © 2026 David YE
4263,408,BJ7000K722BEV,享界牌,,,blank,227,227,华为数字能源技术有限公司,QT67TZ210D01,,,,,,,,,,,,Copyright © 2026 David YE
4264,408,BJ7000K723BEV,享界牌,,,blank,"160,227",387,华为数字能源技术有限公司,YS210XYA03/QT67TZ210D01,,,,,,,,,,,,Copyright © 2026 David YE
4265,408,BJ7004VALBEV,梅赛德斯-奔驰(Mercedes-Benz),,,blank,"前:77/后:115, 峰值功率:前:163/后:300",463,Bosch/Mercedes-Benz,EM0041/EM0037,,,,,,,,,,,,Copyright © 2026 David YE
4266,408,BYD7000AGBEV7,比亚迪牌,,,blank,200,200,西安比亚迪汽车零部件有限公司,TZ180XYJ,,,,,,,,,,,,Copyright © 2026 David YE
4267,408,BYD7000AXBEV2,比亚迪牌,,,blank,前: 200 / 后: 370,570,东莞弗迪动力有限公司 / 郑州比亚迪汽车有限公司,YS230XYG / TZ226QYD,,,,,,,,,,,,Copyright © 2026 David YE
4268,408,BYD7000AXBEV3,比亚迪牌,,,blank,370,370,郑州比亚迪汽车有限公司,TZ226QYD,,,,,,,,,,,,Copyright © 2026 David YE
4269,408,CC7000DE00HFBEV,欧拉牌,,,blank,150,150,蜂巢传动科技邳州有限公司,QT36TZ220001,,,,,,,,,,,,Copyright © 2026 David YE
4270,408,DFM7002S1F1BEV,东风牌,,,blank,230,330,智新科技股份有限公司,TZ225XYH01,,,,,,,,,,,,Copyright © 2026 David YE
4271,408,DFM7002S1F2BEV,东风牌,,230.0,ambiguous,175/230,405,智新科技股份有限公司,YS225XYH02/TZ225XYH01,,,,,,,,,,,,Copyright © 2026 David YE
4272,408,EQ6502AG5F1BEV,岚图牌,,,blank,300,300,重庆青山工业有限责任公司,TZ220QY002,,,,,,,,,,,,Copyright © 2026 David YE
4273,408,EQ6520AD5F2BEV,岚图牌,,,blank,175/300,475,智新科技股份有限公司/重庆青山工业有限责任公司,YS225XYH02/TZ220QY002,,,,,,,,,,,,Copyright © 2026 David YE
4274,408,JL7001BEV116,吉利牌,,,blank,85,85,星驱科技(嘉兴)有限公司,TZ160XS002,,,,,,,,,,,,Copyright © 2026 David YE
4275,408,LXA6511BEVW07,理想牌,,,blank,250,250,江苏理想驱动技术有限公司,TZ220XYHP1,,,,,,,,,,,,Copyright © 2026 David YE
4276,408,LXA6540BEVW11,理想牌,,,blank,155/258,413,华为技术有限公司/江苏理想驱动技术有限公司,CYS210XY1P1/TZ220XYHP2,,,,,,,,,,,,Copyright © 2026 David YE
4277,408,LZ6480MME0EV,东风牌,,,blank,135,135,珠海英搏尔电气股份有限公司,YY39TZ180S01,,,,,,,,,,,,Copyright © 2026 David YE
4278,408,LZ6490MME0EV,东风牌,,,blank,135,135,珠海英搏尔电气股份有限公司,YY39TZ180S01,,,,,,,,,,,,Copyright © 2026 David YE
4279,408,LZ6490MME1EV,东风牌,,,blank,135,135,珠海英搏尔电气股份有限公司,YY39TZ180S01,,,,,,,,,,,,Copyright © 2026 David YE
4280,408,LZ6490MME2EV,东风牌,,,blank,135,135,珠海英搏尔电气股份有限公司,YY39TZ180S01,,,,,,,,,,,,Copyright © 2026 David YE
4281,408,LZ6510NKD0EV,东风牌,,,blank,110,110,四川建安工业有限责任公司,YY35TZ180B01,,,,,,,,,,,,Copyright © 2026 David YE
4282,408,LZ7000SME0EV,东风牌,,,blank,135,135,珠海英搏尔电气股份有限公司,YY39TZ180S01,,,,,,,,,,,,Copyright © 2026 David YE
4283,408,MR6462BEV100,吉利牌,,,blank,245,245,无锡星驱动力科技有限公司,TZ184QY301,,,,,,,,,,,,Copyright © 2026 David YE
4284,408,MR6462BEV101,吉利牌,,,blank,245,245,无锡星驱动力科技有限公司,TZ184QY301,,,,,,,,,,,,Copyright © 2026 David YE
4285,408,MR6462BEV102,吉利牌,,,blank,245,245,无锡星驱动力科技有限公司,TZ184QY301,,,,,,,,,,,,Copyright © 2026 David YE
4286,408,MR7001BEV150,吉利牌,,,blank,85,85,星驱科技(嘉兴)有限公司,TZ160XS002,,,,,,,,,,,,Copyright © 2026 David YE
4287,408,QCJ6520MBEV4,腾势牌,,,blank,300,300,西安比亚迪汽车零部件有限公司,TZ205QYN,,,,,,,,,,,,Copyright © 2026 David YE
4288,408,QCJ7000ARBEV1,腾势牌,,,blank,前:500/后左:340/后右:340,1180,郑州比亚迪汽车有限公司/深圳比亚迪汽车实业有限公司/深圳比亚迪汽车实业有限公司,TZ220QYD/TZ226XYG/TZ226XYG,,,,,,,,,,,,Copyright © 2026 David YE
4289,408,QCJ7000ARBEV2,腾势牌,,,blank,前:500/后左:340/后右:340,1180,郑州比亚迪汽车有限公司/深圳比亚迪汽车实业有限公司/深圳比亚迪汽车实业有限公司,TZ220QYD/TZ226XYG/TZ226XYG,,,,,,,,,,,,Copyright © 2026 David YE
4290,408,QCJ7000ARBEV3,腾势牌,,,blank,前:500/后左:340/后右:340,1180,郑州比亚迪汽车有限公司/深圳比亚迪汽车实业有限公司/深圳比亚迪汽车实业有限公司,TZ220QYD/TZ226XYG/TZ226XYG,,,,,,,,,,,,Copyright © 2026 David YE
4291,408,QCJ7000ATBEV1,方程豹牌,,,blank,190/300,490,东莞弗迪动力有限公司/西安比亚迪汽车零部件有限公司,YS230XYF/TZ205QYD,,,,,,,,,,,,Copyright © 2026 David YE
4292,408,QCJ7000ATBEV2,方程豹牌,,,blank,300,300,西安比亚迪汽车零部件有限公司,TZ205QYD,,,,,,,,,,,,Copyright © 2026 David YE
4293,408,QCJ7000ATBEV3,方程豹牌,,,blank,245,245,西安比亚迪汽车零部件有限公司,TZ205QYS,,,,,,,,,,,,Copyright © 2026 David YE
4294,408,QCJ7000ATBEV4,方程豹牌,,,blank,前:190/后:300,490,东莞弗迪动力有限公司/西安比亚迪汽车零部件有限公司,YS230XYF/TZ205QYD,,,,,,,,,,,,Copyright © 2026 David YE
4295,408,QCJ7000ATBEV5,方程豹牌,,,blank,300,300,西安比亚迪汽车零部件有限公司,TZ205QYD,,,,,,,,,,,,Copyright © 2026 David YE
4296,408,QCJ7008BEVB2,领汇牌,,,blank,35,35,长沙市比亚迪汽车有限公司,TZ180XSJ,,,,,,,,,,,,Copyright © 2026 David YE
4297,408,SAL7001AD03ABEV,欧拉牌,,,blank,160,160,蜂巢传动科技邳州有限公司,QT36TZ220001,,,,,,,,,,,,Copyright © 2026 David YE
4298,408,SAL7001AD30ABEV,欧拉牌,,,blank,160/150,310,蜂巢传动科技邳州有限公司/联合汽车电子有限公司,QT36TZ220001/TZ210XS000,,,,,,,,,,,,Copyright © 2026 David YE
4299,408,SAL7001BH00ABEV,欧拉牌,,,blank,150,150,蜂巢传动科技邳州有限公司,QT36TZ220001,,,,,,,,,,,,Copyright © 2026 David YE
4300,408,SC6480AABABEV,长安牌,,,blank,210,210,重庆青山工业有限责任公司,ATDM04,,,,,,,,,,,,Copyright © 2026 David YE
4301,408,SC6480AABBBEV,长安牌,,,blank,210,210,重庆青山工业有限责任公司,ATDM04,,,,,,,,,,,,Copyright © 2026 David YE
4302,408,SC7000AABZBEV,长安牌,,,blank,,,,,,,,,,,,,,,,Copyright © 2026 David YE
4303,408,SKE6501DBEVR2,问界牌,,,blank,227,227,重庆金康动力新能源有限公司;华为数字能源技术有限公司,YY66TZ230001;QT67TZ210D01,,,,,,,,,,,,Copyright © 2026 David YE
4304,408,SKE6501DBEVR3,问界牌,,,blank,227,227,重庆金康动力新能源有限公司;华为数字能源技术有限公司,YY66TZ230001;QT67TZ210D01,,,,,,,,,,,,Copyright © 2026 David YE
4305,408,SKE6540DBEVA1F,问界牌,,,blank,220/277,497,华为数字能源技术有限公司,YY67YS210A05/YY67TZ210A05,,,,,,,,,,,,Copyright © 2026 David YE
4306,408,SQR6500BEVEHX,智界牌,,,blank,277,277,华为数字能源技术有限公司,YY67TZ210A05,,,,,,,,,,,,Copyright © 2026 David YE
4307,408,SQR6500BEVEHX1,智界牌,,,blank,277,277,华为数字能源技术有限公司,YY67TZ210A05,,,,,,,,,,,,Copyright © 2026 David YE
4308,408,SQR6500BEVEHX4,智界牌,,,blank,277,277,华为数字能源技术有限公司,YY67YS210A06/YY67TZ210A05,,,,,,,,,,,,Copyright © 2026 David YE
4309,408,SQR6500BEVEHX5,智界牌,,,blank,277,437,华为数字能源技术有限公司,YY67YS210A06/YY67TZ210A05,,,,,,,,,,,,Copyright © 2026 David YE
4310,408,SQR6503BEVE0Y5,星途牌,,,blank,230,230,联合汽车电子有限公司,TZ220XSG05,,,,,,,,,,,,Copyright © 2026 David YE
4311,408,BJ6500A60RSHEV,极狐(ARCFOX)牌,,,blank,200,200,,,,,,,,,,,,,,Copyright © 2026 David YE
4312,408,BJ6530K802RREEV,极狐牌,,,blank,227,227,,,,,,,,,,,,,,Copyright © 2026 David YE
4313,408,BJ6540K901RSHEV,享界牌,,,blank,"160,277",437,,,,,,,,,,,,,,Copyright © 2026 David YE
4314,408,BJ6540K90RSHEV,享界牌,,,blank,160，277,437,,,,,,,,,,,,,,Copyright © 2026 David YE
4315,408,BJ7150K714RSHEV,享界牌,,,blank,227,227,,,,,,,,,,,,,,Copyright © 2026 David YE
4316,408,BJ7150K715RSHEV,享界牌,,,blank,227,227,,,,,,,,,,,,,,Copyright © 2026 David YE
4317,408,BJ7150K722RSHEV,享界牌,,,blank,227,227,,,,,,,,,,,,,,Copyright © 2026 David YE
4318,408,BJ7150K723RSHEV,享界牌,,,blank,227,227,,,,,,,,,,,,,,Copyright © 2026 David YE
4319,408,BYD6476ST6HEV12,比亚迪牌,,,blank,120,120,,,,,,,,,,,,,,Copyright © 2026 David YE
4320,408,BYD6476ST6HEV13,比亚迪牌,,,blank,120,120,,,,,,,,,,,,,,Copyright © 2026 David YE
4321,408,BYD7150AX6HEV1,比亚迪牌,,,blank,200,200,,,,,,,,,,,,,,Copyright © 2026 David YE
4322,408,CA6471B6PHEVD,一汽牌,,,blank,,,,,,,,,,,,,,,,Copyright © 2026 David YE
4323,408,CA7204HA6PHEVT,红旗牌,,,blank,,,,,,,,,,,,,,,,Copyright © 2026 David YE
4324,408,CA7204HA6PHEVTX,红旗牌,,,blank,,,,,,,,,,,,,,,,Copyright © 2026 David YE
4325,408,CC6480BT29APHEV,哈弗牌,,,blank,,,,,,,,,,,,,,,,Copyright © 2026 David YE
4326,408,CC6480BT29BPHEV,哈弗牌,,,blank,,,,,,,,,,,,,,,,Copyright © 2026 David YE
4327,408,CC6510DQ23BPHEV,哈弗牌,,,blank,,,,,,,,,,,,,,,,Copyright © 2026 David YE
4328,408,CSA6494HFSHEV1,荣威牌,,,blank,162,162,,,,,,,,,,,,,,Copyright © 2026 David YE
4329,408,CSA6494HFSHEV2,荣威牌,,,blank,162,162,,,,,,,,,,,,,,Copyright © 2026 David YE
4330,408,DFM6531S5F2REEV,奕境牌,,,blank,,,,,,,,,,,,,,,,Copyright © 2026 David YE
4331,408,DFM6531S5F4REEV,奕境牌,,,blank,,,,,,,,,,,,,,,,Copyright © 2026 David YE
4332,408,GAC6500CHEVPAF6B,传祺(Trumpchi)牌,,,blank,,,,,,,,,,,,,,,,Copyright © 2026 David YE
4333,408,HFC6530DREEV1,江淮牌,,,blank,前/后 160/230,390,,,,,,,,,,,,,,Copyright © 2026 David YE
4334,408,MR7153DCHEV100,领克牌,,,blank,,,,,,,,,,,,,,,,Copyright © 2026 David YE
4335,408,QCJ6520MT6HEVA2,领汇牌,,,blank,200,200,,,,,,,,,,,,,,Copyright © 2026 David YE
4336,408,SC6510AAAL6HEV,长安牌,,,blank,131/200,331,,,,,,,,,,,,,,Copyright © 2026 David YE
4337,408,SKE6540DREEVA2F,问界牌,,,blank,前: 220 / 后: 222 / 222,664,,,,,,,,,,,,,,Copyright © 2026 David YE
4338,408,SQR6482CHEVT1N,捷途牌,,,blank,,,,,,,,,,,,,,,,Copyright © 2026 David YE
4339,408,SQR6483CHEVT1N,捷途牌,,,blank,,,,,,,,,,,,,,,,Copyright © 2026 David YE
4340,408,SQR6483CHEVT225,星途牌,,,blank,,,,,,,,,,,,,,,,Copyright © 2026 David YE
4341,408,SQR6483CHEVT226,星途牌,,,blank,,,,,,,,,,,,,,,,Copyright © 2026 David YE
4342,408,SQR6486CHEVT1J,捷途牌,,,blank,,,,,,,,,,,,,,,,Copyright © 2026 David YE
4343,408,SQR6486CHEVT1J2,捷途牌,,,blank,,,,,,,,,,,,,,,,Copyright © 2026 David YE
4344,408,SQR6486CHEVT1J3,捷途牌,,,blank,,,,,,,,,,,,,,,,Copyright © 2026 David YE
4345,408,SQR6521REEVE021,奇瑞牌,,,blank,,,,,,,,,,,,,,,,Copyright © 2026 David YE
4346,408,SVW650181BRV,大众汽车(VOLKSWAGEN)牌,,,blank,220,220,,,,,,,,,,,,,,Copyright © 2026 David YE
4347,408,SVW650182BRV,大众汽车(VOLKSWAGEN)牌,,,blank,150 / 220,370,,,,,,,,,,,,,,Copyright © 2026 David YE
4348,408,SVW650183BRV,大众汽车(VOLKSWAGEN)牌,,,blank,220,220,,,,,,,,,,,,,,Copyright © 2026 David YE
4349,408,SVW650184BRV,大众汽车(VOLKSWAGEN),,,blank,220,220,,,,,,,,,,,,,,Copyright © 2026 David YE
4350,409,EQ6530AB5F2BEV,岚图牌,东风汽车集团有限公司,,blank,175,475,智新科技股份有限公司/重庆青山工业有限责任公司,YS225XYH02/TZ220QY002,,,,,,,,,,,,Copyright © 2026 David YE
4351,409,JL6501BEV128,远程牌,浙江豪情汽车制造有限公司,,blank,55,175,湖州智芯动力系统发展有限公司,TZ180XSZX15,,,,,,,,,,,,Copyright © 2026 David YE
4352,409,NHQ6510BEVRD,小鹏牌,肇庆小鹏新能源投资有限公司,,blank,160,430,武汉小鹏智能制造有限公司/立讯智造科技（常熟）有限公司,YS230XY01G01E/TZ230XY01G01X,,,,,,,,,,,,Copyright © 2026 David YE
4353,409,CA6490H0BEVXF,红旗牌,中国第一汽车集团有限公司,,blank,190,530,中国第一汽车集团有限公司,CAM190PT3/CAM220PT9,,,,,,,,,,,,Copyright © 2026 David YE
4354,409,JL6501BEV126,远程牌,浙江豪情汽车制造有限公司,,blank,55,175,湖州智芯动力系统发展有限公司,TZ180XSZX15,,,,,,,,,,,,Copyright © 2026 David YE
4355,409,JL6501BEV127,远程牌,浙江豪情汽车制造有限公司,,blank,55,175,湖州智芯动力系统发展有限公司,TZ180XSZX15,,,,,,,,,,,,Copyright © 2026 David YE
4356,409,HSE6543BEVM1B,予风牌,河南森源电动汽车有限公司,,blank,55,165,柳州五菱汽车工业有限公司,TZ180XSC110,,,,,,,,,,,,Copyright © 2026 David YE
4357,409,JL6541BEV110,远程牌,浙江豪情汽车制造有限公司,,blank,55,175,湖州智芯动力系统发展有限公司,TZ180XSZX15,,,,,,,,,,,,Copyright © 2026 David YE
4358,409,SQR6500BEVEHY8,智界牌,奇瑞汽车股份有限公司,,blank,150,377,华为数字能源技术有限公司/华为数字能源技术有限公司,YS210XYA01/QT67TZ210D01,,,,,,,,,,,,Copyright © 2026 David YE
4359,409,YQZ6462ZBEV,起亚牌,江苏悦达起亚汽车有限公司,,blank,175,175,上海汽车电驱动有限公司,DF4N,,,,,,,,,,,,Copyright © 2026 David YE
4360,409,YQZ6462BEV,起亚牌,江苏悦达起亚汽车有限公司,,blank,175,175,上海汽车电驱动有限公司,DF4N,,,,,,,,,,,,Copyright © 2026 David YE
4361,409,SQR6500BEVEHY6,智界牌,奇瑞汽车股份有限公司,,blank,227,227,华为数字能源技术有限公司,QT67TZ210D01,,,,,,,,,,,,Copyright © 2026 David YE
4362,409,YQZ6463GTBEV,起亚牌,江苏悦达起亚汽车有限公司,,blank,175,175,上海汽车电驱动有限公司,DF4N,,,,,,,,,,,,Copyright © 2026 David YE
4363,409,YQZ6463BEV,起亚牌,江苏悦达起亚汽车有限公司,,blank,175,175,上海汽车电驱动有限公司,DF4N,,,,,,,,,,,,Copyright © 2026 David YE
4364,409,SQR6500BEVEHY7,智界牌,奇瑞汽车股份有限公司,,blank,227,227,华为数字能源技术有限公司,QT67TZ210D01,,,,,,,,,,,,Copyright © 2026 David YE
4365,409,JL6501BEV125,远程牌,浙江豪情汽车制造有限公司,,blank,55,175,湖州智芯动力系统发展有限公司,TZ180XSZX15,,,,,,,,,,,,Copyright © 2026 David YE
4366,409,LZ6480MME1EV,东风牌,东风柳州汽车有限公司,,blank,135,135,珠海英搏尔电气股份有限公司,YY39TZ180S01,,,,,,,,,,,,Copyright © 2026 David YE
4367,409,LZ6480MME3EV,东风牌,东风柳州汽车有限公司,,blank,135,135,珠海英搏尔电气股份有限公司,YY39TZ180S01,,,,,,,,,,,,Copyright © 2026 David YE
4368,409,LZ6480MME2EV,东风牌,东风柳州汽车有限公司,,blank,135,135,珠海英搏尔电气股份有限公司,YY39TZ180S01,,,,,,,,,,,,Copyright © 2026 David YE
4369,409,LZ6480MMD1EV,东风牌,东风柳州汽车有限公司,,blank,135,135,珠海英搏尔电气股份有限公司,YY39TZ180S01,,,,,,,,,,,,Copyright © 2026 David YE
4370,409,JX6511TA-L6BEV,江铃牌,江铃汽车股份有限公司,,blank,200,200,联合汽车电子有限公司,YY41TZ220232,,,,,,,,,,,,Copyright © 2026 David YE
4371,409,JX6541TB-L6BEV,江铃牌,江铃汽车股份有限公司,,blank,130,130,苏州汇川联合动力系统股份有限公司,TZ180XS133,,,,,,,,,,,,Copyright © 2026 David YE
4372,409,JX6511TB-L6BEV,江铃牌,江铃汽车股份有限公司,,blank,130,130,苏州汇川联合动力系统股份有限公司,TZ180XS133,,,,,,,,,,,,Copyright © 2026 David YE
4373,409,QCJ6520BUBEV1,腾势牌,比亚迪汽车工业有限公司,,blank,370,370,郑州比亚迪汽车有限公司,TZ226QYD,,,,,,,,,,,,Copyright © 2026 David YE
4374,409,QCJ6520BUBEV3,腾势牌,比亚迪汽车工业有限公司,,blank,270,890,深圳比亚迪汽车实业有限公司,TZ226QYA/TZ226XYB/TZ226XYB,,,,,,,,,,,,Copyright © 2026 David YE
4375,409,QCJ6520BUBEV2,腾势牌,比亚迪汽车工业有限公司,,blank,320,320,郑州比亚迪汽车有限公司,TZ226QYC,,,,,,,,,,,,Copyright © 2026 David YE
4376,409,BYD6430BZBEV3,比亚迪牌,比亚迪汽车工业有限公司,,blank,70,70,长沙市比亚迪汽车有限公司,TZ180XSF,,,,,,,,,,,,Copyright © 2026 David YE
4377,409,BJ6500A602BEV,极狐(ARCFOX)牌,北汽蓝谷麦格纳汽车有限公司,,blank,227,227,湖南中车时代电驱科技有限公司,TZ220XY410,,,,,,,,,,,,Copyright © 2026 David YE
4378,409,BJ6500A603BEV,极狐(ARCFOX)牌,北汽蓝谷麦格纳汽车有限公司,,blank,227,227,湖南中车时代电驱科技有限公司,TZ220XY410,,,,,,,,,,,,Copyright © 2026 David YE
4379,409,CC6500DL21HABEV,魏牌牌,长城汽车股份有限公司,,blank,220,540,联合汽车电子有限公司/蜂巢传动科技河北有限公司徐水分公司,YS220QY234/QT70TZ220001,,,,,,,,,,,,Copyright © 2026 David YE
4380,409,BYD6500BBBEV2,比亚迪牌,比亚迪汽车工业有限公司,,blank,300,300,西安比亚迪汽车零部件有限公司,TZ205QYD,,,,,,,,,,,,Copyright © 2026 David YE
4381,409,BYD6500BBBEV1,比亚迪牌,比亚迪汽车工业有限公司,,blank,300,300,西安比亚迪汽车零部件有限公司,TZ205QYD,,,,,,,,,,,,Copyright © 2026 David YE
4382,409,FV6485BABEV,大众牌,一汽-大众汽车有限公司,,blank,170,170,合肥巨一动力系统有限公司,EGP,,,,,,,,,,,,Copyright © 2026 David YE
4383,409,FV6485AABEV,大众牌,一汽-大众汽车有限公司,,blank,170,170,合肥巨一动力系统有限公司,EGP,,,,,,,,,,,,Copyright © 2026 David YE
4384,409,CC6440CG00HBBEV,欧拉牌,长城汽车股份有限公司,,blank,150,150,蜂巢传动科技邳州有限公司,QT36TZ220001,,,,,,,,,,,,Copyright © 2026 David YE
4385,409,BJ6530K81BEV,享界牌,北京新能源汽车股份有限公司,,blank,227,227,华为数字能源技术有限公司,后驱动电机：QT67TZ210D01,,,,,,,,,,,,Copyright © 2026 David YE
4386,409,BJ6530K811BEV,享界牌,北京新能源汽车股份有限公司,,blank,160,387,前/后：华为数字能源技术有限公司,前驱动电机：YS210XYA03/后驱动电机：QT67TZ210D01,,,,,,,,,,,,Copyright © 2026 David YE
4387,409,QCJ6460AHBEV11,方程豹牌,比亚迪汽车有限公司,,blank,240,240,西安比亚迪汽车零部件有限公司,TZ180XYD,,,,,,,,,,,,Copyright © 2026 David YE
4388,409,SKE6522DBEVA2F,问界牌,赛力斯汽车有限公司,,blank,160,387,华为数字能源技术有限公司/华为数字能源技术有限公司,YS210XYA03/QT67TZ210D01,,,,,,,,,,,,Copyright © 2026 David YE
4389,409,SKE6522DBEVA1F,问界牌,赛力斯汽车有限公司,,blank,160,387,华为数字能源技术有限公司/华为数字能源技术有限公司,YS210XYA03/QT67TZ210D01,,,,,,,,,,,,Copyright © 2026 David YE
4390,409,LXA6524BEVW02,理想牌,北京理想汽车有限公司,,blank,150,400,苏州汇川联合动力系统股份有限公司/江苏理想驱动技术有限公司,YS220XY102/TZ220XYHP1,,,,,,,,,,,,Copyright © 2026 David YE
4391,409,LXA6524BEVW01,理想牌,北京理想汽车有限公司,,blank,150,400,苏州汇川联合动力系统股份有限公司/江苏理想驱动技术有限公司,YS220XY102/TZ220XYHP1,,,,,,,,,,,,Copyright © 2026 David YE
4392,409,BYD6480CDBEV5,比亚迪牌,比亚迪汽车工业有限公司,,blank,270,270,西安比亚迪汽车零部件有限公司,TZ180XYE,,,,,,,,,,,,Copyright © 2026 David YE
4393,409,SC6440AAALBEV,长安牌,重庆长安汽车股份有限公司,,blank,120,120,重庆青山工业有限责任公司,TZ180XS002,,,,,,,,,,,,Copyright © 2026 David YE
4394,409,SC6440AAAKBEV,长安牌,重庆长安汽车股份有限公司,,blank,120,120,重庆青山工业有限责任公司,TZ180XS002,,,,,,,,,,,,Copyright © 2026 David YE
4395,409,QCJ6520APBEV1,腾势牌,比亚迪汽车工业有限公司,,blank,370,370,郑州比亚迪汽车有限公司,TZ226QYD,,,,,,,,,,,,Copyright © 2026 David YE
4396,409,BYD6480CDBEV4,比亚迪牌,比亚迪汽车工业有限公司,,blank,240,240,西安比亚迪汽车零部件有限公司,TZ180XYD,,,,,,,,,,,,Copyright © 2026 David YE
4397,409,JX6541TA-L6BEV,江铃牌,江铃汽车股份有限公司,,blank,200,200,联合汽车电子有限公司,YY41TZ220232,,,,,,,,,,,,Copyright © 2026 David YE
4398,409,TSL6480BEVBA6,特斯拉牌,特斯拉(上海)有限公司,,blank,176,467,特斯拉（上海）有限公司,TL2/4D2,,,,,,,,,,,,Copyright © 2026 David YE
4399,409,BYD6476ST6HEV14,比亚迪牌,比亚迪汽车有限公司,,blank,120,120,长沙市比亚迪汽车有限公司,TZ210QYB,,,,,,,,,,,,Copyright © 2026 David YE
4400,409,VCC6483G03WPHEV,沃尔沃牌,浙江豪情汽车制造有限公司,,blank,,,,,,,,,,,,,,,,Copyright © 2026 David YE
4401,409,QCJ6520MT6HEV14,腾势牌,比亚迪汽车工业有限公司,,blank,200,200,深圳比亚迪汽车实业有限公司,TZ210XYD,,,,,,,,,,,,Copyright © 2026 David YE
4402,409,QCJ6520MT6HEV13,腾势牌,比亚迪汽车工业有限公司,,blank,200,245,前:深圳比亚迪汽车实业有限公司/后:抚州比亚迪实业有限公司,前:TZ210XYD/后:TZ180XSN,,,,,,,,,,,,Copyright © 2026 David YE
4403,409,EQ6530AB5F2PHEV,岚图牌,东风汽车集团有限公司,,blank,150,450,宁德时代新能源科技股份有限公司,,,,,,,,,,,,,Copyright © 2026 David YE
4404,409,MR6511DCHEV114,吉利牌,浙江吉利汽车有限公司,,blank,,,,,,,,,,,,,,,,Copyright © 2026 David YE
4405,409,MR6511DCHEV113,吉利牌,浙江吉利汽车有限公司,,blank,,,,,,,,,,,,,,,,Copyright © 2026 David YE
4406,409,QCJ6500BG6HEV16,方程豹牌,比亚迪汽车工业有限公司,,blank,200,200,郑州比亚迪汽车有限公司,TZ210XYD,,,,,,,,,,,,Copyright © 2026 David YE
4407,409,QCJ6500BG6HEV15,方程豹牌,比亚迪汽车工业有限公司,,blank,160,360,前:郑州比亚迪汽车有限公司/后:博格华纳汽车零部件（武汉）有限公司,前:TZ210XYC/后:TZ210XS004,,,,,,,,,,,,Copyright © 2026 David YE
4408,409,QCJ6500BG6HEV14,方程豹牌,比亚迪汽车工业有限公司,,blank,200,200,郑州比亚迪汽车有限公司,TZ210XYD/生产企业:郑州比亚迪汽车有限公司,,,,,,,,,,,,Copyright © 2026 David YE
4409,409,QCJ6500BG6HEV13,方程豹牌,比亚迪汽车工业有限公司,,blank,160,360,前:郑州比亚迪汽车有限公司/后:西安比亚迪汽车零部件有限公司,前:TZ210XYC/后:TZ200XSAE,,,,,,,,,,,,Copyright © 2026 David YE
4410,409,SKE6522DREEVA1F,问界牌,赛力斯汽车有限公司,,blank,170,397,,,,,,,,,,,,,,Copyright © 2026 David YE
4411,409,SQR6540REEVEHV4,智界牌,奇瑞汽车股份有限公司,,blank,,,,,,,,,,,,,,,,Copyright © 2026 David YE
4412,409,AHC6510SHEVX0C,启境牌,广汽埃安新能源汽车股份有限公司,,blank,,,,,,,,,,,,,,,,Copyright © 2026 David YE
4413,409,AHC6510SHEVX0B,启境牌,广汽埃安新能源汽车股份有限公司,,blank,,,,,,,,,,,,,,,,Copyright © 2026 David YE
4414,409,AHC6510SHEVX0A,启境牌,广汽埃安新能源汽车股份有限公司,,blank,,,,,,,,,,,,,,,,Copyright © 2026 David YE
4415,409,SQR6540REEVEHV3,智界牌,奇瑞汽车股份有限公司,,blank,,,,,,,,,,,,,,,,Copyright © 2026 David YE
4416,409,XMA6500KREEVF3,小米牌,小米汽车科技有限公司,,blank,210,,,,,,,,,,,,,,,Copyright © 2026 David YE
4417,409,XMA6500KREEVA1,小米牌,小米汽车科技有限公司,,blank,210,310,,,,,,,,,,,,,,Copyright © 2026 David YE
4418,409,SKE6501DREEVR2,问界牌,赛力斯汽车有限公司,,blank,227,227,,,,,,,,,,,,,,Copyright © 2026 David YE
4419,409,SKE6501DREEVR1,问界牌,赛力斯汽车有限公司,,blank,227,227,,,,,,,,,,,,,,Copyright © 2026 David YE
4420,409,BJ6500A601RSHEV,极狐(ARCFOX)牌,北汽蓝谷麦格纳汽车有限公司,,blank,200,200,WBTL WCBS 1,/生产企业:WBTL WCBS 1,,,,,,,,,,,,Copyright © 2026 David YE
4421,409,NEQ6460REEVS59DA,爱咖牌,奇瑞新能源汽车股份有限公司,,blank,,,,,,,,,,,,,,,,Copyright © 2026 David YE
4422,409,BJ6530K815RSHEV,享界牌,北京新能源汽车股份有限公司,,blank,160,387,,,,,,,,,,,,,,Copyright © 2026 David YE
4423,409,BJ6530K811RSHEV,享界牌,北京新能源汽车股份有限公司,,blank,227,227,,,,,,,,,,,,,,Copyright © 2026 David YE
4424,409,BJ6530K812RSHEV,享界牌,北京新能源汽车股份有限公司,,blank,160,387,,,,,,,,,,,,,,Copyright © 2026 David YE
4425,409,SKE6522DREEVA2F,问界牌,赛力斯汽车有限公司,,blank,170,397,,,,,,,,,,,,,,Copyright © 2026 David YE
4426,409,NEQ6460REEVS59DB,爱咖牌,奇瑞新能源汽车股份有限公司,,blank,,,,,,,,,,,,,,,,Copyright © 2026 David YE
4427,409,XMA6530KREEVA1,小米牌,小米汽车科技有限公司,,blank,210,310,,,,,,,,,,,,,,Copyright © 2026 David YE
4428,409,CA7002B0EVE,一汽牌,中国第一汽车集团有限公司,,blank,30,30,山东双林新能源科技有限公司,TZ155XZ030,,,,,,,,,,,,Copyright © 2026 David YE
4429,409,CA7002B0EVD,一汽牌,中国第一汽车集团有限公司,,blank,30,30,山东双林新能源科技有限公司,TZ155XZ030,,,,,,,,,,,,Copyright © 2026 David YE
4430,409,CA7002B0EVC,一汽牌,中国第一汽车集团有限公司,,blank,30,30,山东双林新能源科技有限公司,TZ155XZ030,,,,,,,,,,,,Copyright © 2026 David YE
4431,409,CA7002B0EVB,一汽牌,中国第一汽车集团有限公司,,blank,30,30,山东双林新能源科技有限公司,TZ155XZ030,,,,,,,,,,,,Copyright © 2026 David YE
4432,409,CA7002B0EVA,一汽牌,中国第一汽车集团有限公司,,blank,30,30,山东双林新能源科技有限公司,TZ155XZ030,,,,,,,,,,,,Copyright © 2026 David YE
4433,409,AHC7000BEVW0C,启境牌,广汽埃安新能源汽车股份有限公司,,blank,165,565,联合汽车电子有限公司/广州祺盛动力总成有限公司/广州祺盛动力总成有限公司,YS220QY234/TZ220XYF031/TZ220XYF031,,,,,,,,,,,,Copyright © 2026 David YE
4434,409,QCJ7000ANBEV3,腾势牌,比亚迪汽车工业有限公司,,blank,320,320,郑州比亚迪汽车有限公司,TZ226QYC,,,,,,,,,,,,Copyright © 2026 David YE
4435,409,QCJ7000ANBEV4,腾势牌,比亚迪汽车工业有限公司,,blank,370,370,郑州比亚迪汽车有限公司,TZ226QYD,,,,,,,,,,,,Copyright © 2026 David YE
4436,409,SC7000AABXBEV,长安牌,重庆铃耀汽车有限公司,,blank,200,200,重庆长安汽车股份有限公司,XTDM79,,,,,,,,,,,,Copyright © 2026 David YE
4437,409,SC7000AAAWBEV,长安牌,重庆铃耀汽车有限公司,,blank,120,120,重庆青山工业有限责任公司,TZ180XS002,,,,,,,,,,,,Copyright © 2026 David YE
4438,409,SC7000AAAYBEV,长安牌,重庆铃耀汽车有限公司,,blank,120,120,重庆青山工业有限责任公司,TZ180XS002,,,,,,,,,,,,Copyright © 2026 David YE
4439,409,SC7000AACRBEV,长安牌,重庆长安汽车股份有限公司,,blank,245,245,重庆青山工业有限责任公司,TZ190XY008,,,,,,,,,,,,Copyright © 2026 David YE
4440,409,FV7000BBABEV,捷达(JETTA)牌,一汽-大众汽车有限公司,,blank,145,145,湖南中车时代电驱科技有限公司,TZ220XYEBJ,,,,,,,,,,,,Copyright © 2026 David YE
4441,409,FV7000AAABEV,捷达(JETTA)牌,一汽-大众汽车有限公司,,blank,113,113,湖南中车时代电驱科技有限公司,TZ220XYEBL,,,,,,,,,,,,Copyright © 2026 David YE
4442,409,FV7000AABBEV,捷达(JETTA)牌,一汽-大众汽车有限公司,,blank,113,113,湖南中车时代电驱科技有限公司,TZ220XYEBL,,,,,,,,,,,,Copyright © 2026 David YE
4443,409,CA7001H0BEVXK,红旗牌,中国第一汽车集团有限公司,,blank,190,530,中国第一汽车集团有限公司,CAM190PT3/CAM220PT9,,,,,,,,,,,,Copyright © 2026 David YE
4444,409,CA7001H0BEVK,红旗牌,中国第一汽车集团有限公司,,blank,340,340,中国第一汽车集团有限公司,CAM220PT9,,,,,,,,,,,,Copyright © 2026 David YE
4445,409,FV7000BBBBEV,捷达(JETTA)牌,一汽-大众汽车有限公司,,blank,145,145,湖南中车时代电驱科技有限公司,TZ220XYEBJ,,,,,,,,,,,,Copyright © 2026 David YE
4446,409,CA7001H0BEVG,红旗牌,中国第一汽车集团有限公司,,blank,340,340,中国第一汽车集团有限公司,CAM220PT9,,,,,,,,,,,,Copyright © 2026 David YE
4447,409,SC7000AAAXBEV,长安牌,重庆铃耀汽车有限公司,,blank,120,120,重庆青山工业有限责任公司,TZ180XS002,,,,,,,,,,,,Copyright © 2026 David YE
4448,409,BJ7000T66SBEV,极狐牌,北京新能源汽车股份有限公司,,blank,159,159,北京海浩动力系统有限公司,TZ180XS480,,,,,,,,,,,,Copyright © 2026 David YE
4449,409,VWA70022BEV2,大众汽车牌,大众汽车（安徽）有限公司,,blank,230,230,大众汽车自动变速器（天津）有限公司,EDF,,,,,,,,,,,,Copyright © 2026 David YE
4450,409,VWA70023BEV1,大众汽车牌,大众汽车（安徽）有限公司,,blank,140,370,大众汽车自动变速器（天津）有限公司,EFM/EDF,,,,,,,,,,,,Copyright © 2026 David YE
4451,409,BYD7000CFBEV2,比亚迪牌,比亚迪汽车工业有限公司,,blank,95,95,郑州比亚迪汽车有限公司,TZ164XYB,,,,,,,,,,,,Copyright © 2026 David YE
4452,409,BYD7000CFBEV1,比亚迪牌,比亚迪汽车工业有限公司,,blank,95,95,郑州比亚迪汽车有限公司,TZ164XYB,,,,,,,,,,,,Copyright © 2026 David YE
4453,409,BYD7153WT6HEV13,比亚迪牌,比亚迪汽车工业有限公司,,blank,120,120,长沙市比亚迪汽车有限公司,TZ210QYA,,,,,,,,,,,,Copyright © 2026 David YE
4454,409,BYD7153WT6HEV14,比亚迪牌,比亚迪汽车工业有限公司,,blank,120,120,长沙市比亚迪汽车有限公司,TZ210QYA,,,,,,,,,,,,Copyright © 2026 David YE
4455,409,SC7150AABK6HEV,长安牌,重庆长安汽车股份有限公司,,blank,180,180,,ATDM09,,,,,,,,,,,,Copyright © 2026 David YE
4456,409,AHC7150SHEVW0A,启境牌,广汽埃安新能源汽车股份有限公司,,blank,,,,,,,,,,,,,,,,Copyright © 2026 David YE
4457,409,CA7159B6SHEVB,一汽牌,中国第一汽车集团有限公司,,blank,,,,,,,,,,,,,,,,Copyright © 2026 David YE
4458,409,EQ6500MS5F2PHEV,猛士牌,东风汽车集团有限公司,,blank,,,,,,,,,,,,,,,,Copyright © 2026 David YE
4459,409,EQ6500MS5F1PHEV,猛士牌,东风汽车集团有限公司,,blank,,,,,,,,,,,,,,,,Copyright © 2026 David YE
4460,409,CSA6494HFSHEV3,荣威牌,上海汽车集团股份有限公司,,blank,180,180,,,,,,,,,,,,,,Copyright © 2026 David YE
