excel_row,batch,product_model,field,current_value,candidate_value,source_rows,source_batches,evidence_tier,method,confidence,copyright
197,345,HQ7002BEV78,车型名称,,吉利车型,48,342,C-same-model,同一产品型号跨批次非空值唯一一致,medium,Copyright © 2026 David YE
197,345,HQ7002BEV78,产品类型,,纯电动轿车,48,342,C-same-model,同一产品型号跨批次非空值唯一一致,medium,Copyright © 2026 David YE
197,345,HQ7002BEV78,细分市场,,Car-C,48,342,C-same-model,同一产品型号跨批次非空值唯一一致,medium,Copyright © 2026 David YE
197,345,HQ7002BEV78,轴距(mm),,2700,48,342,C-same-model,同一产品型号跨批次非空值唯一一致,medium,Copyright © 2026 David YE
48,342,HQ7002BEV78,电机生产企业,,日本电产汽车马达,197,345,C-same-model,同一产品型号跨批次非空值唯一一致,medium,Copyright © 2026 David YE
197,345,HQ7002BEV78,综合油耗(L/100km),,不适用(BEV),48,342,C-same-model,同一产品型号跨批次非空值唯一一致,medium,Copyright © 2026 David YE
197,345,HQ7002BEV78,B状态油耗(L/100km),,不适用(BEV),48,342,C-same-model,同一产品型号跨批次非空值唯一一致,medium,Copyright © 2026 David YE
197,345,HQ7002BEV78,发动机排量(mL),,不适用(BEV),48,342,C-same-model,同一产品型号跨批次非空值唯一一致,medium,Copyright © 2026 David YE
197,345,HQ7002BEV78,发动机功率(kW),,不适用(BEV),48,342,C-same-model,同一产品型号跨批次非空值唯一一致,medium,Copyright © 2026 David YE
197,345,HQ7002BEV78,发动机生产企业,,不适用(BEV),48,342,C-same-model,同一产品型号跨批次非空值唯一一致,medium,Copyright © 2026 David YE
197,345,HQ7002BEV78,发动机型号,,不适用(BEV),48,342,C-same-model,同一产品型号跨批次非空值唯一一致,medium,Copyright © 2026 David YE
204,345,MR7002BEV28,车型名称,,银河A7,53,342,C-same-model,同一产品型号跨批次非空值唯一一致,medium,Copyright © 2026 David YE
204,345,MR7002BEV28,产品类型,,纯电动轿车,53,342,C-same-model,同一产品型号跨批次非空值唯一一致,medium,Copyright © 2026 David YE
204,345,MR7002BEV28,细分市场,,Car-C,53,342,C-same-model,同一产品型号跨批次非空值唯一一致,medium,Copyright © 2026 David YE
204,345,MR7002BEV28,轴距(mm),,2845,53,342,C-same-model,同一产品型号跨批次非空值唯一一致,medium,Copyright © 2026 David YE
53,342,MR7002BEV28,电机生产企业,,日本电产汽车马达,204,345,C-same-model,同一产品型号跨批次非空值唯一一致,medium,Copyright © 2026 David YE
204,345,MR7002BEV28,综合油耗(L/100km),,不适用(BEV),53,342,C-same-model,同一产品型号跨批次非空值唯一一致,medium,Copyright © 2026 David YE
204,345,MR7002BEV28,B状态油耗(L/100km),,不适用(BEV),53,342,C-same-model,同一产品型号跨批次非空值唯一一致,medium,Copyright © 2026 David YE
204,345,MR7002BEV28,发动机排量(mL),,不适用(BEV),53,342,C-same-model,同一产品型号跨批次非空值唯一一致,medium,Copyright © 2026 David YE
204,345,MR7002BEV28,发动机功率(kW),,不适用(BEV),53,342,C-same-model,同一产品型号跨批次非空值唯一一致,medium,Copyright © 2026 David YE
204,345,MR7002BEV28,发动机生产企业,,不适用(BEV),53,342,C-same-model,同一产品型号跨批次非空值唯一一致,medium,Copyright © 2026 David YE
204,345,MR7002BEV28,发动机型号,,不适用(BEV),53,342,C-same-model,同一产品型号跨批次非空值唯一一致,medium,Copyright © 2026 David YE
196,345,HQ7002BEV76,车型名称,,吉利车型,95,343,C-same-model,同一产品型号跨批次非空值唯一一致,medium,Copyright © 2026 David YE
196,345,HQ7002BEV76,产品类型,,纯电动轿车,95,343,C-same-model,同一产品型号跨批次非空值唯一一致,medium,Copyright © 2026 David YE
196,345,HQ7002BEV76,轴距(mm),,2700,95,343,C-same-model,同一产品型号跨批次非空值唯一一致,medium,Copyright © 2026 David YE
95,343,HQ7002BEV76,电机生产企业,,格雷博智能动力,196,345,C-same-model,同一产品型号跨批次非空值唯一一致,medium,Copyright © 2026 David YE
196,345,HQ7002BEV76,综合油耗(L/100km),,不适用(BEV),95,343,C-same-model,同一产品型号跨批次非空值唯一一致,medium,Copyright © 2026 David YE
196,345,HQ7002BEV76,B状态油耗(L/100km),,不适用(BEV),95,343,C-same-model,同一产品型号跨批次非空值唯一一致,medium,Copyright © 2026 David YE
196,345,HQ7002BEV76,发动机排量(mL),,不适用(BEV),95,343,C-same-model,同一产品型号跨批次非空值唯一一致,medium,Copyright © 2026 David YE
196,345,HQ7002BEV76,发动机功率(kW),,不适用(BEV),95,343,C-same-model,同一产品型号跨批次非空值唯一一致,medium,Copyright © 2026 David YE
196,345,HQ7002BEV76,发动机生产企业,,不适用(BEV),95,343,C-same-model,同一产品型号跨批次非空值唯一一致,medium,Copyright © 2026 David YE
196,345,HQ7002BEV76,发动机型号,,不适用(BEV),95,343,C-same-model,同一产品型号跨批次非空值唯一一致,medium,Copyright © 2026 David YE
169,344,VCC7002F02VBEV,产品类型,,纯电动轿车,121,343,C-same-model,同一产品型号跨批次非空值唯一一致,medium,Copyright © 2026 David YE
121,343,VCC7002F02VBEV,电机生产企业,,法雷奥西门子,169,344,C-same-model,同一产品型号跨批次非空值唯一一致,medium,Copyright © 2026 David YE
169,344,VCC7002F02VBEV,综合油耗(L/100km),,不适用(BEV),121,343,C-same-model,同一产品型号跨批次非空值唯一一致,medium,Copyright © 2026 David YE
169,344,VCC7002F02VBEV,B状态油耗(L/100km),,不适用(BEV),121,343,C-same-model,同一产品型号跨批次非空值唯一一致,medium,Copyright © 2026 David YE
169,344,VCC7002F02VBEV,发动机排量(mL),,不适用(BEV),121,343,C-same-model,同一产品型号跨批次非空值唯一一致,medium,Copyright © 2026 David YE
169,344,VCC7002F02VBEV,发动机功率(kW),,不适用(BEV),121,343,C-same-model,同一产品型号跨批次非空值唯一一致,medium,Copyright © 2026 David YE
169,344,VCC7002F02VBEV,发动机生产企业,,不适用(BEV),121,343,C-same-model,同一产品型号跨批次非空值唯一一致,medium,Copyright © 2026 David YE
169,344,VCC7002F02VBEV,发动机型号,,不适用(BEV),121,343,C-same-model,同一产品型号跨批次非空值唯一一致,medium,Copyright © 2026 David YE
170,344,VCC7002F03VBEV,产品类型,,纯电动轿车,122,343,C-same-model,同一产品型号跨批次非空值唯一一致,medium,Copyright © 2026 David YE
122,343,VCC7002F03VBEV,电机生产企业,,法雷奥西门子,170,344,C-same-model,同一产品型号跨批次非空值唯一一致,medium,Copyright © 2026 David YE
170,344,VCC7002F03VBEV,综合油耗(L/100km),,不适用(BEV),122,343,C-same-model,同一产品型号跨批次非空值唯一一致,medium,Copyright © 2026 David YE
170,344,VCC7002F03VBEV,B状态油耗(L/100km),,不适用(BEV),122,343,C-same-model,同一产品型号跨批次非空值唯一一致,medium,Copyright © 2026 David YE
170,344,VCC7002F03VBEV,发动机排量(mL),,不适用(BEV),122,343,C-same-model,同一产品型号跨批次非空值唯一一致,medium,Copyright © 2026 David YE
170,344,VCC7002F03VBEV,发动机功率(kW),,不适用(BEV),122,343,C-same-model,同一产品型号跨批次非空值唯一一致,medium,Copyright © 2026 David YE
170,344,VCC7002F03VBEV,发动机生产企业,,不适用(BEV),122,343,C-same-model,同一产品型号跨批次非空值唯一一致,medium,Copyright © 2026 David YE
170,344,VCC7002F03VBEV,发动机型号,,不适用(BEV),122,343,C-same-model,同一产品型号跨批次非空值唯一一致,medium,Copyright © 2026 David YE
171,344,VCC7002F04VBEV,产品类型,,纯电动轿车,123,343,C-same-model,同一产品型号跨批次非空值唯一一致,medium,Copyright © 2026 David YE
123,343,VCC7002F04VBEV,电机生产企业,,法雷奥西门子,171,344,C-same-model,同一产品型号跨批次非空值唯一一致,medium,Copyright © 2026 David YE
171,344,VCC7002F04VBEV,综合油耗(L/100km),,不适用(BEV),123,343,C-same-model,同一产品型号跨批次非空值唯一一致,medium,Copyright © 2026 David YE
171,344,VCC7002F04VBEV,B状态油耗(L/100km),,不适用(BEV),123,343,C-same-model,同一产品型号跨批次非空值唯一一致,medium,Copyright © 2026 David YE
171,344,VCC7002F04VBEV,发动机排量(mL),,不适用(BEV),123,343,C-same-model,同一产品型号跨批次非空值唯一一致,medium,Copyright © 2026 David YE
171,344,VCC7002F04VBEV,发动机功率(kW),,不适用(BEV),123,343,C-same-model,同一产品型号跨批次非空值唯一一致,medium,Copyright © 2026 David YE
171,344,VCC7002F04VBEV,发动机生产企业,,不适用(BEV),123,343,C-same-model,同一产品型号跨批次非空值唯一一致,medium,Copyright © 2026 David YE
171,344,VCC7002F04VBEV,发动机型号,,不适用(BEV),123,343,C-same-model,同一产品型号跨批次非空值唯一一致,medium,Copyright © 2026 David YE
172,344,VCC7002F05VBEV,产品类型,,纯电动轿车,124,343,C-same-model,同一产品型号跨批次非空值唯一一致,medium,Copyright © 2026 David YE
124,343,VCC7002F05VBEV,电机生产企业,,法雷奥西门子,172,344,C-same-model,同一产品型号跨批次非空值唯一一致,medium,Copyright © 2026 David YE
172,344,VCC7002F05VBEV,综合油耗(L/100km),,不适用(BEV),124,343,C-same-model,同一产品型号跨批次非空值唯一一致,medium,Copyright © 2026 David YE
172,344,VCC7002F05VBEV,B状态油耗(L/100km),,不适用(BEV),124,343,C-same-model,同一产品型号跨批次非空值唯一一致,medium,Copyright © 2026 David YE
172,344,VCC7002F05VBEV,发动机排量(mL),,不适用(BEV),124,343,C-same-model,同一产品型号跨批次非空值唯一一致,medium,Copyright © 2026 David YE
172,344,VCC7002F05VBEV,发动机功率(kW),,不适用(BEV),124,343,C-same-model,同一产品型号跨批次非空值唯一一致,medium,Copyright © 2026 David YE
172,344,VCC7002F05VBEV,发动机生产企业,,不适用(BEV),124,343,C-same-model,同一产品型号跨批次非空值唯一一致,medium,Copyright © 2026 David YE
172,344,VCC7002F05VBEV,发动机型号,,不适用(BEV),124,343,C-same-model,同一产品型号跨批次非空值唯一一致,medium,Copyright © 2026 David YE
173,344,VCC7002F07VBEV,产品类型,,纯电动轿车,125,343,C-same-model,同一产品型号跨批次非空值唯一一致,medium,Copyright © 2026 David YE
125,343,VCC7002F07VBEV,电机生产企业,,法雷奥西门子,173,344,C-same-model,同一产品型号跨批次非空值唯一一致,medium,Copyright © 2026 David YE
173,344,VCC7002F07VBEV,综合油耗(L/100km),,不适用(BEV),125,343,C-same-model,同一产品型号跨批次非空值唯一一致,medium,Copyright © 2026 David YE
173,344,VCC7002F07VBEV,B状态油耗(L/100km),,不适用(BEV),125,343,C-same-model,同一产品型号跨批次非空值唯一一致,medium,Copyright © 2026 David YE
173,344,VCC7002F07VBEV,发动机排量(mL),,不适用(BEV),125,343,C-same-model,同一产品型号跨批次非空值唯一一致,medium,Copyright © 2026 David YE
173,344,VCC7002F07VBEV,发动机功率(kW),,不适用(BEV),125,343,C-same-model,同一产品型号跨批次非空值唯一一致,medium,Copyright © 2026 David YE
173,344,VCC7002F07VBEV,发动机生产企业,,不适用(BEV),125,343,C-same-model,同一产品型号跨批次非空值唯一一致,medium,Copyright © 2026 David YE
173,344,VCC7002F07VBEV,发动机型号,,不适用(BEV),125,343,C-same-model,同一产品型号跨批次非空值唯一一致,medium,Copyright © 2026 David YE
174,344,VCC7002F08VBEV,产品类型,,纯电动轿车,126,343,C-same-model,同一产品型号跨批次非空值唯一一致,medium,Copyright © 2026 David YE
126,343,VCC7002F08VBEV,电机生产企业,,法雷奥西门子,174,344,C-same-model,同一产品型号跨批次非空值唯一一致,medium,Copyright © 2026 David YE
174,344,VCC7002F08VBEV,综合油耗(L/100km),,不适用(BEV),126,343,C-same-model,同一产品型号跨批次非空值唯一一致,medium,Copyright © 2026 David YE
174,344,VCC7002F08VBEV,B状态油耗(L/100km),,不适用(BEV),126,343,C-same-model,同一产品型号跨批次非空值唯一一致,medium,Copyright © 2026 David YE
174,344,VCC7002F08VBEV,发动机排量(mL),,不适用(BEV),126,343,C-same-model,同一产品型号跨批次非空值唯一一致,medium,Copyright © 2026 David YE
174,344,VCC7002F08VBEV,发动机功率(kW),,不适用(BEV),126,343,C-same-model,同一产品型号跨批次非空值唯一一致,medium,Copyright © 2026 David YE
174,344,VCC7002F08VBEV,发动机生产企业,,不适用(BEV),126,343,C-same-model,同一产品型号跨批次非空值唯一一致,medium,Copyright © 2026 David YE
174,344,VCC7002F08VBEV,发动机型号,,不适用(BEV),126,343,C-same-model,同一产品型号跨批次非空值唯一一致,medium,Copyright © 2026 David YE
181,345,BQ6460NY1BEV,产品类型,,纯电动多用途乘用车,144,344,C-same-model,同一产品型号跨批次非空值唯一一致,medium,Copyright © 2026 David YE
144,344,BQ6460NY1BEV,电机生产企业,,大地和电气,181,345,C-same-model,同一产品型号跨批次非空值唯一一致,medium,Copyright © 2026 David YE
181,345,BQ6460NY1BEV,综合油耗(L/100km),,不适用(BEV),144,344,C-same-model,同一产品型号跨批次非空值唯一一致,medium,Copyright © 2026 David YE
181,345,BQ6460NY1BEV,B状态油耗(L/100km),,不适用(BEV),144,344,C-same-model,同一产品型号跨批次非空值唯一一致,medium,Copyright © 2026 David YE
181,345,BQ6460NY1BEV,发动机排量(mL),,不适用(BEV),144,344,C-same-model,同一产品型号跨批次非空值唯一一致,medium,Copyright © 2026 David YE
181,345,BQ6460NY1BEV,发动机功率(kW),,不适用(BEV),144,344,C-same-model,同一产品型号跨批次非空值唯一一致,medium,Copyright © 2026 David YE
181,345,BQ6460NY1BEV,发动机生产企业,,不适用(BEV),144,344,C-same-model,同一产品型号跨批次非空值唯一一致,medium,Copyright © 2026 David YE
181,345,BQ6460NY1BEV,发动机型号,,不适用(BEV),144,344,C-same-model,同一产品型号跨批次非空值唯一一致,medium,Copyright © 2026 David YE
218,345,THZ6451BEVS307,车型名称,,哪吒,167,344,C-same-model,同一产品型号跨批次非空值唯一一致,medium,Copyright © 2026 David YE
218,345,THZ6451BEVS307,产品类型,,纯电动多用途乘用车,167,344,C-same-model,同一产品型号跨批次非空值唯一一致,medium,Copyright © 2026 David YE
218,345,THZ6451BEVS307,轴距(mm),,2770,167,344,C-same-model,同一产品型号跨批次非空值唯一一致,medium,Copyright © 2026 David YE
167,344,THZ6451BEVS307,电机生产企业,,菲仕绿能科技,218,345,C-same-model,同一产品型号跨批次非空值唯一一致,medium,Copyright © 2026 David YE
218,345,THZ6451BEVS307,综合油耗(L/100km),,不适用(BEV),167,344,C-same-model,同一产品型号跨批次非空值唯一一致,medium,Copyright © 2026 David YE
218,345,THZ6451BEVS307,B状态油耗(L/100km),,不适用(BEV),167,344,C-same-model,同一产品型号跨批次非空值唯一一致,medium,Copyright © 2026 David YE
218,345,THZ6451BEVS307,发动机排量(mL),,不适用(BEV),167,344,C-same-model,同一产品型号跨批次非空值唯一一致,medium,Copyright © 2026 David YE
218,345,THZ6451BEVS307,发动机功率(kW),,不适用(BEV),167,344,C-same-model,同一产品型号跨批次非空值唯一一致,medium,Copyright © 2026 David YE
218,345,THZ6451BEVS307,发动机生产企业,,不适用(BEV),167,344,C-same-model,同一产品型号跨批次非空值唯一一致,medium,Copyright © 2026 David YE
218,345,THZ6451BEVS307,发动机型号,,不适用(BEV),167,344,C-same-model,同一产品型号跨批次非空值唯一一致,medium,Copyright © 2026 David YE
805,357,HKL6540MBEV,产品类型,,纯电动多用途乘用车,276,346,C-same-model,同一产品型号跨批次非空值唯一一致,medium,Copyright © 2026 David YE
276,346,HKL6540MBEV,细分市场,,MPV,805,357,C-same-model,同一产品型号跨批次非空值唯一一致,medium,Copyright © 2026 David YE
805,357,HKL6540MBEV,综合油耗(L/100km),,不适用(BEV),276,346,C-same-model,同一产品型号跨批次非空值唯一一致,medium,Copyright © 2026 David YE
805,357,HKL6540MBEV,B状态油耗(L/100km),,不适用(BEV),276,346,C-same-model,同一产品型号跨批次非空值唯一一致,medium,Copyright © 2026 David YE
805,357,HKL6540MBEV,发动机排量(mL),,不适用(BEV),276,346,C-same-model,同一产品型号跨批次非空值唯一一致,medium,Copyright © 2026 David YE
805,357,HKL6540MBEV,发动机功率(kW),,不适用(BEV),276,346,C-same-model,同一产品型号跨批次非空值唯一一致,medium,Copyright © 2026 David YE
805,357,HKL6540MBEV,发动机生产企业,,不适用(BEV),276,346,C-same-model,同一产品型号跨批次非空值唯一一致,medium,Copyright © 2026 David YE
805,357,HKL6540MBEV,发动机型号,,不适用(BEV),276,346,C-same-model,同一产品型号跨批次非空值唯一一致,medium,Copyright © 2026 David YE
468,349,SQR6481BEVF11,产品类型,,换电式纯电动多用途乘用车,300,346,C-same-model,同一产品型号跨批次非空值唯一一致,medium,Copyright © 2026 David YE
300,346,SQR6481BEVF11,细分市场,,SUV-C,468,349,C-same-model,同一产品型号跨批次非空值唯一一致,medium,Copyright © 2026 David YE
468,349,SQR6481BEVF11,综合油耗(L/100km),,不适用(BEV),300,346,C-same-model,同一产品型号跨批次非空值唯一一致,medium,Copyright © 2026 David YE
468,349,SQR6481BEVF11,B状态油耗(L/100km),,不适用(BEV),300,346,C-same-model,同一产品型号跨批次非空值唯一一致,medium,Copyright © 2026 David YE
468,349,SQR6481BEVF11,发动机排量(mL),,不适用(BEV),300,346,C-same-model,同一产品型号跨批次非空值唯一一致,medium,Copyright © 2026 David YE
468,349,SQR6481BEVF11,发动机功率(kW),,不适用(BEV),300,346,C-same-model,同一产品型号跨批次非空值唯一一致,medium,Copyright © 2026 David YE
468,349,SQR6481BEVF11,发动机生产企业,,不适用(BEV),300,346,C-same-model,同一产品型号跨批次非空值唯一一致,medium,Copyright © 2026 David YE
468,349,SQR6481BEVF11,发动机型号,,不适用(BEV),300,346,C-same-model,同一产品型号跨批次非空值唯一一致,medium,Copyright © 2026 David YE
448,349,GAM6460BEVM0A,产品类型,,纯电动多用途乘用车,334,347,C-same-model,同一产品型号跨批次非空值唯一一致,medium,Copyright © 2026 David YE
448,349,GAM6460BEVM0A,综合油耗(L/100km),,不适用(BEV),334,347,C-same-model,同一产品型号跨批次非空值唯一一致,medium,Copyright © 2026 David YE
448,349,GAM6460BEVM0A,B状态油耗(L/100km),,不适用(BEV),334,347,C-same-model,同一产品型号跨批次非空值唯一一致,medium,Copyright © 2026 David YE
448,349,GAM6460BEVM0A,发动机排量(mL),,不适用(BEV),334,347,C-same-model,同一产品型号跨批次非空值唯一一致,medium,Copyright © 2026 David YE
448,349,GAM6460BEVM0A,发动机功率(kW),,不适用(BEV),334,347,C-same-model,同一产品型号跨批次非空值唯一一致,medium,Copyright © 2026 David YE
448,349,GAM6460BEVM0A,发动机生产企业,,不适用(BEV),334,347,C-same-model,同一产品型号跨批次非空值唯一一致,medium,Copyright © 2026 David YE
448,349,GAM6460BEVM0A,发动机型号,,不适用(BEV),334,347,C-same-model,同一产品型号跨批次非空值唯一一致,medium,Copyright © 2026 David YE
449,349,GAM6460BEVM0B,产品类型,,纯电动多用途乘用车,335,347,C-same-model,同一产品型号跨批次非空值唯一一致,medium,Copyright © 2026 David YE
449,349,GAM6460BEVM0B,综合油耗(L/100km),,不适用(BEV),335,347,C-same-model,同一产品型号跨批次非空值唯一一致,medium,Copyright © 2026 David YE
449,349,GAM6460BEVM0B,B状态油耗(L/100km),,不适用(BEV),335,347,C-same-model,同一产品型号跨批次非空值唯一一致,medium,Copyright © 2026 David YE
449,349,GAM6460BEVM0B,发动机排量(mL),,不适用(BEV),335,347,C-same-model,同一产品型号跨批次非空值唯一一致,medium,Copyright © 2026 David YE
449,349,GAM6460BEVM0B,发动机功率(kW),,不适用(BEV),335,347,C-same-model,同一产品型号跨批次非空值唯一一致,medium,Copyright © 2026 David YE
449,349,GAM6460BEVM0B,发动机生产企业,,不适用(BEV),335,347,C-same-model,同一产品型号跨批次非空值唯一一致,medium,Copyright © 2026 David YE
449,349,GAM6460BEVM0B,发动机型号,,不适用(BEV),335,347,C-same-model,同一产品型号跨批次非空值唯一一致,medium,Copyright © 2026 David YE
450,349,GAM6460BEVM0E,产品类型,,纯电动多用途乘用车,336,347,C-same-model,同一产品型号跨批次非空值唯一一致,medium,Copyright © 2026 David YE
450,349,GAM6460BEVM0E,综合油耗(L/100km),,不适用(BEV),336,347,C-same-model,同一产品型号跨批次非空值唯一一致,medium,Copyright © 2026 David YE
450,349,GAM6460BEVM0E,B状态油耗(L/100km),,不适用(BEV),336,347,C-same-model,同一产品型号跨批次非空值唯一一致,medium,Copyright © 2026 David YE
450,349,GAM6460BEVM0E,发动机排量(mL),,不适用(BEV),336,347,C-same-model,同一产品型号跨批次非空值唯一一致,medium,Copyright © 2026 David YE
450,349,GAM6460BEVM0E,发动机功率(kW),,不适用(BEV),336,347,C-same-model,同一产品型号跨批次非空值唯一一致,medium,Copyright © 2026 David YE
450,349,GAM6460BEVM0E,发动机生产企业,,不适用(BEV),336,347,C-same-model,同一产品型号跨批次非空值唯一一致,medium,Copyright © 2026 David YE
450,349,GAM6460BEVM0E,发动机型号,,不适用(BEV),336,347,C-same-model,同一产品型号跨批次非空值唯一一致,medium,Copyright © 2026 David YE
418,348,SZS7000A05BEV,产品类型,,纯电动轿车,363,347,C-same-model,同一产品型号跨批次非空值唯一一致,medium,Copyright © 2026 David YE
418,348,SZS7000A05BEV,综合油耗(L/100km),,不适用(BEV),363,347,C-same-model,同一产品型号跨批次非空值唯一一致,medium,Copyright © 2026 David YE
418,348,SZS7000A05BEV,B状态油耗(L/100km),,不适用(BEV),363,347,C-same-model,同一产品型号跨批次非空值唯一一致,medium,Copyright © 2026 David YE
418,348,SZS7000A05BEV,发动机排量(mL),,不适用(BEV),363,347,C-same-model,同一产品型号跨批次非空值唯一一致,medium,Copyright © 2026 David YE
418,348,SZS7000A05BEV,发动机功率(kW),,不适用(BEV),363,347,C-same-model,同一产品型号跨批次非空值唯一一致,medium,Copyright © 2026 David YE
418,348,SZS7000A05BEV,发动机生产企业,,不适用(BEV),363,347,C-same-model,同一产品型号跨批次非空值唯一一致,medium,Copyright © 2026 David YE
418,348,SZS7000A05BEV,发动机型号,,不适用(BEV),363,347,C-same-model,同一产品型号跨批次非空值唯一一致,medium,Copyright © 2026 David YE
420,348,TSL7000BEVAR4,产品类型,,纯电动轿车,369,347,C-same-model,同一产品型号跨批次非空值唯一一致,medium,Copyright © 2026 David YE
420,348,TSL7000BEVAR4,综合油耗(L/100km),,不适用(BEV),369,347,C-same-model,同一产品型号跨批次非空值唯一一致,medium,Copyright © 2026 David YE
420,348,TSL7000BEVAR4,B状态油耗(L/100km),,不适用(BEV),369,347,C-same-model,同一产品型号跨批次非空值唯一一致,medium,Copyright © 2026 David YE
420,348,TSL7000BEVAR4,发动机排量(mL),,不适用(BEV),369,347,C-same-model,同一产品型号跨批次非空值唯一一致,medium,Copyright © 2026 David YE
420,348,TSL7000BEVAR4,发动机功率(kW),,不适用(BEV),369,347,C-same-model,同一产品型号跨批次非空值唯一一致,medium,Copyright © 2026 David YE
420,348,TSL7000BEVAR4,发动机生产企业,,不适用(BEV),369,347,C-same-model,同一产品型号跨批次非空值唯一一致,medium,Copyright © 2026 David YE
420,348,TSL7000BEVAR4,发动机型号,,不适用(BEV),369,347,C-same-model,同一产品型号跨批次非空值唯一一致,medium,Copyright © 2026 David YE
479,350,BJ7000C5DFK-BEV,产品类型,,纯电动轿车,430,349,C-same-model,同一产品型号跨批次非空值唯一一致,medium,Copyright © 2026 David YE
430,349,BJ7000C5DFK-BEV,电机生产企业,,北京新能源汽车,479,350,C-same-model,同一产品型号跨批次非空值唯一一致,medium,Copyright © 2026 David YE
479,350,BJ7000C5DFK-BEV,综合油耗(L/100km),,不适用(BEV),430,349,C-same-model,同一产品型号跨批次非空值唯一一致,medium,Copyright © 2026 David YE
479,350,BJ7000C5DFK-BEV,B状态油耗(L/100km),,不适用(BEV),430,349,C-same-model,同一产品型号跨批次非空值唯一一致,medium,Copyright © 2026 David YE
479,350,BJ7000C5DFK-BEV,发动机排量(mL),,不适用(BEV),430,349,C-same-model,同一产品型号跨批次非空值唯一一致,medium,Copyright © 2026 David YE
479,350,BJ7000C5DFK-BEV,发动机功率(kW),,不适用(BEV),430,349,C-same-model,同一产品型号跨批次非空值唯一一致,medium,Copyright © 2026 David YE
479,350,BJ7000C5DFK-BEV,发动机生产企业,,不适用(BEV),430,349,C-same-model,同一产品型号跨批次非空值唯一一致,medium,Copyright © 2026 David YE
479,350,BJ7000C5DFK-BEV,发动机型号,,不适用(BEV),430,349,C-same-model,同一产品型号跨批次非空值唯一一致,medium,Copyright © 2026 David YE
480,350,BJ7000C5DHK-BEV,产品类型,,纯电动轿车,431,349,C-same-model,同一产品型号跨批次非空值唯一一致,medium,Copyright © 2026 David YE
431,349,BJ7000C5DHK-BEV,电机生产企业,,北京新能源汽车,480,350,C-same-model,同一产品型号跨批次非空值唯一一致,medium,Copyright © 2026 David YE
480,350,BJ7000C5DHK-BEV,综合油耗(L/100km),,不适用(BEV),431,349,C-same-model,同一产品型号跨批次非空值唯一一致,medium,Copyright © 2026 David YE
480,350,BJ7000C5DHK-BEV,B状态油耗(L/100km),,不适用(BEV),431,349,C-same-model,同一产品型号跨批次非空值唯一一致,medium,Copyright © 2026 David YE
480,350,BJ7000C5DHK-BEV,发动机排量(mL),,不适用(BEV),431,349,C-same-model,同一产品型号跨批次非空值唯一一致,medium,Copyright © 2026 David YE
480,350,BJ7000C5DHK-BEV,发动机功率(kW),,不适用(BEV),431,349,C-same-model,同一产品型号跨批次非空值唯一一致,medium,Copyright © 2026 David YE
480,350,BJ7000C5DHK-BEV,发动机生产企业,,不适用(BEV),431,349,C-same-model,同一产品型号跨批次非空值唯一一致,medium,Copyright © 2026 David YE
480,350,BJ7000C5DHK-BEV,发动机型号,,不适用(BEV),431,349,C-same-model,同一产品型号跨批次非空值唯一一致,medium,Copyright © 2026 David YE
500,350,LZW7004EVA5EBKU,车型名称,,五菱,460,349,C-same-model,同一产品型号跨批次非空值唯一一致,medium,Copyright © 2026 David YE
500,350,LZW7004EVA5EBKU,产品类型,,纯电动轿车,460,349,C-same-model,同一产品型号跨批次非空值唯一一致,medium,Copyright © 2026 David YE
500,350,LZW7004EVA5EBKU,轴距(mm),,2600,460,349,C-same-model,同一产品型号跨批次非空值唯一一致,medium,Copyright © 2026 David YE
460,349,LZW7004EVA5EBKU,电机生产企业,,浙江方正电机,500,350,C-same-model,同一产品型号跨批次非空值唯一一致,medium,Copyright © 2026 David YE
500,350,LZW7004EVA5EBKU,综合油耗(L/100km),,不适用(BEV),460,349,C-same-model,同一产品型号跨批次非空值唯一一致,medium,Copyright © 2026 David YE
500,350,LZW7004EVA5EBKU,B状态油耗(L/100km),,不适用(BEV),460,349,C-same-model,同一产品型号跨批次非空值唯一一致,medium,Copyright © 2026 David YE
500,350,LZW7004EVA5EBKU,发动机排量(mL),,不适用(BEV),460,349,C-same-model,同一产品型号跨批次非空值唯一一致,medium,Copyright © 2026 David YE
500,350,LZW7004EVA5EBKU,发动机功率(kW),,不适用(BEV),460,349,C-same-model,同一产品型号跨批次非空值唯一一致,medium,Copyright © 2026 David YE
500,350,LZW7004EVA5EBKU,发动机生产企业,,不适用(BEV),460,349,C-same-model,同一产品型号跨批次非空值唯一一致,medium,Copyright © 2026 David YE
500,350,LZW7004EVA5EBKU,发动机型号,,不适用(BEV),460,349,C-same-model,同一产品型号跨批次非空值唯一一致,medium,Copyright © 2026 David YE
501,350,LZW7004EVC1DBKU,车型名称,,五菱,464,349,C-same-model,同一产品型号跨批次非空值唯一一致,medium,Copyright © 2026 David YE
501,350,LZW7004EVC1DBKU,产品类型,,纯电动轿车,464,349,C-same-model,同一产品型号跨批次非空值唯一一致,medium,Copyright © 2026 David YE
501,350,LZW7004EVC1DBKU,轴距(mm),,2600,464,349,C-same-model,同一产品型号跨批次非空值唯一一致,medium,Copyright © 2026 David YE
464,349,LZW7004EVC1DBKU,电机生产企业,,双林汽车柳州分公司,501,350,C-same-model,同一产品型号跨批次非空值唯一一致,medium,Copyright © 2026 David YE
501,350,LZW7004EVC1DBKU,综合油耗(L/100km),,不适用(BEV),464,349,C-same-model,同一产品型号跨批次非空值唯一一致,medium,Copyright © 2026 David YE
501,350,LZW7004EVC1DBKU,B状态油耗(L/100km),,不适用(BEV),464,349,C-same-model,同一产品型号跨批次非空值唯一一致,medium,Copyright © 2026 David YE
501,350,LZW7004EVC1DBKU,发动机排量(mL),,不适用(BEV),464,349,C-same-model,同一产品型号跨批次非空值唯一一致,medium,Copyright © 2026 David YE
501,350,LZW7004EVC1DBKU,发动机功率(kW),,不适用(BEV),464,349,C-same-model,同一产品型号跨批次非空值唯一一致,medium,Copyright © 2026 David YE
501,350,LZW7004EVC1DBKU,发动机生产企业,,不适用(BEV),464,349,C-same-model,同一产品型号跨批次非空值唯一一致,medium,Copyright © 2026 David YE
501,350,LZW7004EVC1DBKU,发动机型号,,不适用(BEV),464,349,C-same-model,同一产品型号跨批次非空值唯一一致,medium,Copyright © 2026 David YE
502,350,NEQ7000BEVJ72U,产品类型,,纯电动轿车,466,349,C-same-model,同一产品型号跨批次非空值唯一一致,medium,Copyright © 2026 David YE
466,349,NEQ7000BEVJ72U,细分市场,,Car-A,502,350,C-same-model,同一产品型号跨批次非空值唯一一致,medium,Copyright © 2026 David YE
466,349,NEQ7000BEVJ72U,电机生产企业,,奇瑞新能源汽车,502,350,C-same-model,同一产品型号跨批次非空值唯一一致,medium,Copyright © 2026 David YE
502,350,NEQ7000BEVJ72U,综合油耗(L/100km),,不适用(BEV),466,349,C-same-model,同一产品型号跨批次非空值唯一一致,medium,Copyright © 2026 David YE
502,350,NEQ7000BEVJ72U,B状态油耗(L/100km),,不适用(BEV),466,349,C-same-model,同一产品型号跨批次非空值唯一一致,medium,Copyright © 2026 David YE
502,350,NEQ7000BEVJ72U,发动机排量(mL),,不适用(BEV),466,349,C-same-model,同一产品型号跨批次非空值唯一一致,medium,Copyright © 2026 David YE
502,350,NEQ7000BEVJ72U,发动机功率(kW),,不适用(BEV),466,349,C-same-model,同一产品型号跨批次非空值唯一一致,medium,Copyright © 2026 David YE
502,350,NEQ7000BEVJ72U,发动机生产企业,,不适用(BEV),466,349,C-same-model,同一产品型号跨批次非空值唯一一致,medium,Copyright © 2026 David YE
502,350,NEQ7000BEVJ72U,发动机型号,,不适用(BEV),466,349,C-same-model,同一产品型号跨批次非空值唯一一致,medium,Copyright © 2026 David YE
626,353,HDE6470BEVA0F,产品类型,,纯电动多用途乘用车,494,350,C-same-model,同一产品型号跨批次非空值唯一一致,medium,Copyright © 2026 David YE
626,353,HDE6470BEVA0F,综合油耗(L/100km),,不适用(BEV),494,350,C-same-model,同一产品型号跨批次非空值唯一一致,medium,Copyright © 2026 David YE
626,353,HDE6470BEVA0F,B状态油耗(L/100km),,不适用(BEV),494,350,C-same-model,同一产品型号跨批次非空值唯一一致,medium,Copyright © 2026 David YE
626,353,HDE6470BEVA0F,发动机排量(mL),,不适用(BEV),494,350,C-same-model,同一产品型号跨批次非空值唯一一致,medium,Copyright © 2026 David YE
626,353,HDE6470BEVA0F,发动机功率(kW),,不适用(BEV),494,350,C-same-model,同一产品型号跨批次非空值唯一一致,medium,Copyright © 2026 David YE
626,353,HDE6470BEVA0F,发动机生产企业,,不适用(BEV),494,350,C-same-model,同一产品型号跨批次非空值唯一一致,medium,Copyright © 2026 David YE
626,353,HDE6470BEVA0F,发动机型号,,不适用(BEV),494,350,C-same-model,同一产品型号跨批次非空值唯一一致,medium,Copyright © 2026 David YE
627,353,HDE6470BEVA1F,产品类型,,纯电动多用途乘用车,495,350,C-same-model,同一产品型号跨批次非空值唯一一致,medium,Copyright © 2026 David YE
627,353,HDE6470BEVA1F,综合油耗(L/100km),,不适用(BEV),495,350,C-same-model,同一产品型号跨批次非空值唯一一致,medium,Copyright © 2026 David YE
627,353,HDE6470BEVA1F,B状态油耗(L/100km),,不适用(BEV),495,350,C-same-model,同一产品型号跨批次非空值唯一一致,medium,Copyright © 2026 David YE
627,353,HDE6470BEVA1F,发动机排量(mL),,不适用(BEV),495,350,C-same-model,同一产品型号跨批次非空值唯一一致,medium,Copyright © 2026 David YE
627,353,HDE6470BEVA1F,发动机功率(kW),,不适用(BEV),495,350,C-same-model,同一产品型号跨批次非空值唯一一致,medium,Copyright © 2026 David YE
627,353,HDE6470BEVA1F,发动机生产企业,,不适用(BEV),495,350,C-same-model,同一产品型号跨批次非空值唯一一致,medium,Copyright © 2026 David YE
627,353,HDE6470BEVA1F,发动机型号,,不适用(BEV),495,350,C-same-model,同一产品型号跨批次非空值唯一一致,medium,Copyright © 2026 David YE
554,351,THZ6451BEVS30J,车型名称,,哪吒,506,350,C-same-model,同一产品型号跨批次非空值唯一一致,medium,Copyright © 2026 David YE
554,351,THZ6451BEVS30J,产品类型,,纯电动多用途乘用车,506,350,C-same-model,同一产品型号跨批次非空值唯一一致,medium,Copyright © 2026 David YE
506,350,THZ6451BEVS30J,细分市场,,SUV-C,554,351,C-same-model,同一产品型号跨批次非空值唯一一致,medium,Copyright © 2026 David YE
554,351,THZ6451BEVS30J,轴距(mm),,2770,506,350,C-same-model,同一产品型号跨批次非空值唯一一致,medium,Copyright © 2026 David YE
506,350,THZ6451BEVS30J,电机生产企业,,无锡中车浩夫尔动力,554,351,C-same-model,同一产品型号跨批次非空值唯一一致,medium,Copyright © 2026 David YE
554,351,THZ6451BEVS30J,综合油耗(L/100km),,不适用(BEV),506,350,C-same-model,同一产品型号跨批次非空值唯一一致,medium,Copyright © 2026 David YE
554,351,THZ6451BEVS30J,B状态油耗(L/100km),,不适用(BEV),506,350,C-same-model,同一产品型号跨批次非空值唯一一致,medium,Copyright © 2026 David YE
554,351,THZ6451BEVS30J,发动机排量(mL),,不适用(BEV),506,350,C-same-model,同一产品型号跨批次非空值唯一一致,medium,Copyright © 2026 David YE
554,351,THZ6451BEVS30J,发动机功率(kW),,不适用(BEV),506,350,C-same-model,同一产品型号跨批次非空值唯一一致,medium,Copyright © 2026 David YE
554,351,THZ6451BEVS30J,发动机生产企业,,不适用(BEV),506,350,C-same-model,同一产品型号跨批次非空值唯一一致,medium,Copyright © 2026 David YE
554,351,THZ6451BEVS30J,发动机型号,,不适用(BEV),506,350,C-same-model,同一产品型号跨批次非空值唯一一致,medium,Copyright © 2026 David YE
766,356,NJL6450EV1,产品类型,,纯电动多用途乘用车,600,352,C-same-model,同一产品型号跨批次非空值唯一一致,medium,Copyright © 2026 David YE
766,356,NJL6450EV1,综合油耗(L/100km),,不适用(BEV),600,352,C-same-model,同一产品型号跨批次非空值唯一一致,medium,Copyright © 2026 David YE
766,356,NJL6450EV1,B状态油耗(L/100km),,不适用(BEV),600,352,C-same-model,同一产品型号跨批次非空值唯一一致,medium,Copyright © 2026 David YE
766,356,NJL6450EV1,发动机排量(mL),,不适用(BEV),600,352,C-same-model,同一产品型号跨批次非空值唯一一致,medium,Copyright © 2026 David YE
766,356,NJL6450EV1,发动机功率(kW),,不适用(BEV),600,352,C-same-model,同一产品型号跨批次非空值唯一一致,medium,Copyright © 2026 David YE
766,356,NJL6450EV1,发动机生产企业,,不适用(BEV),600,352,C-same-model,同一产品型号跨批次非空值唯一一致,medium,Copyright © 2026 David YE
766,356,NJL6450EV1,发动机型号,,不适用(BEV),600,352,C-same-model,同一产品型号跨批次非空值唯一一致,medium,Copyright © 2026 David YE
734,355,BJ7204PELHEV,产品类型,,插电式混合动力轿车,666,354,C-same-model,同一产品型号跨批次非空值唯一一致,medium,Copyright © 2026 David YE
1146,366,BJ7000QHN6X6BEV,通用名称,,纯电动轿车,784,357,C-same-model,同一产品型号跨批次非空值唯一一致,medium,Copyright © 2026 David YE
1146,366,BJ7000QHN6X6BEV,产品类型,,纯电动轿车,784,357,C-same-model,同一产品型号跨批次非空值唯一一致,medium,Copyright © 2026 David YE
1146,366,BJ7000QHN6X6BEV,细分市场,,SUV-C,784,357,C-same-model,同一产品型号跨批次非空值唯一一致,medium,Copyright © 2026 David YE
1146,366,BJ7000QHN6X6BEV,电机生产企业,,苏州汇川,784,357,C-same-model,同一产品型号跨批次非空值唯一一致,medium,Copyright © 2026 David YE
1146,366,BJ7000QHN6X6BEV,综合油耗(L/100km),,不适用(BEV),784,357,C-same-model,同一产品型号跨批次非空值唯一一致,medium,Copyright © 2026 David YE
1146,366,BJ7000QHN6X6BEV,B状态油耗(L/100km),,不适用(BEV),784,357,C-same-model,同一产品型号跨批次非空值唯一一致,medium,Copyright © 2026 David YE
1146,366,BJ7000QHN6X6BEV,发动机排量(mL),,不适用(BEV),784,357,C-same-model,同一产品型号跨批次非空值唯一一致,medium,Copyright © 2026 David YE
1146,366,BJ7000QHN6X6BEV,发动机功率(kW),,不适用(BEV),784,357,C-same-model,同一产品型号跨批次非空值唯一一致,medium,Copyright © 2026 David YE
1146,366,BJ7000QHN6X6BEV,发动机生产企业,,不适用(BEV),784,357,C-same-model,同一产品型号跨批次非空值唯一一致,medium,Copyright © 2026 David YE
1146,366,BJ7000QHN6X6BEV,发动机型号,,不适用(BEV),784,357,C-same-model,同一产品型号跨批次非空值唯一一致,medium,Copyright © 2026 David YE
1148,366,BJ7000QHN6X9BEV,通用名称,,纯电动轿车,785,357,C-same-model,同一产品型号跨批次非空值唯一一致,medium,Copyright © 2026 David YE
1148,366,BJ7000QHN6X9BEV,产品类型,,纯电动轿车,785,357,C-same-model,同一产品型号跨批次非空值唯一一致,medium,Copyright © 2026 David YE
1148,366,BJ7000QHN6X9BEV,细分市场,,SUV-C,785,357,C-same-model,同一产品型号跨批次非空值唯一一致,medium,Copyright © 2026 David YE
1148,366,BJ7000QHN6X9BEV,电机生产企业,,苏州汇川,785,357,C-same-model,同一产品型号跨批次非空值唯一一致,medium,Copyright © 2026 David YE
1148,366,BJ7000QHN6X9BEV,综合油耗(L/100km),,不适用(BEV),785,357,C-same-model,同一产品型号跨批次非空值唯一一致,medium,Copyright © 2026 David YE
1148,366,BJ7000QHN6X9BEV,B状态油耗(L/100km),,不适用(BEV),785,357,C-same-model,同一产品型号跨批次非空值唯一一致,medium,Copyright © 2026 David YE
1148,366,BJ7000QHN6X9BEV,发动机排量(mL),,不适用(BEV),785,357,C-same-model,同一产品型号跨批次非空值唯一一致,medium,Copyright © 2026 David YE
1148,366,BJ7000QHN6X9BEV,发动机功率(kW),,不适用(BEV),785,357,C-same-model,同一产品型号跨批次非空值唯一一致,medium,Copyright © 2026 David YE
1148,366,BJ7000QHN6X9BEV,发动机生产企业,,不适用(BEV),785,357,C-same-model,同一产品型号跨批次非空值唯一一致,medium,Copyright © 2026 David YE
1148,366,BJ7000QHN6X9BEV,发动机型号,,不适用(BEV),785,357,C-same-model,同一产品型号跨批次非空值唯一一致,medium,Copyright © 2026 David YE
870,359,NJL6471BEV500,产品类型,,换电式纯电动多用途乘用车,817,357,C-same-model,同一产品型号跨批次非空值唯一一致,medium,Copyright © 2026 David YE
870,359,NJL6471BEV500,细分市场,,SUV-D,817,357,C-same-model,同一产品型号跨批次非空值唯一一致,medium,Copyright © 2026 David YE
870,359,NJL6471BEV500,综合油耗(L/100km),,不适用(BEV),817,357,C-same-model,同一产品型号跨批次非空值唯一一致,medium,Copyright © 2026 David YE
870,359,NJL6471BEV500,B状态油耗(L/100km),,不适用(BEV),817,357,C-same-model,同一产品型号跨批次非空值唯一一致,medium,Copyright © 2026 David YE
870,359,NJL6471BEV500,发动机排量(mL),,不适用(BEV),817,357,C-same-model,同一产品型号跨批次非空值唯一一致,medium,Copyright © 2026 David YE
870,359,NJL6471BEV500,发动机功率(kW),,不适用(BEV),817,357,C-same-model,同一产品型号跨批次非空值唯一一致,medium,Copyright © 2026 David YE
870,359,NJL6471BEV500,发动机生产企业,,不适用(BEV),817,357,C-same-model,同一产品型号跨批次非空值唯一一致,medium,Copyright © 2026 David YE
870,359,NJL6471BEV500,发动机型号,,不适用(BEV),817,357,C-same-model,同一产品型号跨批次非空值唯一一致,medium,Copyright © 2026 David YE
966,362,HRQ6352BEV,产品类型,,纯电动多用途乘用车,906,360,C-same-model,同一产品型号跨批次非空值唯一一致,medium,Copyright © 2026 David YE
966,362,HRQ6352BEV,电机生产企业,,恒润汽车,906,360,C-same-model,同一产品型号跨批次非空值唯一一致,medium,Copyright © 2026 David YE
966,362,HRQ6352BEV,综合油耗(L/100km),,不适用(BEV),906,360,C-same-model,同一产品型号跨批次非空值唯一一致,medium,Copyright © 2026 David YE
966,362,HRQ6352BEV,B状态油耗(L/100km),,不适用(BEV),906,360,C-same-model,同一产品型号跨批次非空值唯一一致,medium,Copyright © 2026 David YE
966,362,HRQ6352BEV,发动机排量(mL),,不适用(BEV),906,360,C-same-model,同一产品型号跨批次非空值唯一一致,medium,Copyright © 2026 David YE
966,362,HRQ6352BEV,发动机功率(kW),,不适用(BEV),906,360,C-same-model,同一产品型号跨批次非空值唯一一致,medium,Copyright © 2026 David YE
966,362,HRQ6352BEV,发动机生产企业,,不适用(BEV),906,360,C-same-model,同一产品型号跨批次非空值唯一一致,medium,Copyright © 2026 David YE
966,362,HRQ6352BEV,发动机型号,,不适用(BEV),906,360,C-same-model,同一产品型号跨批次非空值唯一一致,medium,Copyright © 2026 David YE
995,362,JL6482DCHEV02,车型名称,,吉利车型,930,360,C-same-model,同一产品型号跨批次非空值唯一一致,medium,Copyright © 2026 David YE
995,362,JL6482DCHEV02,产品类型,,插电式混合动力多用途乘用车,930,360,C-same-model,同一产品型号跨批次非空值唯一一致,medium,Copyright © 2026 David YE
995,362,JL6482DCHEV02,轴距(mm),,2700,930,360,C-same-model,同一产品型号跨批次非空值唯一一致,medium,Copyright © 2026 David YE
996,362,JL6482DCHEV03,车型名称,,吉利车型,931,360,C-same-model,同一产品型号跨批次非空值唯一一致,medium,Copyright © 2026 David YE
996,362,JL6482DCHEV03,产品类型,,插电式混合动力多用途乘用车,931,360,C-same-model,同一产品型号跨批次非空值唯一一致,medium,Copyright © 2026 David YE
996,362,JL6482DCHEV03,轴距(mm),,2700,931,360,C-same-model,同一产品型号跨批次非空值唯一一致,medium,Copyright © 2026 David YE
991,362,TV7002BEV,产品类型,,纯电动轿车,937,361,C-same-model,同一产品型号跨批次非空值唯一一致,medium,Copyright © 2026 David YE
991,362,TV7002BEV,综合油耗(L/100km),,不适用(BEV),937,361,C-same-model,同一产品型号跨批次非空值唯一一致,medium,Copyright © 2026 David YE
991,362,TV7002BEV,B状态油耗(L/100km),,不适用(BEV),937,361,C-same-model,同一产品型号跨批次非空值唯一一致,medium,Copyright © 2026 David YE
991,362,TV7002BEV,发动机排量(mL),,不适用(BEV),937,361,C-same-model,同一产品型号跨批次非空值唯一一致,medium,Copyright © 2026 David YE
991,362,TV7002BEV,发动机功率(kW),,不适用(BEV),937,361,C-same-model,同一产品型号跨批次非空值唯一一致,medium,Copyright © 2026 David YE
991,362,TV7002BEV,发动机生产企业,,不适用(BEV),937,361,C-same-model,同一产品型号跨批次非空值唯一一致,medium,Copyright © 2026 David YE
991,362,TV7002BEV,发动机型号,,不适用(BEV),937,361,C-same-model,同一产品型号跨批次非空值唯一一致,medium,Copyright © 2026 David YE
992,362,TV7002BEVP,产品类型,,纯电动轿车,938,361,C-same-model,同一产品型号跨批次非空值唯一一致,medium,Copyright © 2026 David YE
992,362,TV7002BEVP,综合油耗(L/100km),,不适用(BEV),938,361,C-same-model,同一产品型号跨批次非空值唯一一致,medium,Copyright © 2026 David YE
992,362,TV7002BEVP,B状态油耗(L/100km),,不适用(BEV),938,361,C-same-model,同一产品型号跨批次非空值唯一一致,medium,Copyright © 2026 David YE
992,362,TV7002BEVP,发动机排量(mL),,不适用(BEV),938,361,C-same-model,同一产品型号跨批次非空值唯一一致,medium,Copyright © 2026 David YE
992,362,TV7002BEVP,发动机功率(kW),,不适用(BEV),938,361,C-same-model,同一产品型号跨批次非空值唯一一致,medium,Copyright © 2026 David YE
992,362,TV7002BEVP,发动机生产企业,,不适用(BEV),938,361,C-same-model,同一产品型号跨批次非空值唯一一致,medium,Copyright © 2026 David YE
992,362,TV7002BEVP,发动机型号,,不适用(BEV),938,361,C-same-model,同一产品型号跨批次非空值唯一一致,medium,Copyright © 2026 David YE
1052,364,JNJ7000EVF1,产品类型,,纯电动轿车,972,362,C-same-model,同一产品型号跨批次非空值唯一一致,medium,Copyright © 2026 David YE
972,362,JNJ7000EVF1,细分市场,,Car-A,1052,364,C-same-model,同一产品型号跨批次非空值唯一一致,medium,Copyright © 2026 David YE
1052,364,JNJ7000EVF1,综合油耗(L/100km),,不适用(BEV),972,362,C-same-model,同一产品型号跨批次非空值唯一一致,medium,Copyright © 2026 David YE
1052,364,JNJ7000EVF1,B状态油耗(L/100km),,不适用(BEV),972,362,C-same-model,同一产品型号跨批次非空值唯一一致,medium,Copyright © 2026 David YE
1052,364,JNJ7000EVF1,发动机排量(mL),,不适用(BEV),972,362,C-same-model,同一产品型号跨批次非空值唯一一致,medium,Copyright © 2026 David YE
1052,364,JNJ7000EVF1,发动机功率(kW),,不适用(BEV),972,362,C-same-model,同一产品型号跨批次非空值唯一一致,medium,Copyright © 2026 David YE
1052,364,JNJ7000EVF1,发动机生产企业,,不适用(BEV),972,362,C-same-model,同一产品型号跨批次非空值唯一一致,medium,Copyright © 2026 David YE
1052,364,JNJ7000EVF1,发动机型号,,不适用(BEV),972,362,C-same-model,同一产品型号跨批次非空值唯一一致,medium,Copyright © 2026 David YE
1053,364,JNJ7000EVF3,产品类型,,纯电动轿车,973,362,C-same-model,同一产品型号跨批次非空值唯一一致,medium,Copyright © 2026 David YE
973,362,JNJ7000EVF3,细分市场,,Car-A,1053,364,C-same-model,同一产品型号跨批次非空值唯一一致,medium,Copyright © 2026 David YE
1053,364,JNJ7000EVF3,综合油耗(L/100km),,不适用(BEV),973,362,C-same-model,同一产品型号跨批次非空值唯一一致,medium,Copyright © 2026 David YE
1053,364,JNJ7000EVF3,B状态油耗(L/100km),,不适用(BEV),973,362,C-same-model,同一产品型号跨批次非空值唯一一致,medium,Copyright © 2026 David YE
1053,364,JNJ7000EVF3,发动机排量(mL),,不适用(BEV),973,362,C-same-model,同一产品型号跨批次非空值唯一一致,medium,Copyright © 2026 David YE
1053,364,JNJ7000EVF3,发动机功率(kW),,不适用(BEV),973,362,C-same-model,同一产品型号跨批次非空值唯一一致,medium,Copyright © 2026 David YE
1053,364,JNJ7000EVF3,发动机生产企业,,不适用(BEV),973,362,C-same-model,同一产品型号跨批次非空值唯一一致,medium,Copyright © 2026 David YE
1053,364,JNJ7000EVF3,发动机型号,,不适用(BEV),973,362,C-same-model,同一产品型号跨批次非空值唯一一致,medium,Copyright © 2026 David YE
1048,364,CAF6470B1BEV,产品类型,,纯电动多用途乘用车,1005,363,C-same-model,同一产品型号跨批次非空值唯一一致,medium,Copyright © 2026 David YE
1048,364,CAF6470B1BEV,综合油耗(L/100km),,不适用(BEV),1005,363,C-same-model,同一产品型号跨批次非空值唯一一致,medium,Copyright © 2026 David YE
1048,364,CAF6470B1BEV,B状态油耗(L/100km),,不适用(BEV),1005,363,C-same-model,同一产品型号跨批次非空值唯一一致,medium,Copyright © 2026 David YE
1048,364,CAF6470B1BEV,发动机排量(mL),,不适用(BEV),1005,363,C-same-model,同一产品型号跨批次非空值唯一一致,medium,Copyright © 2026 David YE
1048,364,CAF6470B1BEV,发动机功率(kW),,不适用(BEV),1005,363,C-same-model,同一产品型号跨批次非空值唯一一致,medium,Copyright © 2026 David YE
1048,364,CAF6470B1BEV,发动机生产企业,,不适用(BEV),1005,363,C-same-model,同一产品型号跨批次非空值唯一一致,medium,Copyright © 2026 David YE
1048,364,CAF6470B1BEV,发动机型号,,不适用(BEV),1005,363,C-same-model,同一产品型号跨批次非空值唯一一致,medium,Copyright © 2026 David YE
1049,364,CAF6470B2BEV,产品类型,,纯电动多用途乘用车,1006,363,C-same-model,同一产品型号跨批次非空值唯一一致,medium,Copyright © 2026 David YE
1049,364,CAF6470B2BEV,综合油耗(L/100km),,不适用(BEV),1006,363,C-same-model,同一产品型号跨批次非空值唯一一致,medium,Copyright © 2026 David YE
1049,364,CAF6470B2BEV,B状态油耗(L/100km),,不适用(BEV),1006,363,C-same-model,同一产品型号跨批次非空值唯一一致,medium,Copyright © 2026 David YE
1049,364,CAF6470B2BEV,发动机排量(mL),,不适用(BEV),1006,363,C-same-model,同一产品型号跨批次非空值唯一一致,medium,Copyright © 2026 David YE
1049,364,CAF6470B2BEV,发动机功率(kW),,不适用(BEV),1006,363,C-same-model,同一产品型号跨批次非空值唯一一致,medium,Copyright © 2026 David YE
1049,364,CAF6470B2BEV,发动机生产企业,,不适用(BEV),1006,363,C-same-model,同一产品型号跨批次非空值唯一一致,medium,Copyright © 2026 David YE
1049,364,CAF6470B2BEV,发动机型号,,不适用(BEV),1006,363,C-same-model,同一产品型号跨批次非空值唯一一致,medium,Copyright © 2026 David YE
1050,364,CAF6470B3BEV,产品类型,,纯电动多用途乘用车,1007,363,C-same-model,同一产品型号跨批次非空值唯一一致,medium,Copyright © 2026 David YE
1050,364,CAF6470B3BEV,综合油耗(L/100km),,不适用(BEV),1007,363,C-same-model,同一产品型号跨批次非空值唯一一致,medium,Copyright © 2026 David YE
1050,364,CAF6470B3BEV,B状态油耗(L/100km),,不适用(BEV),1007,363,C-same-model,同一产品型号跨批次非空值唯一一致,medium,Copyright © 2026 David YE
1050,364,CAF6470B3BEV,发动机排量(mL),,不适用(BEV),1007,363,C-same-model,同一产品型号跨批次非空值唯一一致,medium,Copyright © 2026 David YE
1050,364,CAF6470B3BEV,发动机功率(kW),,不适用(BEV),1007,363,C-same-model,同一产品型号跨批次非空值唯一一致,medium,Copyright © 2026 David YE
1050,364,CAF6470B3BEV,发动机生产企业,,不适用(BEV),1007,363,C-same-model,同一产品型号跨批次非空值唯一一致,medium,Copyright © 2026 David YE
1050,364,CAF6470B3BEV,发动机型号,,不适用(BEV),1007,363,C-same-model,同一产品型号跨批次非空值唯一一致,medium,Copyright © 2026 David YE
1051,364,CAF6470B4BEV,产品类型,,纯电动多用途乘用车,1008,363,C-same-model,同一产品型号跨批次非空值唯一一致,medium,Copyright © 2026 David YE
1051,364,CAF6470B4BEV,综合油耗(L/100km),,不适用(BEV),1008,363,C-same-model,同一产品型号跨批次非空值唯一一致,medium,Copyright © 2026 David YE
1051,364,CAF6470B4BEV,B状态油耗(L/100km),,不适用(BEV),1008,363,C-same-model,同一产品型号跨批次非空值唯一一致,medium,Copyright © 2026 David YE
1051,364,CAF6470B4BEV,发动机排量(mL),,不适用(BEV),1008,363,C-same-model,同一产品型号跨批次非空值唯一一致,medium,Copyright © 2026 David YE
1051,364,CAF6470B4BEV,发动机功率(kW),,不适用(BEV),1008,363,C-same-model,同一产品型号跨批次非空值唯一一致,medium,Copyright © 2026 David YE
1051,364,CAF6470B4BEV,发动机生产企业,,不适用(BEV),1008,363,C-same-model,同一产品型号跨批次非空值唯一一致,medium,Copyright © 2026 David YE
1051,364,CAF6470B4BEV,发动机型号,,不适用(BEV),1008,363,C-same-model,同一产品型号跨批次非空值唯一一致,medium,Copyright © 2026 David YE
1061,365,DD7000BEVWRA1,产品类型,,纯电动轿车,1010,363,C-same-model,同一产品型号跨批次非空值唯一一致,medium,Copyright © 2026 David YE
1061,365,DD7000BEVWRA1,综合油耗(L/100km),,不适用(BEV),1010,363,C-same-model,同一产品型号跨批次非空值唯一一致,medium,Copyright © 2026 David YE
1061,365,DD7000BEVWRA1,B状态油耗(L/100km),,不适用(BEV),1010,363,C-same-model,同一产品型号跨批次非空值唯一一致,medium,Copyright © 2026 David YE
1061,365,DD7000BEVWRA1,发动机排量(mL),,不适用(BEV),1010,363,C-same-model,同一产品型号跨批次非空值唯一一致,medium,Copyright © 2026 David YE
1061,365,DD7000BEVWRA1,发动机功率(kW),,不适用(BEV),1010,363,C-same-model,同一产品型号跨批次非空值唯一一致,medium,Copyright © 2026 David YE
1061,365,DD7000BEVWRA1,发动机生产企业,,不适用(BEV),1010,363,C-same-model,同一产品型号跨批次非空值唯一一致,medium,Copyright © 2026 David YE
1061,365,DD7000BEVWRA1,发动机型号,,不适用(BEV),1010,363,C-same-model,同一产品型号跨批次非空值唯一一致,medium,Copyright © 2026 David YE
1103,365,SKE6470SBEVA5S,产品类型,,纯电动多用途乘用车,1031,363,C-same-model,同一产品型号跨批次非空值唯一一致,medium,Copyright © 2026 David YE
1103,365,SKE6470SBEVA5S,电机生产企业,,金康动力,1031,363,C-same-model,同一产品型号跨批次非空值唯一一致,medium,Copyright © 2026 David YE
1103,365,SKE6470SBEVA5S,综合油耗(L/100km),,不适用(BEV),1031,363,C-same-model,同一产品型号跨批次非空值唯一一致,medium,Copyright © 2026 David YE
1103,365,SKE6470SBEVA5S,B状态油耗(L/100km),,不适用(BEV),1031,363,C-same-model,同一产品型号跨批次非空值唯一一致,medium,Copyright © 2026 David YE
1103,365,SKE6470SBEVA5S,发动机排量(mL),,不适用(BEV),1031,363,C-same-model,同一产品型号跨批次非空值唯一一致,medium,Copyright © 2026 David YE
1103,365,SKE6470SBEVA5S,发动机功率(kW),,不适用(BEV),1031,363,C-same-model,同一产品型号跨批次非空值唯一一致,medium,Copyright © 2026 David YE
1103,365,SKE6470SBEVA5S,发动机生产企业,,不适用(BEV),1031,363,C-same-model,同一产品型号跨批次非空值唯一一致,medium,Copyright © 2026 David YE
1103,365,SKE6470SBEVA5S,发动机型号,,不适用(BEV),1031,363,C-same-model,同一产品型号跨批次非空值唯一一致,medium,Copyright © 2026 David YE
1104,365,SKE6470SBEVR2,产品类型,,纯电动多用途乘用车,1032,363,C-same-model,同一产品型号跨批次非空值唯一一致,medium,Copyright © 2026 David YE
1104,365,SKE6470SBEVR2,电机生产企业,,金康动力,1032,363,C-same-model,同一产品型号跨批次非空值唯一一致,medium,Copyright © 2026 David YE
1104,365,SKE6470SBEVR2,综合油耗(L/100km),,不适用(BEV),1032,363,C-same-model,同一产品型号跨批次非空值唯一一致,medium,Copyright © 2026 David YE
1104,365,SKE6470SBEVR2,B状态油耗(L/100km),,不适用(BEV),1032,363,C-same-model,同一产品型号跨批次非空值唯一一致,medium,Copyright © 2026 David YE
1104,365,SKE6470SBEVR2,发动机排量(mL),,不适用(BEV),1032,363,C-same-model,同一产品型号跨批次非空值唯一一致,medium,Copyright © 2026 David YE
1104,365,SKE6470SBEVR2,发动机功率(kW),,不适用(BEV),1032,363,C-same-model,同一产品型号跨批次非空值唯一一致,medium,Copyright © 2026 David YE
1104,365,SKE6470SBEVR2,发动机生产企业,,不适用(BEV),1032,363,C-same-model,同一产品型号跨批次非空值唯一一致,medium,Copyright © 2026 David YE
1104,365,SKE6470SBEVR2,发动机型号,,不适用(BEV),1032,363,C-same-model,同一产品型号跨批次非空值唯一一致,medium,Copyright © 2026 David YE
1188,366,SC6479AAA6HEV,产品类型,,插电式混合动力多用途乘用车,1136,365,C-same-model,同一产品型号跨批次非空值唯一一致,medium,Copyright © 2026 David YE
1189,366,SC6479AAB6HEV,产品类型,,插电式混合动力多用途乘用车,1137,365,C-same-model,同一产品型号跨批次非空值唯一一致,medium,Copyright © 2026 David YE
1258,368,CW7000BH00HABEV,产品类型,,纯电动轿车,1159,366,C-same-model,同一产品型号跨批次非空值唯一一致,medium,Copyright © 2026 David YE
1258,368,CW7000BH00HABEV,综合油耗(L/100km),,不适用(BEV),1159,366,C-same-model,同一产品型号跨批次非空值唯一一致,medium,Copyright © 2026 David YE
1258,368,CW7000BH00HABEV,B状态油耗(L/100km),,不适用(BEV),1159,366,C-same-model,同一产品型号跨批次非空值唯一一致,medium,Copyright © 2026 David YE
1258,368,CW7000BH00HABEV,发动机排量(mL),,不适用(BEV),1159,366,C-same-model,同一产品型号跨批次非空值唯一一致,medium,Copyright © 2026 David YE
1258,368,CW7000BH00HABEV,发动机功率(kW),,不适用(BEV),1159,366,C-same-model,同一产品型号跨批次非空值唯一一致,medium,Copyright © 2026 David YE
1258,368,CW7000BH00HABEV,发动机生产企业,,不适用(BEV),1159,366,C-same-model,同一产品型号跨批次非空值唯一一致,medium,Copyright © 2026 David YE
1258,368,CW7000BH00HABEV,发动机型号,,不适用(BEV),1159,366,C-same-model,同一产品型号跨批次非空值唯一一致,medium,Copyright © 2026 David YE
1259,368,CW7000BH00NABEV,产品类型,,纯电动轿车,1160,366,C-same-model,同一产品型号跨批次非空值唯一一致,medium,Copyright © 2026 David YE
1259,368,CW7000BH00NABEV,综合油耗(L/100km),,不适用(BEV),1160,366,C-same-model,同一产品型号跨批次非空值唯一一致,medium,Copyright © 2026 David YE
1259,368,CW7000BH00NABEV,B状态油耗(L/100km),,不适用(BEV),1160,366,C-same-model,同一产品型号跨批次非空值唯一一致,medium,Copyright © 2026 David YE
1259,368,CW7000BH00NABEV,发动机排量(mL),,不适用(BEV),1160,366,C-same-model,同一产品型号跨批次非空值唯一一致,medium,Copyright © 2026 David YE
1259,368,CW7000BH00NABEV,发动机功率(kW),,不适用(BEV),1160,366,C-same-model,同一产品型号跨批次非空值唯一一致,medium,Copyright © 2026 David YE
1259,368,CW7000BH00NABEV,发动机生产企业,,不适用(BEV),1160,366,C-same-model,同一产品型号跨批次非空值唯一一致,medium,Copyright © 2026 David YE
1259,368,CW7000BH00NABEV,发动机型号,,不适用(BEV),1160,366,C-same-model,同一产品型号跨批次非空值唯一一致,medium,Copyright © 2026 David YE
1260,368,CW7000BH01NBBEV,产品类型,,纯电动轿车,1161,366,C-same-model,同一产品型号跨批次非空值唯一一致,medium,Copyright © 2026 David YE
1260,368,CW7000BH01NBBEV,综合油耗(L/100km),,不适用(BEV),1161,366,C-same-model,同一产品型号跨批次非空值唯一一致,medium,Copyright © 2026 David YE
1260,368,CW7000BH01NBBEV,B状态油耗(L/100km),,不适用(BEV),1161,366,C-same-model,同一产品型号跨批次非空值唯一一致,medium,Copyright © 2026 David YE
1260,368,CW7000BH01NBBEV,发动机排量(mL),,不适用(BEV),1161,366,C-same-model,同一产品型号跨批次非空值唯一一致,medium,Copyright © 2026 David YE
1260,368,CW7000BH01NBBEV,发动机功率(kW),,不适用(BEV),1161,366,C-same-model,同一产品型号跨批次非空值唯一一致,medium,Copyright © 2026 David YE
1260,368,CW7000BH01NBBEV,发动机生产企业,,不适用(BEV),1161,366,C-same-model,同一产品型号跨批次非空值唯一一致,medium,Copyright © 2026 David YE
1260,368,CW7000BH01NBBEV,发动机型号,,不适用(BEV),1161,366,C-same-model,同一产品型号跨批次非空值唯一一致,medium,Copyright © 2026 David YE
1261,368,CW7000BH21NCBEV,产品类型,,纯电动轿车,1162,366,C-same-model,同一产品型号跨批次非空值唯一一致,medium,Copyright © 2026 David YE
1261,368,CW7000BH21NCBEV,综合油耗(L/100km),,不适用(BEV),1162,366,C-same-model,同一产品型号跨批次非空值唯一一致,medium,Copyright © 2026 David YE
1261,368,CW7000BH21NCBEV,B状态油耗(L/100km),,不适用(BEV),1162,366,C-same-model,同一产品型号跨批次非空值唯一一致,medium,Copyright © 2026 David YE
1261,368,CW7000BH21NCBEV,发动机排量(mL),,不适用(BEV),1162,366,C-same-model,同一产品型号跨批次非空值唯一一致,medium,Copyright © 2026 David YE
1261,368,CW7000BH21NCBEV,发动机功率(kW),,不适用(BEV),1162,366,C-same-model,同一产品型号跨批次非空值唯一一致,medium,Copyright © 2026 David YE
1261,368,CW7000BH21NCBEV,发动机生产企业,,不适用(BEV),1162,366,C-same-model,同一产品型号跨批次非空值唯一一致,medium,Copyright © 2026 David YE
1261,368,CW7000BH21NCBEV,发动机型号,,不适用(BEV),1162,366,C-same-model,同一产品型号跨批次非空值唯一一致,medium,Copyright © 2026 David YE
1227,367,MR6525BEV06,车型名称,,吉利车型,1173,366,C-same-model,同一产品型号跨批次非空值唯一一致,medium,Copyright © 2026 David YE
1227,367,MR6525BEV06,产品类型,,纯电动多用途乘用车,1173,366,C-same-model,同一产品型号跨批次非空值唯一一致,medium,Copyright © 2026 David YE
1227,367,MR6525BEV06,轴距(mm),,2800,1173,366,C-same-model,同一产品型号跨批次非空值唯一一致,medium,Copyright © 2026 David YE
1227,367,MR6525BEV06,综合油耗(L/100km),,不适用(BEV),1173,366,C-same-model,同一产品型号跨批次非空值唯一一致,medium,Copyright © 2026 David YE
1227,367,MR6525BEV06,B状态油耗(L/100km),,不适用(BEV),1173,366,C-same-model,同一产品型号跨批次非空值唯一一致,medium,Copyright © 2026 David YE
1227,367,MR6525BEV06,发动机排量(mL),,不适用(BEV),1173,366,C-same-model,同一产品型号跨批次非空值唯一一致,medium,Copyright © 2026 David YE
1227,367,MR6525BEV06,发动机功率(kW),,不适用(BEV),1173,366,C-same-model,同一产品型号跨批次非空值唯一一致,medium,Copyright © 2026 David YE
1227,367,MR6525BEV06,发动机生产企业,,不适用(BEV),1173,366,C-same-model,同一产品型号跨批次非空值唯一一致,medium,Copyright © 2026 David YE
1227,367,MR6525BEV06,发动机型号,,不适用(BEV),1173,366,C-same-model,同一产品型号跨批次非空值唯一一致,medium,Copyright © 2026 David YE
1411,370,SC7157AAA6HEV,车型名称,,启源A07,3809,402,C-same-model,同一产品型号跨批次非空值唯一一致,medium,Copyright © 2026 David YE
3809,402,SC7157AAA6HEV,产品名称,,插电式增程混合动力轿车,1411,370,C-same-model,同一产品型号跨批次非空值唯一一致,medium,Copyright © 2026 David YE
3809,402,SC7157AAA6HEV,通用名称,,A07,1411,370,C-same-model,同一产品型号跨批次非空值唯一一致,medium,Copyright © 2026 David YE
1411,370,SC7157AAA6HEV,产品类型,,插电式增程混合动力轿车,3809,402,C-same-model,同一产品型号跨批次非空值唯一一致,medium,Copyright © 2026 David YE
3809,402,SC7157AAA6HEV,细分市场,,Car-D,1411,370,C-same-model,同一产品型号跨批次非空值唯一一致,medium,Copyright © 2026 David YE
3809,402,SC7157AAA6HEV,B状态油耗(L/100km),,5,1411,370,C-same-model,同一产品型号跨批次非空值唯一一致,medium,Copyright © 2026 David YE
1596,373,HFC6463E1PHEV3,车型名称,,江淮,1520,372,C-same-model,同一产品型号跨批次非空值唯一一致,medium,Copyright © 2026 David YE
1596,373,HFC6463E1PHEV3,产品类型,,插电式混合动力多用途乘用车,1520,372,C-same-model,同一产品型号跨批次非空值唯一一致,medium,Copyright © 2026 David YE
1596,373,HFC6463E1PHEV3,轴距(mm),,2720,1520,372,C-same-model,同一产品型号跨批次非空值唯一一致,medium,Copyright © 2026 David YE
3863,403,JX6480EUABEV,产品商标,,颐驰牌,1725|1794|2135,375|376|381,C-same-model,同一产品型号跨批次非空值唯一一致,high,Copyright © 2026 David YE
3863,403,JX6480EUABEV,企业名称,,江西江铃集团新能源汽车有限公司,1725|1794|2135,375|376|381,C-same-model,同一产品型号跨批次非空值唯一一致,high,Copyright © 2026 David YE
1725,375,JX6480EUABEV,车型名称,, 06 ,3863,403,C-same-model,同一产品型号跨批次非空值唯一一致,medium,Copyright © 2026 David YE
1794,376,JX6480EUABEV,车型名称,, 06 ,3863,403,C-same-model,同一产品型号跨批次非空值唯一一致,medium,Copyright © 2026 David YE
2135,381,JX6480EUABEV,车型名称,, 06 ,3863,403,C-same-model,同一产品型号跨批次非空值唯一一致,medium,Copyright © 2026 David YE
3863,403,JX6480EUABEV,产品名称,,换电式纯电动多用途乘用车,1725|1794|2135,375|376|381,C-same-model,同一产品型号跨批次非空值唯一一致,high,Copyright © 2026 David YE
3863,403,JX6480EUABEV,通用名称,,RT6,1725|1794|2135,375|376|381,C-same-model,同一产品型号跨批次非空值唯一一致,high,Copyright © 2026 David YE
1725,375,JX6480EUABEV,细分市场,,SUV-C,2135,381,C-same-model,同一产品型号跨批次非空值唯一一致,medium,Copyright © 2026 David YE
1794,376,JX6480EUABEV,细分市场,,SUV-C,2135,381,C-same-model,同一产品型号跨批次非空值唯一一致,medium,Copyright © 2026 David YE
3863,403,JX6480EUABEV,细分市场,,SUV-C,2135,381,C-same-model,同一产品型号跨批次非空值唯一一致,medium,Copyright © 2026 David YE
1725,375,JX6480EUABEV,电机生产企业,,弗迪动力有限公司长沙分公司,1794|2135,376|381,C-same-model,同一产品型号跨批次非空值唯一一致,high,Copyright © 2026 David YE
3863,403,JX6480EUABEV,电机生产企业,,弗迪动力有限公司长沙分公司,1794|2135,376|381,C-same-model,同一产品型号跨批次非空值唯一一致,high,Copyright © 2026 David YE
1725,375,JX6480EUABEV,电机型号,,TZ200XSL,2135,381,C-same-model,同一产品型号跨批次非空值唯一一致,medium,Copyright © 2026 David YE
1794,376,JX6480EUABEV,电机型号,,TZ200XSL,2135,381,C-same-model,同一产品型号跨批次非空值唯一一致,medium,Copyright © 2026 David YE
3863,403,JX6480EUABEV,电机型号,,TZ200XSL,2135,381,C-same-model,同一产品型号跨批次非空值唯一一致,medium,Copyright © 2026 David YE
1794,376,JX6480EUABEV,综合油耗(L/100km),,不适用(BEV),1725|3863,375|403,C-same-model,同一产品型号跨批次非空值唯一一致,high,Copyright © 2026 David YE
2135,381,JX6480EUABEV,综合油耗(L/100km),,不适用(BEV),1725|3863,375|403,C-same-model,同一产品型号跨批次非空值唯一一致,high,Copyright © 2026 David YE
1794,376,JX6480EUABEV,B状态油耗(L/100km),,不适用(BEV),1725|3863,375|403,C-same-model,同一产品型号跨批次非空值唯一一致,high,Copyright © 2026 David YE
2135,381,JX6480EUABEV,B状态油耗(L/100km),,不适用(BEV),1725|3863,375|403,C-same-model,同一产品型号跨批次非空值唯一一致,high,Copyright © 2026 David YE
1794,376,JX6480EUABEV,发动机排量(mL),,不适用(BEV),1725|3863,375|403,C-same-model,同一产品型号跨批次非空值唯一一致,high,Copyright © 2026 David YE
2135,381,JX6480EUABEV,发动机排量(mL),,不适用(BEV),1725|3863,375|403,C-same-model,同一产品型号跨批次非空值唯一一致,high,Copyright © 2026 David YE
1794,376,JX6480EUABEV,发动机功率(kW),,不适用(BEV),1725|3863,375|403,C-same-model,同一产品型号跨批次非空值唯一一致,high,Copyright © 2026 David YE
2135,381,JX6480EUABEV,发动机功率(kW),,不适用(BEV),1725|3863,375|403,C-same-model,同一产品型号跨批次非空值唯一一致,high,Copyright © 2026 David YE
1794,376,JX6480EUABEV,发动机生产企业,,不适用(BEV),1725|3863,375|403,C-same-model,同一产品型号跨批次非空值唯一一致,high,Copyright © 2026 David YE
2135,381,JX6480EUABEV,发动机生产企业,,不适用(BEV),1725|3863,375|403,C-same-model,同一产品型号跨批次非空值唯一一致,high,Copyright © 2026 David YE
1794,376,JX6480EUABEV,发动机型号,,不适用(BEV),1725|3863,375|403,C-same-model,同一产品型号跨批次非空值唯一一致,high,Copyright © 2026 David YE
2135,381,JX6480EUABEV,发动机型号,,不适用(BEV),1725|3863,375|403,C-same-model,同一产品型号跨批次非空值唯一一致,high,Copyright © 2026 David YE
1801,376,SC6453BBEBEV,产品类型,,纯电动多用途乘用车,1743,375,C-same-model,同一产品型号跨批次非空值唯一一致,medium,Copyright © 2026 David YE
1743,375,SC6453BBEBEV,电机生产企业,,苏州汇川联合动力系统有限公司,1801,376,C-same-model,同一产品型号跨批次非空值唯一一致,medium,Copyright © 2026 David YE
1801,376,SC6453BBEBEV,综合油耗(L/100km),,不适用(BEV),1743,375,C-same-model,同一产品型号跨批次非空值唯一一致,medium,Copyright © 2026 David YE
1801,376,SC6453BBEBEV,B状态油耗(L/100km),,不适用(BEV),1743,375,C-same-model,同一产品型号跨批次非空值唯一一致,medium,Copyright © 2026 David YE
1801,376,SC6453BBEBEV,发动机排量(mL),,不适用(BEV),1743,375,C-same-model,同一产品型号跨批次非空值唯一一致,medium,Copyright © 2026 David YE
1801,376,SC6453BBEBEV,发动机功率(kW),,不适用(BEV),1743,375,C-same-model,同一产品型号跨批次非空值唯一一致,medium,Copyright © 2026 David YE
1801,376,SC6453BBEBEV,发动机生产企业,,不适用(BEV),1743,375,C-same-model,同一产品型号跨批次非空值唯一一致,medium,Copyright © 2026 David YE
1801,376,SC6453BBEBEV,发动机型号,,不适用(BEV),1743,375,C-same-model,同一产品型号跨批次非空值唯一一致,medium,Copyright © 2026 David YE
1893,378,BJ6480A608BEV,车型名称,,极狐,1826,377,C-same-model,同一产品型号跨批次非空值唯一一致,medium,Copyright © 2026 David YE
1893,378,BJ6480A608BEV,产品类型,,纯电动多用途乘用车,1826,377,C-same-model,同一产品型号跨批次非空值唯一一致,medium,Copyright © 2026 David YE
1826,377,BJ6480A608BEV,细分市场,,SUV-D,1893,378,C-same-model,同一产品型号跨批次非空值唯一一致,medium,Copyright © 2026 David YE
1893,378,BJ6480A608BEV,轴距(mm),,2915,1826,377,C-same-model,同一产品型号跨批次非空值唯一一致,medium,Copyright © 2026 David YE
1893,378,BJ6480A608BEV,综合油耗(L/100km),,不适用(BEV),1826,377,C-same-model,同一产品型号跨批次非空值唯一一致,medium,Copyright © 2026 David YE
1893,378,BJ6480A608BEV,B状态油耗(L/100km),,不适用(BEV),1826,377,C-same-model,同一产品型号跨批次非空值唯一一致,medium,Copyright © 2026 David YE
1893,378,BJ6480A608BEV,发动机排量(mL),,不适用(BEV),1826,377,C-same-model,同一产品型号跨批次非空值唯一一致,medium,Copyright © 2026 David YE
1893,378,BJ6480A608BEV,发动机功率(kW),,不适用(BEV),1826,377,C-same-model,同一产品型号跨批次非空值唯一一致,medium,Copyright © 2026 David YE
1893,378,BJ6480A608BEV,发动机生产企业,,不适用(BEV),1826,377,C-same-model,同一产品型号跨批次非空值唯一一致,medium,Copyright © 2026 David YE
1893,378,BJ6480A608BEV,发动机型号,,不适用(BEV),1826,377,C-same-model,同一产品型号跨批次非空值唯一一致,medium,Copyright © 2026 David YE
1894,378,BJ6539EVAA4,产品类型,,纯电动多用途乘用车,1827,377,C-same-model,同一产品型号跨批次非空值唯一一致,medium,Copyright © 2026 David YE
1894,378,BJ6539EVAA4,综合油耗(L/100km),,不适用(BEV),1827,377,C-same-model,同一产品型号跨批次非空值唯一一致,medium,Copyright © 2026 David YE
1894,378,BJ6539EVAA4,B状态油耗(L/100km),,不适用(BEV),1827,377,C-same-model,同一产品型号跨批次非空值唯一一致,medium,Copyright © 2026 David YE
1894,378,BJ6539EVAA4,发动机排量(mL),,不适用(BEV),1827,377,C-same-model,同一产品型号跨批次非空值唯一一致,medium,Copyright © 2026 David YE
1894,378,BJ6539EVAA4,发动机功率(kW),,不适用(BEV),1827,377,C-same-model,同一产品型号跨批次非空值唯一一致,medium,Copyright © 2026 David YE
1894,378,BJ6539EVAA4,发动机生产企业,,不适用(BEV),1827,377,C-same-model,同一产品型号跨批次非空值唯一一致,medium,Copyright © 2026 David YE
1894,378,BJ6539EVAA4,发动机型号,,不适用(BEV),1827,377,C-same-model,同一产品型号跨批次非空值唯一一致,medium,Copyright © 2026 David YE
1964,378,SC7157ABA6HEV,车型名称,,启源A07,3811,402,C-same-model,同一产品型号跨批次非空值唯一一致,medium,Copyright © 2026 David YE
3811,402,SC7157ABA6HEV,产品名称,,插电式增程混合动力轿车,1964,378,C-same-model,同一产品型号跨批次非空值唯一一致,medium,Copyright © 2026 David YE
3811,402,SC7157ABA6HEV,通用名称,,A07,1964,378,C-same-model,同一产品型号跨批次非空值唯一一致,medium,Copyright © 2026 David YE
1964,378,SC7157ABA6HEV,产品类型,,插电式增程混合动力轿车,3811,402,C-same-model,同一产品型号跨批次非空值唯一一致,medium,Copyright © 2026 David YE
3811,402,SC7157ABA6HEV,细分市场,,Car-D,1964,378,C-same-model,同一产品型号跨批次非空值唯一一致,medium,Copyright © 2026 David YE
3811,402,SC7157ABA6HEV,B状态油耗(L/100km),,4.9,1964,378,C-same-model,同一产品型号跨批次非空值唯一一致,medium,Copyright © 2026 David YE
2076,380,SH6481U1BEV-Z50,产品类型,,纯电动多用途乘用车,2019,379,C-same-model,同一产品型号跨批次非空值唯一一致,medium,Copyright © 2026 David YE
2076,380,SH6481U1BEV-Z50,综合油耗(L/100km),,不适用(BEV),2019,379,C-same-model,同一产品型号跨批次非空值唯一一致,medium,Copyright © 2026 David YE
2076,380,SH6481U1BEV-Z50,B状态油耗(L/100km),,不适用(BEV),2019,379,C-same-model,同一产品型号跨批次非空值唯一一致,medium,Copyright © 2026 David YE
2076,380,SH6481U1BEV-Z50,发动机排量(mL),,不适用(BEV),2019,379,C-same-model,同一产品型号跨批次非空值唯一一致,medium,Copyright © 2026 David YE
2076,380,SH6481U1BEV-Z50,发动机功率(kW),,不适用(BEV),2019,379,C-same-model,同一产品型号跨批次非空值唯一一致,medium,Copyright © 2026 David YE
2076,380,SH6481U1BEV-Z50,发动机生产企业,,不适用(BEV),2019,379,C-same-model,同一产品型号跨批次非空值唯一一致,medium,Copyright © 2026 David YE
2076,380,SH6481U1BEV-Z50,发动机型号,,不适用(BEV),2019,379,C-same-model,同一产品型号跨批次非空值唯一一致,medium,Copyright © 2026 David YE
2345,383,SC7157AAB6HEV,车型名称,,启源A07,3810,402,C-same-model,同一产品型号跨批次非空值唯一一致,medium,Copyright © 2026 David YE
3810,402,SC7157AAB6HEV,产品名称,,插电式增程混合动力轿车,2345,383,C-same-model,同一产品型号跨批次非空值唯一一致,medium,Copyright © 2026 David YE
3810,402,SC7157AAB6HEV,通用名称,,A07,2345,383,C-same-model,同一产品型号跨批次非空值唯一一致,medium,Copyright © 2026 David YE
2345,383,SC7157AAB6HEV,产品类型,,插电式混合动力,3810,402,C-same-model,同一产品型号跨批次非空值唯一一致,medium,Copyright © 2026 David YE
3810,402,SC7157AAB6HEV,细分市场,,Car-D,2345,383,C-same-model,同一产品型号跨批次非空值唯一一致,medium,Copyright © 2026 David YE
3810,402,SC7157AAB6HEV,B状态油耗(L/100km),,4.7,2345,383,C-same-model,同一产品型号跨批次非空值唯一一致,medium,Copyright © 2026 David YE
3810,402,SC7157AAB6HEV,发动机型号,未提供,JL469Q1,2345,383,C-same-model,同一产品型号跨批次非空值唯一一致,medium,Copyright © 2026 David YE
2450,384,SQR6460CHEVT1H,车型名称,,奇瑞,2347,383,C-same-model,同一产品型号跨批次非空值唯一一致,medium,Copyright © 2026 David YE
2450,384,SQR6460CHEVT1H,产品类型,,插电式混合动力多用途乘用车,2347,383,C-same-model,同一产品型号跨批次非空值唯一一致,medium,Copyright © 2026 David YE
2450,384,SQR6460CHEVT1H,轴距(mm),,2670,2347,383,C-same-model,同一产品型号跨批次非空值唯一一致,medium,Copyright © 2026 David YE
2494,385,NJ6540FBEV88,产品类型,,纯电动多用途乘用车,2424,384,C-same-model,同一产品型号跨批次非空值唯一一致,medium,Copyright © 2026 David YE
2494,385,NJ6540FBEV88,综合油耗(L/100km),,不适用(BEV),2424,384,C-same-model,同一产品型号跨批次非空值唯一一致,medium,Copyright © 2026 David YE
2494,385,NJ6540FBEV88,B状态油耗(L/100km),,不适用(BEV),2424,384,C-same-model,同一产品型号跨批次非空值唯一一致,medium,Copyright © 2026 David YE
2494,385,NJ6540FBEV88,发动机排量(mL),,不适用(BEV),2424,384,C-same-model,同一产品型号跨批次非空值唯一一致,medium,Copyright © 2026 David YE
2494,385,NJ6540FBEV88,发动机功率(kW),,不适用(BEV),2424,384,C-same-model,同一产品型号跨批次非空值唯一一致,medium,Copyright © 2026 David YE
2494,385,NJ6540FBEV88,发动机生产企业,,不适用(BEV),2424,384,C-same-model,同一产品型号跨批次非空值唯一一致,medium,Copyright © 2026 David YE
2494,385,NJ6540FBEV88,发动机型号,,不适用(BEV),2424,384,C-same-model,同一产品型号跨批次非空值唯一一致,medium,Copyright © 2026 David YE
2536,386,AHC7001BEVA1D,产品类型,,纯电动轿车,2468,385,C-same-model,同一产品型号跨批次非空值唯一一致,medium,Copyright © 2026 David YE
2536,386,AHC7001BEVA1D,综合油耗(L/100km),,不适用(BEV),2468,385,C-same-model,同一产品型号跨批次非空值唯一一致,medium,Copyright © 2026 David YE
2536,386,AHC7001BEVA1D,B状态油耗(L/100km),,不适用(BEV),2468,385,C-same-model,同一产品型号跨批次非空值唯一一致,medium,Copyright © 2026 David YE
2536,386,AHC7001BEVA1D,发动机排量(mL),,不适用(BEV),2468,385,C-same-model,同一产品型号跨批次非空值唯一一致,medium,Copyright © 2026 David YE
2536,386,AHC7001BEVA1D,发动机功率(kW),,不适用(BEV),2468,385,C-same-model,同一产品型号跨批次非空值唯一一致,medium,Copyright © 2026 David YE
2536,386,AHC7001BEVA1D,发动机生产企业,,不适用(BEV),2468,385,C-same-model,同一产品型号跨批次非空值唯一一致,medium,Copyright © 2026 David YE
2536,386,AHC7001BEVA1D,发动机型号,,不适用(BEV),2468,385,C-same-model,同一产品型号跨批次非空值唯一一致,medium,Copyright © 2026 David YE
2592,386,SC7157BBB6HEV,车型名称,,长安,2522,385,C-same-model,同一产品型号跨批次非空值唯一一致,medium,Copyright © 2026 David YE
2592,386,SC7157BBB6HEV,产品类型,,插电式混合动力轿车,2522,385,C-same-model,同一产品型号跨批次非空值唯一一致,medium,Copyright © 2026 David YE
2592,386,SC7157BBB6HEV,轴距(mm),,2700,2522,385,C-same-model,同一产品型号跨批次非空值唯一一致,medium,Copyright © 2026 David YE
2593,386,SC7157BBC6HEV,车型名称,,长安,2523,385,C-same-model,同一产品型号跨批次非空值唯一一致,medium,Copyright © 2026 David YE
2593,386,SC7157BBC6HEV,产品类型,,插电式混合动力轿车,2523,385,C-same-model,同一产品型号跨批次非空值唯一一致,medium,Copyright © 2026 David YE
2593,386,SC7157BBC6HEV,轴距(mm),,2700,2523,385,C-same-model,同一产品型号跨批次非空值唯一一致,medium,Copyright © 2026 David YE
3842,403,BJ6552EVAA2,产品商标,,福田牌,2538,386,C-same-model,同一产品型号跨批次非空值唯一一致,medium,Copyright © 2026 David YE
3842,403,BJ6552EVAA2,企业名称,,北汽福田汽车股份有限公司,2538,386,C-same-model,同一产品型号跨批次非空值唯一一致,medium,Copyright © 2026 David YE
2538,386,BJ6552EVAA2,车型名称,, 图雅诺 ,3842,403,C-same-model,同一产品型号跨批次非空值唯一一致,medium,Copyright © 2026 David YE
3842,403,BJ6552EVAA2,产品名称,,纯电动多用途乘用车,2538,386,C-same-model,同一产品型号跨批次非空值唯一一致,medium,Copyright © 2026 David YE
3842,403,BJ6552EVAA2,通用名称,,图雅诺大V,2538,386,C-same-model,同一产品型号跨批次非空值唯一一致,medium,Copyright © 2026 David YE
2607,387,BMW7001AXEV,车型名称,,宝马iX,2545,386,C-same-model,同一产品型号跨批次非空值唯一一致,medium,Copyright © 2026 David YE
2607,387,BMW7001AXEV,产品类型,,纯电动轿车,2545,386,C-same-model,同一产品型号跨批次非空值唯一一致,medium,Copyright © 2026 David YE
2607,387,BMW7001AXEV,轴距(mm),,3000,2545,386,C-same-model,同一产品型号跨批次非空值唯一一致,medium,Copyright © 2026 David YE
2607,387,BMW7001AXEV,综合油耗(L/100km),,不适用(BEV),2545,386,C-same-model,同一产品型号跨批次非空值唯一一致,medium,Copyright © 2026 David YE
2607,387,BMW7001AXEV,B状态油耗(L/100km),,不适用(BEV),2545,386,C-same-model,同一产品型号跨批次非空值唯一一致,medium,Copyright © 2026 David YE
2607,387,BMW7001AXEV,发动机排量(mL),,不适用(BEV),2545,386,C-same-model,同一产品型号跨批次非空值唯一一致,medium,Copyright © 2026 David YE
2607,387,BMW7001AXEV,发动机功率(kW),,不适用(BEV),2545,386,C-same-model,同一产品型号跨批次非空值唯一一致,medium,Copyright © 2026 David YE
2607,387,BMW7001AXEV,发动机生产企业,,不适用(BEV),2545,386,C-same-model,同一产品型号跨批次非空值唯一一致,medium,Copyright © 2026 David YE
2607,387,BMW7001AXEV,发动机型号,,不适用(BEV),2545,386,C-same-model,同一产品型号跨批次非空值唯一一致,medium,Copyright © 2026 David YE
2694,388,HQ6471DCHEV04,车型名称,,吉利车型,2639,387,C-same-model,同一产品型号跨批次非空值唯一一致,medium,Copyright © 2026 David YE
2694,388,HQ6471DCHEV04,产品类型,,插电式混合动力运动型乘用车,2639,387,C-same-model,同一产品型号跨批次非空值唯一一致,medium,Copyright © 2026 David YE
2694,388,HQ6471DCHEV04,轴距(mm),,2700,2639,387,C-same-model,同一产品型号跨批次非空值唯一一致,medium,Copyright © 2026 David YE
2695,388,HQ6471DCHEV05,车型名称,,吉利车型,2640,387,C-same-model,同一产品型号跨批次非空值唯一一致,medium,Copyright © 2026 David YE
2695,388,HQ6471DCHEV05,产品类型,,插电式混合动力运动型乘用车,2640,387,C-same-model,同一产品型号跨批次非空值唯一一致,medium,Copyright © 2026 David YE
2695,388,HQ6471DCHEV05,轴距(mm),,2700,2640,387,C-same-model,同一产品型号跨批次非空值唯一一致,medium,Copyright © 2026 David YE
2899,391,CA6490H0EVC,车型名称,,红旗,2657,388,C-same-model,同一产品型号跨批次非空值唯一一致,medium,Copyright © 2026 David YE
2899,391,CA6490H0EVC,产品类型,,纯电动多用途乘用车,2657,388,C-same-model,同一产品型号跨批次非空值唯一一致,medium,Copyright © 2026 David YE
2899,391,CA6490H0EVC,轴距(mm),,2800,2657,388,C-same-model,同一产品型号跨批次非空值唯一一致,medium,Copyright © 2026 David YE
2899,391,CA6490H0EVC,综合油耗(L/100km),,不适用(BEV),2657,388,C-same-model,同一产品型号跨批次非空值唯一一致,medium,Copyright © 2026 David YE
2899,391,CA6490H0EVC,B状态油耗(L/100km),,不适用(BEV),2657,388,C-same-model,同一产品型号跨批次非空值唯一一致,medium,Copyright © 2026 David YE
2899,391,CA6490H0EVC,发动机排量(mL),,不适用(BEV),2657,388,C-same-model,同一产品型号跨批次非空值唯一一致,medium,Copyright © 2026 David YE
2899,391,CA6490H0EVC,发动机功率(kW),,不适用(BEV),2657,388,C-same-model,同一产品型号跨批次非空值唯一一致,medium,Copyright © 2026 David YE
2899,391,CA6490H0EVC,发动机生产企业,,不适用(BEV),2657,388,C-same-model,同一产品型号跨批次非空值唯一一致,medium,Copyright © 2026 David YE
2899,391,CA6490H0EVC,发动机型号,,不适用(BEV),2657,388,C-same-model,同一产品型号跨批次非空值唯一一致,medium,Copyright © 2026 David YE
2900,391,CA6490H0EVXA,车型名称,,红旗,2658,388,C-same-model,同一产品型号跨批次非空值唯一一致,medium,Copyright © 2026 David YE
2900,391,CA6490H0EVXA,产品类型,,纯电动多用途乘用车,2658,388,C-same-model,同一产品型号跨批次非空值唯一一致,medium,Copyright © 2026 David YE
2900,391,CA6490H0EVXA,轴距(mm),,2800,2658,388,C-same-model,同一产品型号跨批次非空值唯一一致,medium,Copyright © 2026 David YE
2900,391,CA6490H0EVXA,综合油耗(L/100km),,不适用(BEV),2658,388,C-same-model,同一产品型号跨批次非空值唯一一致,medium,Copyright © 2026 David YE
2900,391,CA6490H0EVXA,B状态油耗(L/100km),,不适用(BEV),2658,388,C-same-model,同一产品型号跨批次非空值唯一一致,medium,Copyright © 2026 David YE
2900,391,CA6490H0EVXA,发动机排量(mL),,不适用(BEV),2658,388,C-same-model,同一产品型号跨批次非空值唯一一致,medium,Copyright © 2026 David YE
2900,391,CA6490H0EVXA,发动机功率(kW),,不适用(BEV),2658,388,C-same-model,同一产品型号跨批次非空值唯一一致,medium,Copyright © 2026 David YE
2900,391,CA6490H0EVXA,发动机生产企业,,不适用(BEV),2658,388,C-same-model,同一产品型号跨批次非空值唯一一致,medium,Copyright © 2026 David YE
2900,391,CA6490H0EVXA,发动机型号,,不适用(BEV),2658,388,C-same-model,同一产品型号跨批次非空值唯一一致,medium,Copyright © 2026 David YE
2823,390,JKC6463A0X1BEV,产品商标,,鑫源牌,2724,389,C-same-model,同一产品型号跨批次非空值唯一一致,medium,Copyright © 2026 David YE
2823,390,JKC6463A0X1BEV,企业名称,,鑫源汽车有限公司,2724,389,C-same-model,同一产品型号跨批次非空值唯一一致,medium,Copyright © 2026 David YE
2823,390,JKC6463A0X1BEV,产品名称,,纯电动多用途乘用车,2724,389,C-same-model,同一产品型号跨批次非空值唯一一致,medium,Copyright © 2026 David YE
2823,390,JKC6463A0X1BEV,通用名称,,纯电动多用途乘用车,2724,389,C-same-model,同一产品型号跨批次非空值唯一一致,medium,Copyright © 2026 David YE
2823,390,JKC6463A0X1BEV,产品类型,,纯电动多用途乘用车,2724,389,C-same-model,同一产品型号跨批次非空值唯一一致,medium,Copyright © 2026 David YE
2823,390,JKC6463A0X1BEV,纯电续航里程(km),,310（CLTC）,2724,389,C-same-model,同一产品型号跨批次非空值唯一一致,medium,Copyright © 2026 David YE
2724,389,JKC6463A0X1BEV,电机生产企业,,苏州汇川联合动力系统股份有限公司,2823,390,C-same-model,同一产品型号跨批次非空值唯一一致,medium,Copyright © 2026 David YE
2724,389,JKC6463A0X1BEV,电机型号,,TZ180XS128,2823,390,C-same-model,同一产品型号跨批次非空值唯一一致,medium,Copyright © 2026 David YE
2823,390,JKC6463A0X1BEV,综合油耗(L/100km),,不适用(BEV),2724,389,C-same-model,同一产品型号跨批次非空值唯一一致,medium,Copyright © 2026 David YE
2823,390,JKC6463A0X1BEV,B状态油耗(L/100km),,不适用(BEV),2724,389,C-same-model,同一产品型号跨批次非空值唯一一致,medium,Copyright © 2026 David YE
2823,390,JKC6463A0X1BEV,发动机排量(mL),,不适用(BEV),2724,389,C-same-model,同一产品型号跨批次非空值唯一一致,medium,Copyright © 2026 David YE
2823,390,JKC6463A0X1BEV,发动机功率(kW),,不适用(BEV),2724,389,C-same-model,同一产品型号跨批次非空值唯一一致,medium,Copyright © 2026 David YE
2823,390,JKC6463A0X1BEV,发动机生产企业,,不适用(BEV),2724,389,C-same-model,同一产品型号跨批次非空值唯一一致,medium,Copyright © 2026 David YE
2823,390,JKC6463A0X1BEV,发动机型号,,不适用(BEV),2724,389,C-same-model,同一产品型号跨批次非空值唯一一致,medium,Copyright © 2026 David YE
2824,390,JKC6491A0X1BEV,产品商标,,鑫源牌,2725,389,C-same-model,同一产品型号跨批次非空值唯一一致,medium,Copyright © 2026 David YE
2824,390,JKC6491A0X1BEV,企业名称,,鑫源汽车有限公司,2725,389,C-same-model,同一产品型号跨批次非空值唯一一致,medium,Copyright © 2026 David YE
2824,390,JKC6491A0X1BEV,产品名称,,纯电动多用途乘用车,2725,389,C-same-model,同一产品型号跨批次非空值唯一一致,medium,Copyright © 2026 David YE
2824,390,JKC6491A0X1BEV,通用名称,,纯电动多用途乘用车,2725,389,C-same-model,同一产品型号跨批次非空值唯一一致,medium,Copyright © 2026 David YE
2824,390,JKC6491A0X1BEV,产品类型,,纯电动多用途乘用车,2725,389,C-same-model,同一产品型号跨批次非空值唯一一致,medium,Copyright © 2026 David YE
2824,390,JKC6491A0X1BEV,纯电续航里程(km),,305（CLTC）,2725,389,C-same-model,同一产品型号跨批次非空值唯一一致,medium,Copyright © 2026 David YE
2725,389,JKC6491A0X1BEV,电机生产企业,,苏州汇川联合动力系统股份有限公司,2824,390,C-same-model,同一产品型号跨批次非空值唯一一致,medium,Copyright © 2026 David YE
2725,389,JKC6491A0X1BEV,电机型号,,TZ180XS128,2824,390,C-same-model,同一产品型号跨批次非空值唯一一致,medium,Copyright © 2026 David YE
2824,390,JKC6491A0X1BEV,综合油耗(L/100km),,不适用(BEV),2725,389,C-same-model,同一产品型号跨批次非空值唯一一致,medium,Copyright © 2026 David YE
2824,390,JKC6491A0X1BEV,B状态油耗(L/100km),,不适用(BEV),2725,389,C-same-model,同一产品型号跨批次非空值唯一一致,medium,Copyright © 2026 David YE
2824,390,JKC6491A0X1BEV,发动机排量(mL),,不适用(BEV),2725,389,C-same-model,同一产品型号跨批次非空值唯一一致,medium,Copyright © 2026 David YE
2824,390,JKC6491A0X1BEV,发动机功率(kW),,不适用(BEV),2725,389,C-same-model,同一产品型号跨批次非空值唯一一致,medium,Copyright © 2026 David YE
2824,390,JKC6491A0X1BEV,发动机生产企业,,不适用(BEV),2725,389,C-same-model,同一产品型号跨批次非空值唯一一致,medium,Copyright © 2026 David YE
2824,390,JKC6491A0X1BEV,发动机型号,,不适用(BEV),2725,389,C-same-model,同一产品型号跨批次非空值唯一一致,medium,Copyright © 2026 David YE
2826,390,JKC6491A0X4BEV,产品商标,,鑫源牌,2726,389,C-same-model,同一产品型号跨批次非空值唯一一致,medium,Copyright © 2026 David YE
2826,390,JKC6491A0X4BEV,企业名称,,鑫源汽车有限公司,2726,389,C-same-model,同一产品型号跨批次非空值唯一一致,medium,Copyright © 2026 David YE
2826,390,JKC6491A0X4BEV,产品名称,,纯电动多用途乘用车,2726,389,C-same-model,同一产品型号跨批次非空值唯一一致,medium,Copyright © 2026 David YE
2826,390,JKC6491A0X4BEV,通用名称,,纯电动多用途乘用车,2726,389,C-same-model,同一产品型号跨批次非空值唯一一致,medium,Copyright © 2026 David YE
2826,390,JKC6491A0X4BEV,产品类型,,纯电动多用途乘用车,2726,389,C-same-model,同一产品型号跨批次非空值唯一一致,medium,Copyright © 2026 David YE
2826,390,JKC6491A0X4BEV,纯电续航里程(km),,308（CLTC）,2726,389,C-same-model,同一产品型号跨批次非空值唯一一致,medium,Copyright © 2026 David YE
2726,389,JKC6491A0X4BEV,电机生产企业,,苏州汇川联合动力系统股份有限公司,2826,390,C-same-model,同一产品型号跨批次非空值唯一一致,medium,Copyright © 2026 David YE
2726,389,JKC6491A0X4BEV,电机型号,,TZ180XS128,2826,390,C-same-model,同一产品型号跨批次非空值唯一一致,medium,Copyright © 2026 David YE
2826,390,JKC6491A0X4BEV,综合油耗(L/100km),,不适用(BEV),2726,389,C-same-model,同一产品型号跨批次非空值唯一一致,medium,Copyright © 2026 David YE
2826,390,JKC6491A0X4BEV,B状态油耗(L/100km),,不适用(BEV),2726,389,C-same-model,同一产品型号跨批次非空值唯一一致,medium,Copyright © 2026 David YE
2826,390,JKC6491A0X4BEV,发动机排量(mL),,不适用(BEV),2726,389,C-same-model,同一产品型号跨批次非空值唯一一致,medium,Copyright © 2026 David YE
2826,390,JKC6491A0X4BEV,发动机功率(kW),,不适用(BEV),2726,389,C-same-model,同一产品型号跨批次非空值唯一一致,medium,Copyright © 2026 David YE
2826,390,JKC6491A0X4BEV,发动机生产企业,,不适用(BEV),2726,389,C-same-model,同一产品型号跨批次非空值唯一一致,medium,Copyright © 2026 David YE
2826,390,JKC6491A0X4BEV,发动机型号,,不适用(BEV),2726,389,C-same-model,同一产品型号跨批次非空值唯一一致,medium,Copyright © 2026 David YE
2948,391,NJL6470PHEV4,产品商标,,创维牌,2754|2864,389|390,C-same-model,同一产品型号跨批次非空值唯一一致,high,Copyright © 2026 David YE
2948,391,NJL6470PHEV4,企业名称,,南京金龙客车制造有限公司,2754|2864,389|390,C-same-model,同一产品型号跨批次非空值唯一一致,high,Copyright © 2026 David YE
2948,391,NJL6470PHEV4,通用名称,,创维HTiⅡ,2754|2864,389|390,C-same-model,同一产品型号跨批次非空值唯一一致,high,Copyright © 2026 David YE
2864,390,NJL6470PHEV4,产品类型,,插电式混合动力多用途乘用车,2754,389,C-same-model,同一产品型号跨批次非空值唯一一致,medium,Copyright © 2026 David YE
2948,391,NJL6470PHEV4,产品类型,,插电式混合动力多用途乘用车,2754,389,C-same-model,同一产品型号跨批次非空值唯一一致,medium,Copyright © 2026 David YE
2948,391,NJL6470PHEV4,细分市场,,SUV-C,2754|2864,389|390,C-same-model,同一产品型号跨批次非空值唯一一致,high,Copyright © 2026 David YE
2948,391,NJL6470PHEV4,B状态油耗(L/100km),,5.6,2754|2864,389|390,C-same-model,同一产品型号跨批次非空值唯一一致,high,Copyright © 2026 David YE
2878,390,SH6481N1CHEV,产品类型,,插电式混合动力多用途乘用车,2758,389,C-same-model,同一产品型号跨批次非空值唯一一致,medium,Copyright © 2026 David YE
2878,390,SH6481N1CHEV,发动机型号,,H15R,2758,389,C-same-model,同一产品型号跨批次非空值唯一一致,medium,Copyright © 2026 David YE
2880,390,SQR6471CHEVT1N,车型名称,,奇瑞,2766,389,C-same-model,同一产品型号跨批次非空值唯一一致,medium,Copyright © 2026 David YE
2880,390,SQR6471CHEVT1N,产品类型,,插电式混合动力多用途乘用车,2766,389,C-same-model,同一产品型号跨批次非空值唯一一致,medium,Copyright © 2026 David YE
2880,390,SQR6471CHEVT1N,轴距(mm),,2670,2766,389,C-same-model,同一产品型号跨批次非空值唯一一致,medium,Copyright © 2026 David YE
2881,390,SQR6500REEVEHY1,车型名称,,奇瑞,2767,389,C-same-model,同一产品型号跨批次非空值唯一一致,medium,Copyright © 2026 David YE
2881,390,SQR6500REEVEHY1,产品类型,,插电式混合动力多用途乘用车,2767,389,C-same-model,同一产品型号跨批次非空值唯一一致,medium,Copyright © 2026 David YE
2881,390,SQR6500REEVEHY1,轴距(mm),,2670,2767,389,C-same-model,同一产品型号跨批次非空值唯一一致,medium,Copyright © 2026 David YE
2874,390,SC6522AAA6HEV,车型名称,,深蓝S09,3803,402,C-same-model,同一产品型号跨批次非空值唯一一致,medium,Copyright © 2026 David YE
3803,402,SC6522AAA6HEV,产品名称,,S09,2874,390,C-same-model,同一产品型号跨批次非空值唯一一致,medium,Copyright © 2026 David YE
3803,402,SC6522AAA6HEV,通用名称,,S09,2874,390,C-same-model,同一产品型号跨批次非空值唯一一致,medium,Copyright © 2026 David YE
2874,390,SC6522AAA6HEV,产品类型,,插电式增程混合动力多用途乘用车,3803,402,C-same-model,同一产品型号跨批次非空值唯一一致,medium,Copyright © 2026 David YE
3803,402,SC6522AAA6HEV,细分市场,,SUV-E,2874,390,C-same-model,同一产品型号跨批次非空值唯一一致,medium,Copyright © 2026 David YE
3803,402,SC6522AAA6HEV,整备质量(kg),,2510/2590,2874,390,C-same-model,同一产品型号跨批次非空值唯一一致,medium,Copyright © 2026 David YE
3803,402,SC6522AAA6HEV,B状态油耗(L/100km),,6.6,2874,390,C-same-model,同一产品型号跨批次非空值唯一一致,medium,Copyright © 2026 David YE
3803,402,SC6522AAA6HEV,发动机生产企业,未提供具体数据,重庆长安汽车股份有限公司,2874,390,C-same-model,同一产品型号跨批次非空值唯一一致,medium,Copyright © 2026 David YE
3803,402,SC6522AAA6HEV,发动机型号,,JL469ZQ1,2874,390,C-same-model,同一产品型号跨批次非空值唯一一致,medium,Copyright © 2026 David YE
2875,390,SC6522AAB6HEV,车型名称,,深蓝S09,3804,402,C-same-model,同一产品型号跨批次非空值唯一一致,medium,Copyright © 2026 David YE
3804,402,SC6522AAB6HEV,产品名称,,S09,2875,390,C-same-model,同一产品型号跨批次非空值唯一一致,medium,Copyright © 2026 David YE
3804,402,SC6522AAB6HEV,通用名称,,S09,2875,390,C-same-model,同一产品型号跨批次非空值唯一一致,medium,Copyright © 2026 David YE
2875,390,SC6522AAB6HEV,产品类型,,插电式混合动力,3804,402,C-same-model,同一产品型号跨批次非空值唯一一致,medium,Copyright © 2026 David YE
3804,402,SC6522AAB6HEV,细分市场,,SUV-E,2875,390,C-same-model,同一产品型号跨批次非空值唯一一致,medium,Copyright © 2026 David YE
3804,402,SC6522AAB6HEV,整备质量(kg),,2668/2690,2875,390,C-same-model,同一产品型号跨批次非空值唯一一致,medium,Copyright © 2026 David YE
2875,390,SC6522AAB6HEV,轴距(mm),,"2668, 2690, 2590, 2620",3804,402,C-same-model,同一产品型号跨批次非空值唯一一致,medium,Copyright © 2026 David YE
2875,390,SC6522AAB6HEV,电机峰值功率(kW),,131/231,3804,402,C-same-model,同一产品型号跨批次非空值唯一一致,medium,Copyright © 2026 David YE
3804,402,SC6522AAB6HEV,B状态油耗(L/100km),,6.9,2875,390,C-same-model,同一产品型号跨批次非空值唯一一致,medium,Copyright © 2026 David YE
2875,390,SC6522AAB6HEV,发动机生产企业,,时代长安动力电池有限公司,3804,402,C-same-model,同一产品型号跨批次非空值唯一一致,medium,Copyright © 2026 David YE
2953,391,SKE6521SSHEVA1S,车型名称,,问界M8,3812,402,C-same-model,同一产品型号跨批次非空值唯一一致,medium,Copyright © 2026 David YE
3812,402,SKE6521SSHEVA1S,产品名称,,问界M8,2953,391,C-same-model,同一产品型号跨批次非空值唯一一致,medium,Copyright © 2026 David YE
3812,402,SKE6521SSHEVA1S,通用名称,,问界M8,2953,391,C-same-model,同一产品型号跨批次非空值唯一一致,medium,Copyright © 2026 David YE
2953,391,SKE6521SSHEVA1S,产品类型,,插电式增程混合动力多用途乘用车,3812,402,C-same-model,同一产品型号跨批次非空值唯一一致,medium,Copyright © 2026 David YE
3812,402,SKE6521SSHEVA1S,整备质量(kg),,2640/2695,2953,391,C-same-model,同一产品型号跨批次非空值唯一一致,medium,Copyright © 2026 David YE
3812,402,SKE6521SSHEVA1S,B状态油耗(L/100km),,6.6,2953,391,C-same-model,同一产品型号跨批次非空值唯一一致,medium,Copyright © 2026 David YE
3812,402,SKE6521SSHEVA1S,发动机功率(kW),未提供,118,2953,391,C-same-model,同一产品型号跨批次非空值唯一一致,medium,Copyright © 2026 David YE
3812,402,SKE6521SSHEVA1S,发动机生产企业,未提供,重庆小康动力有限公司,2953,391,C-same-model,同一产品型号跨批次非空值唯一一致,medium,Copyright © 2026 David YE
3812,402,SKE6521SSHEVA1S,发动机型号,未提供,HG15T,2953,391,C-same-model,同一产品型号跨批次非空值唯一一致,medium,Copyright © 2026 David YE
2954,391,SKE6521SSHEVA2S,车型名称,,问界M8,3813,402,C-same-model,同一产品型号跨批次非空值唯一一致,medium,Copyright © 2026 David YE
3813,402,SKE6521SSHEVA2S,产品名称,,问界M8,2954,391,C-same-model,同一产品型号跨批次非空值唯一一致,medium,Copyright © 2026 David YE
3813,402,SKE6521SSHEVA2S,通用名称,,问界M8,2954,391,C-same-model,同一产品型号跨批次非空值唯一一致,medium,Copyright © 2026 David YE
2954,391,SKE6521SSHEVA2S,产品类型,,插电式增程混合动力多用途乘用车,3813,402,C-same-model,同一产品型号跨批次非空值唯一一致,medium,Copyright © 2026 David YE
3813,402,SKE6521SSHEVA2S,整备质量(kg),,2640/2695,2954,391,C-same-model,同一产品型号跨批次非空值唯一一致,medium,Copyright © 2026 David YE
3813,402,SKE6521SSHEVA2S,B状态油耗(L/100km),,6.6,2954,391,C-same-model,同一产品型号跨批次非空值唯一一致,medium,Copyright © 2026 David YE
3813,402,SKE6521SSHEVA2S,发动机功率(kW),未提供具体数据,118,2954,391,C-same-model,同一产品型号跨批次非空值唯一一致,medium,Copyright © 2026 David YE
3813,402,SKE6521SSHEVA2S,发动机生产企业,未提供具体数据,重庆小康动力有限公司,2954,391,C-same-model,同一产品型号跨批次非空值唯一一致,medium,Copyright © 2026 David YE
3813,402,SKE6521SSHEVA2S,发动机型号,,HG15T,2954,391,C-same-model,同一产品型号跨批次非空值唯一一致,medium,Copyright © 2026 David YE
2955,391,SKE6521SSHEVA3S,车型名称,,问界M8,3814,402,C-same-model,同一产品型号跨批次非空值唯一一致,medium,Copyright © 2026 David YE
3814,402,SKE6521SSHEVA3S,产品名称,,问界M8,2955,391,C-same-model,同一产品型号跨批次非空值唯一一致,medium,Copyright © 2026 David YE
3814,402,SKE6521SSHEVA3S,通用名称,,问界M8,2955,391,C-same-model,同一产品型号跨批次非空值唯一一致,medium,Copyright © 2026 David YE
2955,391,SKE6521SSHEVA3S,产品类型,,插电式增程混合动力多用途乘用车,3814,402,C-same-model,同一产品型号跨批次非空值唯一一致,medium,Copyright © 2026 David YE
3814,402,SKE6521SSHEVA3S,整备质量(kg),,2660/2715,2955,391,C-same-model,同一产品型号跨批次非空值唯一一致,medium,Copyright © 2026 David YE
3814,402,SKE6521SSHEVA3S,纯电续航里程(km),,235/240,2955,391,C-same-model,同一产品型号跨批次非空值唯一一致,medium,Copyright © 2026 David YE
3814,402,SKE6521SSHEVA3S,B状态油耗(L/100km),,6.60/6.50,2955,391,C-same-model,同一产品型号跨批次非空值唯一一致,medium,Copyright © 2026 David YE
3814,402,SKE6521SSHEVA3S,发动机功率(kW),未提供具体数据,118,2955,391,C-same-model,同一产品型号跨批次非空值唯一一致,medium,Copyright © 2026 David YE
3814,402,SKE6521SSHEVA3S,发动机生产企业,未提供具体数据,重庆小康动力有限公司,2955,391,C-same-model,同一产品型号跨批次非空值唯一一致,medium,Copyright © 2026 David YE
3814,402,SKE6521SSHEVA3S,发动机型号,,HG15T,2955,391,C-same-model,同一产品型号跨批次非空值唯一一致,medium,Copyright © 2026 David YE
2956,391,SKE6521SSHEVA4S,车型名称,,问界M8,3815,402,C-same-model,同一产品型号跨批次非空值唯一一致,medium,Copyright © 2026 David YE
3815,402,SKE6521SSHEVA4S,产品名称,,问界M8,2956,391,C-same-model,同一产品型号跨批次非空值唯一一致,medium,Copyright © 2026 David YE
3815,402,SKE6521SSHEVA4S,通用名称,,问界M8,2956,391,C-same-model,同一产品型号跨批次非空值唯一一致,medium,Copyright © 2026 David YE
2956,391,SKE6521SSHEVA4S,产品类型,,插电式增程混合动力多用途乘用车,3815,402,C-same-model,同一产品型号跨批次非空值唯一一致,medium,Copyright © 2026 David YE
3815,402,SKE6521SSHEVA4S,整备质量(kg),,2660/2715,2956,391,C-same-model,同一产品型号跨批次非空值唯一一致,medium,Copyright © 2026 David YE
3815,402,SKE6521SSHEVA4S,纯电续航里程(km),,235/240,2956,391,C-same-model,同一产品型号跨批次非空值唯一一致,medium,Copyright © 2026 David YE
3815,402,SKE6521SSHEVA4S,B状态油耗(L/100km),,6.60/6.50,2956,391,C-same-model,同一产品型号跨批次非空值唯一一致,medium,Copyright © 2026 David YE
3815,402,SKE6521SSHEVA4S,发动机功率(kW),未提供,118,2956,391,C-same-model,同一产品型号跨批次非空值唯一一致,medium,Copyright © 2026 David YE
3815,402,SKE6521SSHEVA4S,发动机生产企业,未提供,重庆小康动力有限公司,2956,391,C-same-model,同一产品型号跨批次非空值唯一一致,medium,Copyright © 2026 David YE
3815,402,SKE6521SSHEVA4S,发动机型号,,HG15T,2956,391,C-same-model,同一产品型号跨批次非空值唯一一致,medium,Copyright © 2026 David YE
2958,391,SKE6521SSHEVAS,车型名称,,问界M8,3816,402,C-same-model,同一产品型号跨批次非空值唯一一致,medium,Copyright © 2026 David YE
3816,402,SKE6521SSHEVAS,产品名称,,问界M8,2958,391,C-same-model,同一产品型号跨批次非空值唯一一致,medium,Copyright © 2026 David YE
3816,402,SKE6521SSHEVAS,通用名称,,问界M8,2958,391,C-same-model,同一产品型号跨批次非空值唯一一致,medium,Copyright © 2026 David YE
2958,391,SKE6521SSHEVAS,产品类型,,插电式增程混合动力多用途乘用车,3816,402,C-same-model,同一产品型号跨批次非空值唯一一致,medium,Copyright © 2026 David YE
3816,402,SKE6521SSHEVAS,整备质量(kg),,2640/2695,2958,391,C-same-model,同一产品型号跨批次非空值唯一一致,medium,Copyright © 2026 David YE
3816,402,SKE6521SSHEVAS,B状态油耗(L/100km),,6.6,2958,391,C-same-model,同一产品型号跨批次非空值唯一一致,medium,Copyright © 2026 David YE
3816,402,SKE6521SSHEVAS,发动机功率(kW),未提供,118,2958,391,C-same-model,同一产品型号跨批次非空值唯一一致,medium,Copyright © 2026 David YE
3816,402,SKE6521SSHEVAS,发动机生产企业,未提供,重庆小康动力有限公司,2958,391,C-same-model,同一产品型号跨批次非空值唯一一致,medium,Copyright © 2026 David YE
3816,402,SKE6521SSHEVAS,发动机型号,未提供,HG15T,2958,391,C-same-model,同一产品型号跨批次非空值唯一一致,medium,Copyright © 2026 David YE
3744,402,BJ7150K711RSHEV,企业名称,,北京新能源汽车股份有限公司,2992,392,C-same-model,同一产品型号跨批次非空值唯一一致,medium,Copyright © 2026 David YE
2992,392,BJ7150K711RSHEV,车型名称,,享界S9,3744,402,C-same-model,同一产品型号跨批次非空值唯一一致,medium,Copyright © 2026 David YE
3744,402,BJ7150K711RSHEV,产品名称,,享界S9,2992,392,C-same-model,同一产品型号跨批次非空值唯一一致,medium,Copyright © 2026 David YE
3744,402,BJ7150K711RSHEV,通用名称,,享界S9,2992,392,C-same-model,同一产品型号跨批次非空值唯一一致,medium,Copyright © 2026 David YE
2992,392,BJ7150K711RSHEV,产品类型,,插电式增程混合动力轿车,3744,402,C-same-model,同一产品型号跨批次非空值唯一一致,medium,Copyright © 2026 David YE
3744,402,BJ7150K711RSHEV,纯电续航里程(km),,290/265,2992,392,C-same-model,同一产品型号跨批次非空值唯一一致,medium,Copyright © 2026 David YE
3744,402,BJ7150K711RSHEV,B状态油耗(L/100km),,5.93/6.48,2992,392,C-same-model,同一产品型号跨批次非空值唯一一致,medium,Copyright © 2026 David YE
3744,402,BJ7150K711RSHEV,发动机生产企业,,北京汽车动力总成有限公司,2992,392,C-same-model,同一产品型号跨批次非空值唯一一致,medium,Copyright © 2026 David YE
3744,402,BJ7150K711RSHEV,发动机型号,,A156T2H,2992,392,C-same-model,同一产品型号跨批次非空值唯一一致,medium,Copyright © 2026 David YE
3114,394,EQ6497AL5F1SHEV,企业名称,,岚图汽车科技有限公司,3762,402,C-same-model,同一产品型号跨批次非空值唯一一致,medium,Copyright © 2026 David YE
3114,394,EQ6497AL5F1SHEV,车型名称,,岚图Free,3762,402,C-same-model,同一产品型号跨批次非空值唯一一致,medium,Copyright © 2026 David YE
3762,402,EQ6497AL5F1SHEV,产品名称,,岚图FREE,3114,394,C-same-model,同一产品型号跨批次非空值唯一一致,medium,Copyright © 2026 David YE
3762,402,EQ6497AL5F1SHEV,通用名称,,岚图FREE,3114,394,C-same-model,同一产品型号跨批次非空值唯一一致,medium,Copyright © 2026 David YE
3114,394,EQ6497AL5F1SHEV,产品类型,,插电式增程混合动力多用途乘用车,3762,402,C-same-model,同一产品型号跨批次非空值唯一一致,medium,Copyright © 2026 David YE
3762,402,EQ6497AL5F1SHEV,纯电续航里程(km),,235/225,3114,394,C-same-model,同一产品型号跨批次非空值唯一一致,medium,Copyright © 2026 David YE
3762,402,EQ6497AL5F1SHEV,B状态油耗(L/100km),,6.11,3114,394,C-same-model,同一产品型号跨批次非空值唯一一致,medium,Copyright © 2026 David YE
3762,402,EQ6497AL5F1SHEV,发动机功率(kW),未提供具体数据,95kW,3114,394,C-same-model,同一产品型号跨批次非空值唯一一致,medium,Copyright © 2026 David YE
3762,402,EQ6497AL5F1SHEV,发动机生产企业,未提供具体数据,哈尔滨东安汽车动力股份有限公司,3114,394,C-same-model,同一产品型号跨批次非空值唯一一致,medium,Copyright © 2026 David YE
3762,402,EQ6497AL5F1SHEV,发动机型号,未提供具体数据,DAM15NTEDU,3114,394,C-same-model,同一产品型号跨批次非空值唯一一致,medium,Copyright © 2026 David YE
3115,394,EQ6497AL5F2SHEV,车型名称,,岚图Free,3763,402,C-same-model,同一产品型号跨批次非空值唯一一致,medium,Copyright © 2026 David YE
3763,402,EQ6497AL5F2SHEV,产品名称,,岚图FREE,3115,394,C-same-model,同一产品型号跨批次非空值唯一一致,medium,Copyright © 2026 David YE
3763,402,EQ6497AL5F2SHEV,通用名称,,岚图FREE,3115,394,C-same-model,同一产品型号跨批次非空值唯一一致,medium,Copyright © 2026 David YE
3115,394,EQ6497AL5F2SHEV,产品类型,,插电式增程混合动力多用途乘用车,3763,402,C-same-model,同一产品型号跨批次非空值唯一一致,medium,Copyright © 2026 David YE
3763,402,EQ6497AL5F2SHEV,纯电续航里程(km),,196/190,3115,394,C-same-model,同一产品型号跨批次非空值唯一一致,medium,Copyright © 2026 David YE
3763,402,EQ6497AL5F2SHEV,B状态油耗(L/100km),,6.85,3115,394,C-same-model,同一产品型号跨批次非空值唯一一致,medium,Copyright © 2026 David YE
3763,402,EQ6497AL5F2SHEV,发动机功率(kW),未提供,95kW,3115,394,C-same-model,同一产品型号跨批次非空值唯一一致,medium,Copyright © 2026 David YE
3763,402,EQ6497AL5F2SHEV,发动机生产企业,未提供,哈尔滨东安汽车动力股份有限公司,3115,394,C-same-model,同一产品型号跨批次非空值唯一一致,medium,Copyright © 2026 David YE
3763,402,EQ6497AL5F2SHEV,发动机型号,,DAM15NTEDU,3115,394,C-same-model,同一产品型号跨批次非空值唯一一致,medium,Copyright © 2026 David YE
3271,396,EQ2031RMV6PHEV,产品类型,,插电式混合动力轿车,3188,395,C-same-model,同一产品型号跨批次非空值唯一一致,medium,Copyright © 2026 David YE
3288,396,SC7150AAAN6HEV,车型名称,,阿维塔06,3805,402,C-same-model,同一产品型号跨批次非空值唯一一致,medium,Copyright © 2026 David YE
3805,402,SC7150AAAN6HEV,产品名称,,A07,3288,396,C-same-model,同一产品型号跨批次非空值唯一一致,medium,Copyright © 2026 David YE
3805,402,SC7150AAAN6HEV,通用名称,,A07,3288,396,C-same-model,同一产品型号跨批次非空值唯一一致,medium,Copyright © 2026 David YE
3288,396,SC7150AAAN6HEV,产品类型,,插电式混合动力,3805,402,C-same-model,同一产品型号跨批次非空值唯一一致,medium,Copyright © 2026 David YE
3805,402,SC7150AAAN6HEV,B状态油耗(L/100km),,4.48,3288,396,C-same-model,同一产品型号跨批次非空值唯一一致,medium,Copyright © 2026 David YE
3805,402,SC7150AAAN6HEV,发动机生产企业,未提供,重庆长安汽车股份有限公司,3288,396,C-same-model,同一产品型号跨批次非空值唯一一致,medium,Copyright © 2026 David YE
3805,402,SC7150AAAN6HEV,发动机型号,未提供,JL469Q1,3288,396,C-same-model,同一产品型号跨批次非空值唯一一致,medium,Copyright © 2026 David YE
3289,396,SC7150AAAU6HEV,产品商标,,长安牌,3807,402,C-same-model,同一产品型号跨批次非空值唯一一致,medium,Copyright © 2026 David YE
3289,396,SC7150AAAU6HEV,企业名称,,重庆长安汽车股份有限公司,3807,402,C-same-model,同一产品型号跨批次非空值唯一一致,medium,Copyright © 2026 David YE
3289,396,SC7150AAAU6HEV,车型名称,,阿维塔06,3807,402,C-same-model,同一产品型号跨批次非空值唯一一致,medium,Copyright © 2026 David YE
3807,402,SC7150AAAU6HEV,产品名称,,A07,3289,396,C-same-model,同一产品型号跨批次非空值唯一一致,medium,Copyright © 2026 David YE
3807,402,SC7150AAAU6HEV,通用名称,,A07,3289,396,C-same-model,同一产品型号跨批次非空值唯一一致,medium,Copyright © 2026 David YE
3289,396,SC7150AAAU6HEV,产品类型,,插电式增程混合动力轿车,3807,402,C-same-model,同一产品型号跨批次非空值唯一一致,medium,Copyright © 2026 David YE
3807,402,SC7150AAAU6HEV,B状态油耗(L/100km),,4.4,3289,396,C-same-model,同一产品型号跨批次非空值唯一一致,medium,Copyright © 2026 David YE
3807,402,SC7150AAAU6HEV,发动机生产企业,未提供,重庆长安汽车股份有限公司,3289,396,C-same-model,同一产品型号跨批次非空值唯一一致,medium,Copyright © 2026 David YE
3807,402,SC7150AAAU6HEV,发动机型号,未提供,JL469Q1,3289,396,C-same-model,同一产品型号跨批次非空值唯一一致,medium,Copyright © 2026 David YE
3737,402,BAW6514MB6SHEV,轴距(mm),未提供,3010,3344,398,C-same-model,同一产品型号跨批次非空值唯一一致,medium,Copyright © 2026 David YE
3737,402,BAW6514MB6SHEV,电机峰值功率(kW),未提供,150 / 200,3344,398,C-same-model,同一产品型号跨批次非空值唯一一致,medium,Copyright © 2026 David YE
3737,402,BAW6514MB6SHEV,发动机生产企业,未提供,沈阳航天三菱发动机制造有限公司,3344,398,C-same-model,同一产品型号跨批次非空值唯一一致,medium,Copyright © 2026 David YE
3737,402,BAW6514MB6SHEV,发动机型号,未提供,4A95TD,3344,398,C-same-model,同一产品型号跨批次非空值唯一一致,medium,Copyright © 2026 David YE
3446,399,CA6492HA6PHEVT,产品商标,请提供具体的正文内容，以便我提取产品商标。,红旗牌,3353,398,C-same-model,同一产品型号跨批次非空值唯一一致,medium,Copyright © 2026 David YE
3446,399,CA6492HA6PHEVT,企业名称,,中国第一汽车集团有限公司,3353,398,C-same-model,同一产品型号跨批次非空值唯一一致,medium,Copyright © 2026 David YE
3446,399,CA6492HA6PHEVT,细分市场,,SUV-D,3353,398,C-same-model,同一产品型号跨批次非空值唯一一致,medium,Copyright © 2026 David YE
3446,399,CA6492HA6PHEVT,轴距(mm),请提供具体的正文内容，以便我从中提取轴距信息。,2925,3353,398,C-same-model,同一产品型号跨批次非空值唯一一致,medium,Copyright © 2026 David YE
3446,399,CA6492HA6PHEVT,电池类型,请提供具体的正文内容，以便我进行储能装置单体种类的提取。,磷酸铁锂蓄电池,3353,398,C-same-model,同一产品型号跨批次非空值唯一一致,medium,Copyright © 2026 David YE
3446,399,CA6492HA6PHEVT,发动机生产企业,请提供具体的正文内容，以便我进行发动机生产企业信息的提取。,中国第一汽车集团有限公司,3353,398,C-same-model,同一产品型号跨批次非空值唯一一致,medium,Copyright © 2026 David YE
3446,399,CA6492HA6PHEVT,发动机型号,请提供具体的正文内容，以便我提取发动机型号。,CA4GB15TDH-36,3353,398,C-same-model,同一产品型号跨批次非空值唯一一致,medium,Copyright © 2026 David YE
3447,399,CA6492HA6PHEVTA,产品商标,请提供具体的正文内容，以便我进行产品商标的提取。,红旗牌,3354,398,C-same-model,同一产品型号跨批次非空值唯一一致,medium,Copyright © 2026 David YE
3447,399,CA6492HA6PHEVTA,企业名称,,中国第一汽车集团有限公司,3354,398,C-same-model,同一产品型号跨批次非空值唯一一致,medium,Copyright © 2026 David YE
3447,399,CA6492HA6PHEVTA,细分市场,,SUV-D,3354,398,C-same-model,同一产品型号跨批次非空值唯一一致,medium,Copyright © 2026 David YE
3447,399,CA6492HA6PHEVTA,轴距(mm),请提供具体的正文内容，以便我从中提取轴距信息。,2925,3354,398,C-same-model,同一产品型号跨批次非空值唯一一致,medium,Copyright © 2026 David YE
3447,399,CA6492HA6PHEVTA,电池类型,请提供具体的正文内容，以便我进行储能装置单体种类的提取。,磷酸铁锂蓄电池,3354,398,C-same-model,同一产品型号跨批次非空值唯一一致,medium,Copyright © 2026 David YE
3447,399,CA6492HA6PHEVTA,发动机生产企业,请提供具体的正文内容，以便我提取发动机生产企业信息。,中国第一汽车集团有限公司,3354,398,C-same-model,同一产品型号跨批次非空值唯一一致,medium,Copyright © 2026 David YE
3447,399,CA6492HA6PHEVTA,发动机型号,请提供具体的正文内容，以便我提取发动机型号。,CA4GB15TDH-36,3354,398,C-same-model,同一产品型号跨批次非空值唯一一致,medium,Copyright © 2026 David YE
3448,399,CA6492HA6PHEVTX,产品商标,请提供具体的正文内容，以便我进行产品商标的提取。,红旗牌,3355,398,C-same-model,同一产品型号跨批次非空值唯一一致,medium,Copyright © 2026 David YE
3448,399,CA6492HA6PHEVTX,企业名称,,中国第一汽车集团有限公司,3355,398,C-same-model,同一产品型号跨批次非空值唯一一致,medium,Copyright © 2026 David YE
3448,399,CA6492HA6PHEVTX,细分市场,,SUV-D,3355,398,C-same-model,同一产品型号跨批次非空值唯一一致,medium,Copyright © 2026 David YE
3448,399,CA6492HA6PHEVTX,轴距(mm),请提供具体的正文内容，以便我从中提取轴距信息。,2925,3355,398,C-same-model,同一产品型号跨批次非空值唯一一致,medium,Copyright © 2026 David YE
3448,399,CA6492HA6PHEVTX,电池类型,请提供具体的正文内容，以便我进行信息提取。,磷酸铁锂蓄电池,3355,398,C-same-model,同一产品型号跨批次非空值唯一一致,medium,Copyright © 2026 David YE
3448,399,CA6492HA6PHEVTX,发动机生产企业,请提供具体的正文内容，以便我进行发动机生产企业信息的提取。,中国第一汽车集团有限公司,3355,398,C-same-model,同一产品型号跨批次非空值唯一一致,medium,Copyright © 2026 David YE
3448,399,CA6492HA6PHEVTX,发动机型号,请提供具体的正文内容，以便我提取发动机型号。,CA4GB15TDH-36,3355,398,C-same-model,同一产品型号跨批次非空值唯一一致,medium,Copyright © 2026 David YE
3757,402,CSA6531LFSHEV2,轴距(mm),未提供具体数值,3160,3363,398,C-same-model,同一产品型号跨批次非空值唯一一致,medium,Copyright © 2026 David YE
3757,402,CSA6531LFSHEV2,发动机生产企业,,上海汽车集团股份有限公司,3363,398,C-same-model,同一产品型号跨批次非空值唯一一致,medium,Copyright © 2026 David YE
3757,402,CSA6531LFSHEV2,发动机型号,未提供具体型号,15FNE,3363,398,C-same-model,同一产品型号跨批次非空值唯一一致,medium,Copyright © 2026 David YE
3473,399,NHQ6530SHEVHA,产品商标,请提供具体的正文内容，以便我提取产品商标。,小鹏牌,3374,398,C-same-model,同一产品型号跨批次非空值唯一一致,medium,Copyright © 2026 David YE
3473,399,NHQ6530SHEVHA,企业名称,,广州小鹏汽车科技有限公司,3374,398,C-same-model,同一产品型号跨批次非空值唯一一致,medium,Copyright © 2026 David YE
3473,399,NHQ6530SHEVHA,细分市场,,MPV-D,3374,398,C-same-model,同一产品型号跨批次非空值唯一一致,medium,Copyright © 2026 David YE
3473,399,NHQ6530SHEVHA,发动机生产企业,请提供具体的正文内容，以便我进行发动机生产企业信息的提取。,哈尔滨东安汽车动力股份有限公司,3374,398,C-same-model,同一产品型号跨批次非空值唯一一致,medium,Copyright © 2026 David YE
3473,399,NHQ6530SHEVHA,发动机型号,请提供具体的正文内容，以便我提取发动机型号。,DAM15NTE,3374,398,C-same-model,同一产品型号跨批次非空值唯一一致,medium,Copyright © 2026 David YE
3393,398,SQR6520REEVE022,企业名称,,奇瑞新能源汽车股份有限公司,3836,402,C-same-model,同一产品型号跨批次非空值唯一一致,medium,Copyright © 2026 David YE
3836,402,SQR6520REEVE022,细分市场,,SUV-D,3393,398,C-same-model,同一产品型号跨批次非空值唯一一致,medium,Copyright © 2026 David YE
3836,402,SQR6520REEVE022,轴距(mm),未提供具体数据,3120,3393,398,C-same-model,同一产品型号跨批次非空值唯一一致,medium,Copyright © 2026 David YE
3836,402,SQR6520REEVE022,发动机生产企业,未提供具体数据,奇瑞汽车股份有限公司,3393,398,C-same-model,同一产品型号跨批次非空值唯一一致,medium,Copyright © 2026 David YE
3836,402,SQR6520REEVE022,发动机型号,未提供具体数据,SQRH4J15,3393,398,C-same-model,同一产品型号跨批次非空值唯一一致,medium,Copyright © 2026 David YE
3403,399,CSA6453JBEV5,企业名称,,上海汽车集团股份有限公司,3496,400,C-same-model,同一产品型号跨批次非空值唯一一致,medium,Copyright © 2026 David YE
3496,400,CSA6453JBEV5,细分市场,,SUV-C,3403,399,C-same-model,同一产品型号跨批次非空值唯一一致,medium,Copyright © 2026 David YE
3403,399,CSA6453JBEV5,综合油耗(L/100km),,不适用(BEV),3496,400,C-same-model,同一产品型号跨批次非空值唯一一致,medium,Copyright © 2026 David YE
3403,399,CSA6453JBEV5,B状态油耗(L/100km),,不适用(BEV),3496,400,C-same-model,同一产品型号跨批次非空值唯一一致,medium,Copyright © 2026 David YE
3403,399,CSA6453JBEV5,发动机排量(mL),,不适用(BEV),3496,400,C-same-model,同一产品型号跨批次非空值唯一一致,medium,Copyright © 2026 David YE
3403,399,CSA6453JBEV5,发动机功率(kW),,不适用(BEV),3496,400,C-same-model,同一产品型号跨批次非空值唯一一致,medium,Copyright © 2026 David YE
3403,399,CSA6453JBEV5,发动机生产企业,,不适用(BEV),3496,400,C-same-model,同一产品型号跨批次非空值唯一一致,medium,Copyright © 2026 David YE
3403,399,CSA6453JBEV5,发动机型号,,不适用(BEV),3496,400,C-same-model,同一产品型号跨批次非空值唯一一致,medium,Copyright © 2026 David YE
3404,399,CSA6453JBEV6,企业名称,,上海汽车集团股份有限公司,3497,400,C-same-model,同一产品型号跨批次非空值唯一一致,medium,Copyright © 2026 David YE
3497,400,CSA6453JBEV6,细分市场,,SUV-C,3404,399,C-same-model,同一产品型号跨批次非空值唯一一致,medium,Copyright © 2026 David YE
3497,400,CSA6453JBEV6,纯电续航里程(km),,515/525,3404,399,C-same-model,同一产品型号跨批次非空值唯一一致,medium,Copyright © 2026 David YE
3404,399,CSA6453JBEV6,综合油耗(L/100km),,不适用(BEV),3497,400,C-same-model,同一产品型号跨批次非空值唯一一致,medium,Copyright © 2026 David YE
3404,399,CSA6453JBEV6,B状态油耗(L/100km),,不适用(BEV),3497,400,C-same-model,同一产品型号跨批次非空值唯一一致,medium,Copyright © 2026 David YE
3404,399,CSA6453JBEV6,发动机排量(mL),,不适用(BEV),3497,400,C-same-model,同一产品型号跨批次非空值唯一一致,medium,Copyright © 2026 David YE
3404,399,CSA6453JBEV6,发动机功率(kW),,不适用(BEV),3497,400,C-same-model,同一产品型号跨批次非空值唯一一致,medium,Copyright © 2026 David YE
3404,399,CSA6453JBEV6,发动机生产企业,,不适用(BEV),3497,400,C-same-model,同一产品型号跨批次非空值唯一一致,medium,Copyright © 2026 David YE
3404,399,CSA6453JBEV6,发动机型号,,不适用(BEV),3497,400,C-same-model,同一产品型号跨批次非空值唯一一致,medium,Copyright © 2026 David YE
3839,402,SQR7150CHEVM1E8,细分市场,,Car-C,3483,399,C-same-model,同一产品型号跨批次非空值唯一一致,medium,Copyright © 2026 David YE
3839,402,SQR7150CHEVM1E8,轴距(mm),未提供具体数据,2790,3483,399,C-same-model,同一产品型号跨批次非空值唯一一致,medium,Copyright © 2026 David YE
3839,402,SQR7150CHEVM1E8,发动机生产企业,,奇瑞汽车股份有限公司,3483,399,C-same-model,同一产品型号跨批次非空值唯一一致,medium,Copyright © 2026 David YE
3512,400,SQR7000BEVE03A,企业名称,,奇瑞汽车股份有限公司,3601,401,C-same-model,同一产品型号跨批次非空值唯一一致,medium,Copyright © 2026 David YE
3601,401,SQR7000BEVE03A,纯电续航里程(km),,835/860,3512,400,C-same-model,同一产品型号跨批次非空值唯一一致,medium,Copyright © 2026 David YE
3512,400,SQR7000BEVE03A,综合油耗(L/100km),,不适用(BEV),3601,401,C-same-model,同一产品型号跨批次非空值唯一一致,medium,Copyright © 2026 David YE
3512,400,SQR7000BEVE03A,B状态油耗(L/100km),,不适用(BEV),3601,401,C-same-model,同一产品型号跨批次非空值唯一一致,medium,Copyright © 2026 David YE
3512,400,SQR7000BEVE03A,发动机排量(mL),,不适用(BEV),3601,401,C-same-model,同一产品型号跨批次非空值唯一一致,medium,Copyright © 2026 David YE
3512,400,SQR7000BEVE03A,发动机功率(kW),,不适用(BEV),3601,401,C-same-model,同一产品型号跨批次非空值唯一一致,medium,Copyright © 2026 David YE
3512,400,SQR7000BEVE03A,发动机生产企业,,不适用(BEV),3601,401,C-same-model,同一产品型号跨批次非空值唯一一致,medium,Copyright © 2026 David YE
3512,400,SQR7000BEVE03A,发动机型号,,不适用(BEV),3601,401,C-same-model,同一产品型号跨批次非空值唯一一致,medium,Copyright © 2026 David YE
3745,402,BJ7150K712RSHEV,轴距(mm),未提供,3050,3516,400,C-same-model,同一产品型号跨批次非空值唯一一致,medium,Copyright © 2026 David YE
3745,402,BJ7150K712RSHEV,发动机生产企业,未提供,北京汽车动力总成有限公司,3516,400,C-same-model,同一产品型号跨批次非空值唯一一致,medium,Copyright © 2026 David YE
3745,402,BJ7150K712RSHEV,发动机型号,,A156T2H,3516,400,C-same-model,同一产品型号跨批次非空值唯一一致,medium,Copyright © 2026 David YE
3746,402,BJ7150K713RSHEV,轴距(mm),未提供,3050,3517,400,C-same-model,同一产品型号跨批次非空值唯一一致,medium,Copyright © 2026 David YE
3746,402,BJ7150K713RSHEV,发动机生产企业,,北京汽车动力总成有限公司,3517,400,C-same-model,同一产品型号跨批次非空值唯一一致,medium,Copyright © 2026 David YE
3746,402,BJ7150K713RSHEV,发动机型号,,A156T2H,3517,400,C-same-model,同一产品型号跨批次非空值唯一一致,medium,Copyright © 2026 David YE
3614,401,CC6470CF26CPHEV,产品商标,,哈弗牌,3518,400,C-same-model,同一产品型号跨批次非空值唯一一致,medium,Copyright © 2026 David YE
3614,401,CC6470CF26CPHEV,企业名称,,长城汽车股份有限公司,3518,400,C-same-model,同一产品型号跨批次非空值唯一一致,medium,Copyright © 2026 David YE
3614,401,CC6470CF26CPHEV,轴距(mm),,2810,3518,400,C-same-model,同一产品型号跨批次非空值唯一一致,medium,Copyright © 2026 David YE
3614,401,CC6470CF26CPHEV,发动机生产企业,,长城汽车股份有限公司,3518,400,C-same-model,同一产品型号跨批次非空值唯一一致,medium,Copyright © 2026 David YE
3614,401,CC6470CF26CPHEV,发动机型号,,GW4B15M,3518,400,C-same-model,同一产品型号跨批次非空值唯一一致,medium,Copyright © 2026 David YE
3616,401,CC6470CF26EPHEV,产品商标,,哈弗牌,3519,400,C-same-model,同一产品型号跨批次非空值唯一一致,medium,Copyright © 2026 David YE
3616,401,CC6470CF26EPHEV,企业名称,,长城汽车股份有限公司,3519,400,C-same-model,同一产品型号跨批次非空值唯一一致,medium,Copyright © 2026 David YE
3616,401,CC6470CF26EPHEV,轴距(mm),,2810,3519,400,C-same-model,同一产品型号跨批次非空值唯一一致,medium,Copyright © 2026 David YE
3616,401,CC6470CF26EPHEV,发动机生产企业,,长城汽车股份有限公司,3519,400,C-same-model,同一产品型号跨批次非空值唯一一致,medium,Copyright © 2026 David YE
3616,401,CC6470CF26EPHEV,发动机型号,,GW4B15M,3519,400,C-same-model,同一产品型号跨批次非空值唯一一致,medium,Copyright © 2026 David YE
3618,401,CC6480BT25NPHEV,产品商标,,哈弗牌,3520,400,C-same-model,同一产品型号跨批次非空值唯一一致,medium,Copyright © 2026 David YE
3618,401,CC6480BT25NPHEV,企业名称,,长城汽车股份有限公司,3520,400,C-same-model,同一产品型号跨批次非空值唯一一致,medium,Copyright © 2026 David YE
3618,401,CC6480BT25NPHEV,轴距(mm),,2810,3520,400,C-same-model,同一产品型号跨批次非空值唯一一致,medium,Copyright © 2026 David YE
3618,401,CC6480BT25NPHEV,发动机生产企业,,长城汽车股份有限公司,3520,400,C-same-model,同一产品型号跨批次非空值唯一一致,medium,Copyright © 2026 David YE
3618,401,CC6480BT25NPHEV,发动机型号,,GW4B15H,3520,400,C-same-model,同一产品型号跨批次非空值唯一一致,medium,Copyright © 2026 David YE
3619,401,CC6480BT25QPHEV,产品商标,,哈弗牌,3521,400,C-same-model,同一产品型号跨批次非空值唯一一致,medium,Copyright © 2026 David YE
3619,401,CC6480BT25QPHEV,企业名称,,长城汽车股份有限公司,3521,400,C-same-model,同一产品型号跨批次非空值唯一一致,medium,Copyright © 2026 David YE
3619,401,CC6480BT25QPHEV,轴距(mm),,2810,3521,400,C-same-model,同一产品型号跨批次非空值唯一一致,medium,Copyright © 2026 David YE
3619,401,CC6480BT25QPHEV,发动机生产企业,,长城汽车股份有限公司,3521,400,C-same-model,同一产品型号跨批次非空值唯一一致,medium,Copyright © 2026 David YE
3619,401,CC6480BT25QPHEV,发动机型号,,GW4B15H,3521,400,C-same-model,同一产品型号跨批次非空值唯一一致,medium,Copyright © 2026 David YE
3620,401,CC6480CW23NPHEV,产品商标,,哈弗牌,3522,400,C-same-model,同一产品型号跨批次非空值唯一一致,medium,Copyright © 2026 David YE
3620,401,CC6480CW23NPHEV,企业名称,,长城汽车股份有限公司,3522,400,C-same-model,同一产品型号跨批次非空值唯一一致,medium,Copyright © 2026 David YE
3620,401,CC6480CW23NPHEV,轴距(mm),,2738,3522,400,C-same-model,同一产品型号跨批次非空值唯一一致,medium,Copyright © 2026 David YE
3620,401,CC6480CW23NPHEV,发动机生产企业,,长城汽车股份有限公司,3522,400,C-same-model,同一产品型号跨批次非空值唯一一致,medium,Copyright © 2026 David YE
3620,401,CC6480CW23NPHEV,发动机型号,,GW4B15M,3522,400,C-same-model,同一产品型号跨批次非空值唯一一致,medium,Copyright © 2026 David YE
3622,401,CSA6501ZFPHEV2,产品商标,,荣威牌,3523,400,C-same-model,同一产品型号跨批次非空值唯一一致,medium,Copyright © 2026 David YE
3622,401,CSA6501ZFPHEV2,企业名称,,上海汽车集团股份有限公司,3523,400,C-same-model,同一产品型号跨批次非空值唯一一致,medium,Copyright © 2026 David YE
3622,401,CSA6501ZFPHEV2,轴距(mm),,3000,3523,400,C-same-model,同一产品型号跨批次非空值唯一一致,medium,Copyright © 2026 David YE
3622,401,CSA6501ZFPHEV2,发动机生产企业,,上汽动力科技(郑州)有限公司,3523,400,C-same-model,同一产品型号跨批次非空值唯一一致,medium,Copyright © 2026 David YE
3622,401,CSA6501ZFPHEV2,发动机型号,,15FKE,3523,400,C-same-model,同一产品型号跨批次非空值唯一一致,medium,Copyright © 2026 David YE
3623,401,DFM6473M5F4PHEV,产品商标,,东风牌,3526,400,C-same-model,同一产品型号跨批次非空值唯一一致,medium,Copyright © 2026 David YE
3623,401,DFM6473M5F4PHEV,企业名称,,东风汽车股份有限公司,3526,400,C-same-model,同一产品型号跨批次非空值唯一一致,medium,Copyright © 2026 David YE
3623,401,DFM6473M5F4PHEV,细分市场,,SUV-C,3526,400,C-same-model,同一产品型号跨批次非空值唯一一致,medium,Copyright © 2026 David YE
3623,401,DFM6473M5F4PHEV,轴距(mm),,2775,3526,400,C-same-model,同一产品型号跨批次非空值唯一一致,medium,Copyright © 2026 David YE
3623,401,DFM6473M5F4PHEV,发动机生产企业,,智新科技股份有限公司,3526,400,C-same-model,同一产品型号跨批次非空值唯一一致,medium,Copyright © 2026 David YE
3623,401,DFM6473M5F4PHEV,发动机型号,,DFMC15DE,3526,400,C-same-model,同一产品型号跨批次非空值唯一一致,medium,Copyright © 2026 David YE
3625,401,DXK6481AS10PHEVH,产品商标,,赛力斯蓝电牌,3527,400,C-same-model,同一产品型号跨批次非空值唯一一致,medium,Copyright © 2026 David YE
3625,401,DXK6481AS10PHEVH,轴距(mm),,2785,3527,400,C-same-model,同一产品型号跨批次非空值唯一一致,medium,Copyright © 2026 David YE
3625,401,DXK6481AS10PHEVH,发动机生产企业,,"
重庆小康动力有限公司",3527,400,C-same-model,同一产品型号跨批次非空值唯一一致,medium,Copyright © 2026 David YE
3625,401,DXK6481AS10PHEVH,发动机型号,,H15R,3527,400,C-same-model,同一产品型号跨批次非空值唯一一致,medium,Copyright © 2026 David YE
3626,401,DXK6481AS11PHEVH45,产品商标,,赛力斯蓝电牌,3528,400,C-same-model,同一产品型号跨批次非空值唯一一致,medium,Copyright © 2026 David YE
3626,401,DXK6481AS11PHEVH45,轴距(mm),,2785,3528,400,C-same-model,同一产品型号跨批次非空值唯一一致,medium,Copyright © 2026 David YE
3626,401,DXK6481AS11PHEVH45,电机峰值功率(kW),,160 / 110,3528,400,C-same-model,同一产品型号跨批次非空值唯一一致,medium,Copyright © 2026 David YE
3626,401,DXK6481AS11PHEVH45,发动机生产企业,,重庆小康动力有限公司,3528,400,C-same-model,同一产品型号跨批次非空值唯一一致,medium,Copyright © 2026 David YE
3626,401,DXK6481AS11PHEVH45,发动机型号,,H15R,3528,400,C-same-model,同一产品型号跨批次非空值唯一一致,medium,Copyright © 2026 David YE
3629,401,DXK6481AS9PHEVH,产品商标,,赛力斯蓝电牌,3529,400,C-same-model,同一产品型号跨批次非空值唯一一致,medium,Copyright © 2026 David YE
3629,401,DXK6481AS9PHEVH,轴距(mm),,2785,3529,400,C-same-model,同一产品型号跨批次非空值唯一一致,medium,Copyright © 2026 David YE
3629,401,DXK6481AS9PHEVH,发动机生产企业,,重庆小康动力有限公司,3529,400,C-same-model,同一产品型号跨批次非空值唯一一致,medium,Copyright © 2026 David YE
3629,401,DXK6481AS9PHEVH,发动机型号,,H15R,3529,400,C-same-model,同一产品型号跨批次非空值唯一一致,medium,Copyright © 2026 David YE
3632,401,HQ6471DCHEV105M,产品商标,,吉利牌,3531,400,C-same-model,同一产品型号跨批次非空值唯一一致,medium,Copyright © 2026 David YE
3632,401,HQ6471DCHEV105M,企业名称,,浙江吉利汽车有限公司,3531,400,C-same-model,同一产品型号跨批次非空值唯一一致,medium,Copyright © 2026 David YE
3632,401,HQ6471DCHEV105M,轴距(mm),,2755,3531,400,C-same-model,同一产品型号跨批次非空值唯一一致,medium,Copyright © 2026 David YE
3632,401,HQ6471DCHEV105M,发动机生产企业,,极光湾科技有限公司,3531,400,C-same-model,同一产品型号跨批次非空值唯一一致,medium,Copyright © 2026 David YE
3632,401,HQ6471DCHEV105M,发动机型号,,BHE15-BFDM,3531,400,C-same-model,同一产品型号跨批次非空值唯一一致,medium,Copyright © 2026 David YE
3633,401,HQ6471DCHEV106M,产品商标,,吉利牌,3532,400,C-same-model,同一产品型号跨批次非空值唯一一致,medium,Copyright © 2026 David YE
3633,401,HQ6471DCHEV106M,企业名称,,浙江吉利汽车有限公司,3532,400,C-same-model,同一产品型号跨批次非空值唯一一致,medium,Copyright © 2026 David YE
3633,401,HQ6471DCHEV106M,轴距(mm),请提供包含轴距信息的正文内容，以便我进行提取。,2755,3532,400,C-same-model,同一产品型号跨批次非空值唯一一致,medium,Copyright © 2026 David YE
3633,401,HQ6471DCHEV106M,发动机生产企业,,极光湾科技有限公司,3532,400,C-same-model,同一产品型号跨批次非空值唯一一致,medium,Copyright © 2026 David YE
3633,401,HQ6471DCHEV106M,发动机型号,,BHE15-BFDM,3532,400,C-same-model,同一产品型号跨批次非空值唯一一致,medium,Copyright © 2026 David YE
3637,401,HQ7151DCHEV102M,产品商标,,吉利牌,3533,400,C-same-model,同一产品型号跨批次非空值唯一一致,medium,Copyright © 2026 David YE
3637,401,HQ7151DCHEV102M,企业名称,,浙江吉利汽车有限公司,3533,400,C-same-model,同一产品型号跨批次非空值唯一一致,medium,Copyright © 2026 David YE
3637,401,HQ7151DCHEV102M,细分市场,,Car-C,3533,400,C-same-model,同一产品型号跨批次非空值唯一一致,medium,Copyright © 2026 David YE
3637,401,HQ7151DCHEV102M,轴距(mm),,2756,3533,400,C-same-model,同一产品型号跨批次非空值唯一一致,medium,Copyright © 2026 David YE
3637,401,HQ7151DCHEV102M,B状态油耗(L/100km),,3.75,3533,400,C-same-model,同一产品型号跨批次非空值唯一一致,medium,Copyright © 2026 David YE
3637,401,HQ7151DCHEV102M,发动机生产企业,,极光湾科技有限公司,3533,400,C-same-model,同一产品型号跨批次非空值唯一一致,medium,Copyright © 2026 David YE
3637,401,HQ7151DCHEV102M,发动机型号,,BHE15-BFDM,3533,400,C-same-model,同一产品型号跨批次非空值唯一一致,medium,Copyright © 2026 David YE
3769,402,HQ7151DCHEV103M,细分市场,,Car-C,3534,400,C-same-model,同一产品型号跨批次非空值唯一一致,medium,Copyright © 2026 David YE
3769,402,HQ7151DCHEV103M,轴距(mm),,2756,3534,400,C-same-model,同一产品型号跨批次非空值唯一一致,medium,Copyright © 2026 David YE
3769,402,HQ7151DCHEV103M,B状态油耗(L/100km),,3.75,3534,400,C-same-model,同一产品型号跨批次非空值唯一一致,medium,Copyright © 2026 David YE
3769,402,HQ7151DCHEV103M,发动机生产企业,请提供包含发动机生产企业信息的正文内容，以便我进行提取。,极光湾科技有限公司,3534,400,C-same-model,同一产品型号跨批次非空值唯一一致,medium,Copyright © 2026 David YE
3769,402,HQ7151DCHEV103M,发动机型号,,BHE15-BFDM,3534,400,C-same-model,同一产品型号跨批次非空值唯一一致,medium,Copyright © 2026 David YE
3638,401,HQ7151DCHEV110,产品商标,,吉利牌,3535|3772,400|402,C-same-model,同一产品型号跨批次非空值唯一一致,high,Copyright © 2026 David YE
3535,400,HQ7151DCHEV110,企业名称,,浙江吉利汽车有限公司,3772,402,C-same-model,同一产品型号跨批次非空值唯一一致,medium,Copyright © 2026 David YE
3638,401,HQ7151DCHEV110,企业名称,,浙江吉利汽车有限公司,3772,402,C-same-model,同一产品型号跨批次非空值唯一一致,medium,Copyright © 2026 David YE
3638,401,HQ7151DCHEV110,轴距(mm),,2852,3535,400,C-same-model,同一产品型号跨批次非空值唯一一致,medium,Copyright © 2026 David YE
3772,402,HQ7151DCHEV110,轴距(mm),未提供,2852,3535,400,C-same-model,同一产品型号跨批次非空值唯一一致,medium,Copyright © 2026 David YE
3535,400,HQ7151DCHEV110,B状态油耗(L/100km),,3.75,3772,402,C-same-model,同一产品型号跨批次非空值唯一一致,medium,Copyright © 2026 David YE
3638,401,HQ7151DCHEV110,B状态油耗(L/100km),,3.75,3772,402,C-same-model,同一产品型号跨批次非空值唯一一致,medium,Copyright © 2026 David YE
3638,401,HQ7151DCHEV110,发动机型号,,BHE15-BFN,3535|3772,400|402,C-same-model,同一产品型号跨批次非空值唯一一致,high,Copyright © 2026 David YE
3639,401,HQ7151DCHEV111,产品商标,,吉利牌,3536|3773,400|402,C-same-model,同一产品型号跨批次非空值唯一一致,high,Copyright © 2026 David YE
3536,400,HQ7151DCHEV111,企业名称,,浙江吉利汽车有限公司,3773,402,C-same-model,同一产品型号跨批次非空值唯一一致,medium,Copyright © 2026 David YE
3639,401,HQ7151DCHEV111,企业名称,,浙江吉利汽车有限公司,3773,402,C-same-model,同一产品型号跨批次非空值唯一一致,medium,Copyright © 2026 David YE
3639,401,HQ7151DCHEV111,轴距(mm),,2852,3536,400,C-same-model,同一产品型号跨批次非空值唯一一致,medium,Copyright © 2026 David YE
3773,402,HQ7151DCHEV111,轴距(mm),未提供具体数值,2852,3536,400,C-same-model,同一产品型号跨批次非空值唯一一致,medium,Copyright © 2026 David YE
3639,401,HQ7151DCHEV111,电池类型,未提供具体信息,磷酸铁锂电池,3536,400,C-same-model,同一产品型号跨批次非空值唯一一致,medium,Copyright © 2026 David YE
3773,402,HQ7151DCHEV111,电池类型,未提供具体信息,磷酸铁锂电池,3536,400,C-same-model,同一产品型号跨批次非空值唯一一致,medium,Copyright © 2026 David YE
3536,400,HQ7151DCHEV111,B状态油耗(L/100km),,3.75,3773,402,C-same-model,同一产品型号跨批次非空值唯一一致,medium,Copyright © 2026 David YE
3639,401,HQ7151DCHEV111,B状态油耗(L/100km),,3.75,3773,402,C-same-model,同一产品型号跨批次非空值唯一一致,medium,Copyright © 2026 David YE
3639,401,HQ7151DCHEV111,发动机生产企业,,极光湾科技有限公司,3536,400,C-same-model,同一产品型号跨批次非空值唯一一致,medium,Copyright © 2026 David YE
3773,402,HQ7151DCHEV111,发动机生产企业,未提供具体信息,极光湾科技有限公司,3536,400,C-same-model,同一产品型号跨批次非空值唯一一致,medium,Copyright © 2026 David YE
3639,401,HQ7151DCHEV111,发动机型号,,BHE15-BFN,3536|3773,400|402,C-same-model,同一产品型号跨批次非空值唯一一致,high,Copyright © 2026 David YE
3640,401,HQ7151DCHEV112,产品商标,,吉利牌,3537|3774,400|402,C-same-model,同一产品型号跨批次非空值唯一一致,high,Copyright © 2026 David YE
3537,400,HQ7151DCHEV112,企业名称,,浙江吉利汽车有限公司,3774,402,C-same-model,同一产品型号跨批次非空值唯一一致,medium,Copyright © 2026 David YE
3640,401,HQ7151DCHEV112,企业名称,,浙江吉利汽车有限公司,3774,402,C-same-model,同一产品型号跨批次非空值唯一一致,medium,Copyright © 2026 David YE
3640,401,HQ7151DCHEV112,轴距(mm),,2852,3537,400,C-same-model,同一产品型号跨批次非空值唯一一致,medium,Copyright © 2026 David YE
3774,402,HQ7151DCHEV112,轴距(mm),未提供具体数据,2852,3537,400,C-same-model,同一产品型号跨批次非空值唯一一致,medium,Copyright © 2026 David YE
3537,400,HQ7151DCHEV112,B状态油耗(L/100km),,3.75,3774,402,C-same-model,同一产品型号跨批次非空值唯一一致,medium,Copyright © 2026 David YE
3640,401,HQ7151DCHEV112,B状态油耗(L/100km),,3.75,3774,402,C-same-model,同一产品型号跨批次非空值唯一一致,medium,Copyright © 2026 David YE
3640,401,HQ7151DCHEV112,发动机生产企业,,极光湾科技有限公司,3537,400,C-same-model,同一产品型号跨批次非空值唯一一致,medium,Copyright © 2026 David YE
3774,402,HQ7151DCHEV112,发动机生产企业,未提供具体数据,极光湾科技有限公司,3537,400,C-same-model,同一产品型号跨批次非空值唯一一致,medium,Copyright © 2026 David YE
3640,401,HQ7151DCHEV112,发动机型号,,BHE15-BFN,3537,400,C-same-model,同一产品型号跨批次非空值唯一一致,medium,Copyright © 2026 David YE
3774,402,HQ7151DCHEV112,发动机型号,未提供具体数据,BHE15-BFN,3537,400,C-same-model,同一产品型号跨批次非空值唯一一致,medium,Copyright © 2026 David YE
3538,400,HQ7151DCHEV113,企业名称,,浙江吉利汽车有限公司,3775,402,C-same-model,同一产品型号跨批次非空值唯一一致,medium,Copyright © 2026 David YE
3775,402,HQ7151DCHEV113,细分市场,,Car-C,3538,400,C-same-model,同一产品型号跨批次非空值唯一一致,medium,Copyright © 2026 David YE
3775,402,HQ7151DCHEV113,轴距(mm),未提供具体数据,2756,3538,400,C-same-model,同一产品型号跨批次非空值唯一一致,medium,Copyright © 2026 David YE
3538,400,HQ7151DCHEV113,B状态油耗(L/100km),,3.75,3775,402,C-same-model,同一产品型号跨批次非空值唯一一致,medium,Copyright © 2026 David YE
3775,402,HQ7151DCHEV113,发动机型号,未提供具体数据,BHE15-BFN,3538,400,C-same-model,同一产品型号跨批次非空值唯一一致,medium,Copyright © 2026 David YE
3779,402,JX6472PG6PHEV,细分市场,,SUV-C,3539,400,C-same-model,同一产品型号跨批次非空值唯一一致,medium,Copyright © 2026 David YE
3779,402,JX6472PG6PHEV,轴距(mm),,2726,3539,400,C-same-model,同一产品型号跨批次非空值唯一一致,medium,Copyright © 2026 David YE
3779,402,JX6472PG6PHEV,发动机生产企业,请提供包含发动机生产企业信息的正文内容，以便我进行提取。,江铃汽车股份有限公司,3539,400,C-same-model,同一产品型号跨批次非空值唯一一致,medium,Copyright © 2026 David YE
3779,402,JX6472PG6PHEV,发动机型号,,GE15A6L,3539,400,C-same-model,同一产品型号跨批次非空值唯一一致,medium,Copyright © 2026 David YE
3540,400,JX6497PD6PHEV,企业名称,,长安福特汽车有限公司,3641,401,C-same-model,同一产品型号跨批次非空值唯一一致,medium,Copyright © 2026 David YE
3541,400,JX6508PB6SHEV,企业名称,,长安福特汽车有限公司,3642,401,C-same-model,同一产品型号跨批次非空值唯一一致,medium,Copyright © 2026 David YE
3643,401,MR6521DCHEV110,产品商标,,极氪牌,3542,400,C-same-model,同一产品型号跨批次非空值唯一一致,medium,Copyright © 2026 David YE
3643,401,MR6521DCHEV110,企业名称,,浙江极氪智能科技有限公司,3542,400,C-same-model,同一产品型号跨批次非空值唯一一致,medium,Copyright © 2026 David YE
3643,401,MR6521DCHEV110,轴距(mm),,3169,3542,400,C-same-model,同一产品型号跨批次非空值唯一一致,medium,Copyright © 2026 David YE
3643,401,MR6521DCHEV110,发动机生产企业,,极光湾科技有限公司,3542,400,C-same-model,同一产品型号跨批次非空值唯一一致,medium,Copyright © 2026 David YE
3643,401,MR6521DCHEV110,发动机型号,,DHE20-PFZ,3542,400,C-same-model,同一产品型号跨批次非空值唯一一致,medium,Copyright © 2026 David YE
3644,401,MR6521DCHEV111,产品商标,,极氪牌,3543,400,C-same-model,同一产品型号跨批次非空值唯一一致,medium,Copyright © 2026 David YE
3644,401,MR6521DCHEV111,企业名称,,浙江极氪智能科技有限公司,3543,400,C-same-model,同一产品型号跨批次非空值唯一一致,medium,Copyright © 2026 David YE
3644,401,MR6521DCHEV111,轴距(mm),,3169,3543,400,C-same-model,同一产品型号跨批次非空值唯一一致,medium,Copyright © 2026 David YE
3644,401,MR6521DCHEV111,发动机生产企业,,极光湾科技有限公司,3543,400,C-same-model,同一产品型号跨批次非空值唯一一致,medium,Copyright © 2026 David YE
3644,401,MR6521DCHEV111,发动机型号,,DHE20-PFZ,3543,400,C-same-model,同一产品型号跨批次非空值唯一一致,medium,Copyright © 2026 David YE
3645,401,MR6521DCHEV112,产品商标,,极氪牌,3544,400,C-same-model,同一产品型号跨批次非空值唯一一致,medium,Copyright © 2026 David YE
3645,401,MR6521DCHEV112,企业名称,,浙江极氪智能科技有限公司,3544,400,C-same-model,同一产品型号跨批次非空值唯一一致,medium,Copyright © 2026 David YE
3645,401,MR6521DCHEV112,轴距(mm),,3169,3544,400,C-same-model,同一产品型号跨批次非空值唯一一致,medium,Copyright © 2026 David YE
3645,401,MR6521DCHEV112,发动机生产企业,,极光湾科技有限公司,3544,400,C-same-model,同一产品型号跨批次非空值唯一一致,medium,Copyright © 2026 David YE
3645,401,MR6521DCHEV112,发动机型号,,DHE20-PFZ,3544,400,C-same-model,同一产品型号跨批次非空值唯一一致,medium,Copyright © 2026 David YE
3646,401,MR6521DCHEV113,产品商标,,极氪牌,3545,400,C-same-model,同一产品型号跨批次非空值唯一一致,medium,Copyright © 2026 David YE
3646,401,MR6521DCHEV113,企业名称,,浙江极氪智能科技有限公司,3545,400,C-same-model,同一产品型号跨批次非空值唯一一致,medium,Copyright © 2026 David YE
3646,401,MR6521DCHEV113,轴距(mm),,3169,3545,400,C-same-model,同一产品型号跨批次非空值唯一一致,medium,Copyright © 2026 David YE
3646,401,MR6521DCHEV113,发动机生产企业,,极光湾科技有限公司,3545,400,C-same-model,同一产品型号跨批次非空值唯一一致,medium,Copyright © 2026 David YE
3646,401,MR6521DCHEV113,发动机型号,,DHE20-PFZ,3545,400,C-same-model,同一产品型号跨批次非空值唯一一致,medium,Copyright © 2026 David YE
3656,401,NHQ6481SHEVFA,产品商标,,小鹏牌,3546,400,C-same-model,同一产品型号跨批次非空值唯一一致,medium,Copyright © 2026 David YE
3656,401,NHQ6481SHEVFA,企业名称,,广州小鹏汽车科技有限公司,3546,400,C-same-model,同一产品型号跨批次非空值唯一一致,medium,Copyright © 2026 David YE
3656,401,NHQ6481SHEVFA,轴距(mm),,2890,3546,400,C-same-model,同一产品型号跨批次非空值唯一一致,medium,Copyright © 2026 David YE
3656,401,NHQ6481SHEVFA,发动机生产企业,,哈尔滨东安汽车动力股份有限公司,3546,400,C-same-model,同一产品型号跨批次非空值唯一一致,medium,Copyright © 2026 David YE
3656,401,NHQ6481SHEVFA,发动机型号,,DAM15NTE,3546,400,C-same-model,同一产品型号跨批次非空值唯一一致,medium,Copyright © 2026 David YE
3657,401,NHQ7150SHEVKA,产品商标,,小鹏牌,3547|3793,400|402,C-same-model,同一产品型号跨批次非空值唯一一致,high,Copyright © 2026 David YE
3547,400,NHQ7150SHEVKA,企业名称,,广州小鹏汽车科技有限公司,3793,402,C-same-model,同一产品型号跨批次非空值唯一一致,medium,Copyright © 2026 David YE
3657,401,NHQ7150SHEVKA,企业名称,,广州小鹏汽车科技有限公司,3793,402,C-same-model,同一产品型号跨批次非空值唯一一致,medium,Copyright © 2026 David YE
3657,401,NHQ7150SHEVKA,轴距(mm),,3000,3547,400,C-same-model,同一产品型号跨批次非空值唯一一致,medium,Copyright © 2026 David YE
3793,402,NHQ7150SHEVKA,轴距(mm),未提供具体数据,3000,3547,400,C-same-model,同一产品型号跨批次非空值唯一一致,medium,Copyright © 2026 David YE
3657,401,NHQ7150SHEVKA,发动机生产企业,,哈尔滨东安汽车动力股份有限公司,3547,400,C-same-model,同一产品型号跨批次非空值唯一一致,medium,Copyright © 2026 David YE
3793,402,NHQ7150SHEVKA,发动机生产企业,未提供具体数据,哈尔滨东安汽车动力股份有限公司,3547,400,C-same-model,同一产品型号跨批次非空值唯一一致,medium,Copyright © 2026 David YE
3657,401,NHQ7150SHEVKA,发动机型号,,DAM15NTE,3547,400,C-same-model,同一产品型号跨批次非空值唯一一致,medium,Copyright © 2026 David YE
3793,402,NHQ7150SHEVKA,发动机型号,,DAM15NTE,3547,400,C-same-model,同一产品型号跨批次非空值唯一一致,medium,Copyright © 2026 David YE
3659,401,QCJ7200BTHEV2,产品商标,,仰望牌,3548,400,C-same-model,同一产品型号跨批次非空值唯一一致,medium,Copyright © 2026 David YE
3659,401,QCJ7200BTHEV2,企业名称,,比亚迪汽车工业有限公司,3548,400,C-same-model,同一产品型号跨批次非空值唯一一致,medium,Copyright © 2026 David YE
3659,401,QCJ7200BTHEV2,细分市场,,Lux Car,3548,400,C-same-model,同一产品型号跨批次非空值唯一一致,medium,Copyright © 2026 David YE
3659,401,QCJ7200BTHEV2,轴距(mm),,3200,3548,400,C-same-model,同一产品型号跨批次非空值唯一一致,medium,Copyright © 2026 David YE
3659,401,QCJ7200BTHEV2,电机峰值功率(kW),,260/260/240/240,3548,400,C-same-model,同一产品型号跨批次非空值唯一一致,medium,Copyright © 2026 David YE
3659,401,QCJ7200BTHEV2,发动机生产企业,,比亚迪汽车工业有限公司,3548,400,C-same-model,同一产品型号跨批次非空值唯一一致,medium,Copyright © 2026 David YE
3659,401,QCJ7200BTHEV2,发动机型号,,BYD4H20,3548,400,C-same-model,同一产品型号跨批次非空值唯一一致,medium,Copyright © 2026 David YE
3660,401,SC6470AAAA6HEV,产品商标,,长安牌,3549,400,C-same-model,同一产品型号跨批次非空值唯一一致,medium,Copyright © 2026 David YE
3660,401,SC6470AAAA6HEV,企业名称,,重庆长安汽车股份有限公司,3549,400,C-same-model,同一产品型号跨批次非空值唯一一致,medium,Copyright © 2026 David YE
3660,401,SC6470AAAA6HEV,细分市场,,SUV-C,3549,400,C-same-model,同一产品型号跨批次非空值唯一一致,medium,Copyright © 2026 David YE
3660,401,SC6470AAAA6HEV,轴距(mm),,2795,3549,400,C-same-model,同一产品型号跨批次非空值唯一一致,medium,Copyright © 2026 David YE
3660,401,SC6470AAAA6HEV,发动机生产企业,,重庆长安汽车股份有限公司,3549,400,C-same-model,同一产品型号跨批次非空值唯一一致,medium,Copyright © 2026 David YE
3660,401,SC6470AAAA6HEV,发动机型号,,JL469Q1,3549,400,C-same-model,同一产品型号跨批次非空值唯一一致,medium,Copyright © 2026 David YE
3663,401,SGM6525UFCHEV,产品商标,,别克(BUICK),3550,400,C-same-model,同一产品型号跨批次非空值唯一一致,medium,Copyright © 2026 David YE
3663,401,SGM6525UFCHEV,轴距(mm),,3088,3550,400,C-same-model,同一产品型号跨批次非空值唯一一致,medium,Copyright © 2026 David YE
3663,401,SGM6525UFCHEV,发动机生产企业,,上汽通用汽车有限公司,3550,400,C-same-model,同一产品型号跨批次非空值唯一一致,medium,Copyright © 2026 David YE
3663,401,SGM6525UFCHEV,发动机型号,,LD3,3550,400,C-same-model,同一产品型号跨批次非空值唯一一致,medium,Copyright © 2026 David YE
3664,401,SQR6470CHEVT1L6,产品商标,,捷途牌,3551,400,C-same-model,同一产品型号跨批次非空值唯一一致,medium,Copyright © 2026 David YE
3664,401,SQR6470CHEVT1L6,企业名称,,奇瑞汽车股份有限公司,3551,400,C-same-model,同一产品型号跨批次非空值唯一一致,medium,Copyright © 2026 David YE
3664,401,SQR6470CHEVT1L6,轴距(mm),,2810,3551,400,C-same-model,同一产品型号跨批次非空值唯一一致,medium,Copyright © 2026 David YE
3664,401,SQR6470CHEVT1L6,发动机生产企业,,奇瑞汽车股份有限公司,3551,400,C-same-model,同一产品型号跨批次非空值唯一一致,medium,Copyright © 2026 David YE
3664,401,SQR6470CHEVT1L6,发动机型号,,SQRH4J15,3551,400,C-same-model,同一产品型号跨批次非空值唯一一致,medium,Copyright © 2026 David YE
3665,401,SQR6480CHEVT1J1,产品商标,,捷途牌,3552,400,C-same-model,同一产品型号跨批次非空值唯一一致,medium,Copyright © 2026 David YE
3665,401,SQR6480CHEVT1J1,企业名称,,奇瑞汽车股份有限公司,3552,400,C-same-model,同一产品型号跨批次非空值唯一一致,medium,Copyright © 2026 David YE
3665,401,SQR6480CHEVT1J1,轴距(mm),,2800,3552,400,C-same-model,同一产品型号跨批次非空值唯一一致,medium,Copyright © 2026 David YE
3665,401,SQR6480CHEVT1J1,发动机生产企业,,奇瑞汽车股份有限公司,3552,400,C-same-model,同一产品型号跨批次非空值唯一一致,medium,Copyright © 2026 David YE
3665,401,SQR6480CHEVT1J1,发动机型号,,SQRH4J15,3552,400,C-same-model,同一产品型号跨批次非空值唯一一致,medium,Copyright © 2026 David YE
3667,401,SQR6480CHEVT1N1,产品商标,,捷途牌,3553,400,C-same-model,同一产品型号跨批次非空值唯一一致,medium,Copyright © 2026 David YE
3667,401,SQR6480CHEVT1N1,企业名称,,奇瑞汽车股份有限公司,3553,400,C-same-model,同一产品型号跨批次非空值唯一一致,medium,Copyright © 2026 David YE
3667,401,SQR6480CHEVT1N1,细分市场,,SUV-C,3553,400,C-same-model,同一产品型号跨批次非空值唯一一致,medium,Copyright © 2026 David YE
3667,401,SQR6480CHEVT1N1,轴距(mm),,2820,3553,400,C-same-model,同一产品型号跨批次非空值唯一一致,medium,Copyright © 2026 David YE
3667,401,SQR6480CHEVT1N1,发动机生产企业,,奇瑞汽车股份有限公司,3553,400,C-same-model,同一产品型号跨批次非空值唯一一致,medium,Copyright © 2026 David YE
3667,401,SQR6480CHEVT1N1,发动机型号,,SQRH4J15,3553,400,C-same-model,同一产品型号跨批次非空值唯一一致,medium,Copyright © 2026 David YE
3668,401,SQR6484CHEVT1J,产品商标,请提供包含产品商标信息的正文内容，以便我进行提取。,捷途牌,3554,400,C-same-model,同一产品型号跨批次非空值唯一一致,medium,Copyright © 2026 David YE
3668,401,SQR6484CHEVT1J,企业名称,,奇瑞汽车股份有限公司,3554,400,C-same-model,同一产品型号跨批次非空值唯一一致,medium,Copyright © 2026 David YE
3668,401,SQR6484CHEVT1J,轴距(mm),,2800,3554,400,C-same-model,同一产品型号跨批次非空值唯一一致,medium,Copyright © 2026 David YE
3668,401,SQR6484CHEVT1J,发动机生产企业,,奇瑞汽车股份有限公司,3554,400,C-same-model,同一产品型号跨批次非空值唯一一致,medium,Copyright © 2026 David YE
3668,401,SQR6484CHEVT1J,发动机型号,,SQRH4J15,3554,400,C-same-model,同一产品型号跨批次非空值唯一一致,medium,Copyright © 2026 David YE
3669,401,SQR6485CHEVT1J,产品商标,,捷途牌,3555,400,C-same-model,同一产品型号跨批次非空值唯一一致,medium,Copyright © 2026 David YE
3669,401,SQR6485CHEVT1J,企业名称,,奇瑞汽车股份有限公司,3555,400,C-same-model,同一产品型号跨批次非空值唯一一致,medium,Copyright © 2026 David YE
3669,401,SQR6485CHEVT1J,轴距(mm),,2800,3555,400,C-same-model,同一产品型号跨批次非空值唯一一致,medium,Copyright © 2026 David YE
3669,401,SQR6485CHEVT1J,发动机生产企业,,奇瑞汽车股份有限公司,3555,400,C-same-model,同一产品型号跨批次非空值唯一一致,medium,Copyright © 2026 David YE
3669,401,SQR6485CHEVT1J,发动机型号,,SQRH4J15,3555,400,C-same-model,同一产品型号跨批次非空值唯一一致,medium,Copyright © 2026 David YE
3671,401,SQR6500CHEVT1J1,产品商标,,捷途牌,3556,400,C-same-model,同一产品型号跨批次非空值唯一一致,medium,Copyright © 2026 David YE
3671,401,SQR6500CHEVT1J1,企业名称,,奇瑞汽车股份有限公司,3556,400,C-same-model,同一产品型号跨批次非空值唯一一致,medium,Copyright © 2026 David YE
3671,401,SQR6500CHEVT1J1,轴距(mm),,2800,3556,400,C-same-model,同一产品型号跨批次非空值唯一一致,medium,Copyright © 2026 David YE
3671,401,SQR6500CHEVT1J1,发动机生产企业,,奇瑞汽车股份有限公司,3556,400,C-same-model,同一产品型号跨批次非空值唯一一致,medium,Copyright © 2026 David YE
3671,401,SQR6500CHEVT1J1,发动机型号,,SQRH4J15,3556,400,C-same-model,同一产品型号跨批次非空值唯一一致,medium,Copyright © 2026 David YE
3674,401,SQR6520REEVE024,产品商标,,奇瑞牌,3558,400,C-same-model,同一产品型号跨批次非空值唯一一致,medium,Copyright © 2026 David YE
3674,401,SQR6520REEVE024,企业名称,,奇瑞新能源汽车股份有限公司,3558,400,C-same-model,同一产品型号跨批次非空值唯一一致,medium,Copyright © 2026 David YE
3674,401,SQR6520REEVE024,轴距(mm),,3120,3558,400,C-same-model,同一产品型号跨批次非空值唯一一致,medium,Copyright © 2026 David YE
3674,401,SQR6520REEVE024,发动机生产企业,,奇瑞汽车股份有限公司,3558,400,C-same-model,同一产品型号跨批次非空值唯一一致,medium,Copyright © 2026 David YE
3674,401,SQR6520REEVE024,发动机型号,,SQRH4J15,3558,400,C-same-model,同一产品型号跨批次非空值唯一一致,medium,Copyright © 2026 David YE
4078,406,BJ7000T378BEV,企业名称,,北京新能源汽车股份有限公司,3926,404,C-same-model,同一产品型号跨批次非空值唯一一致,medium,Copyright © 2026 David YE
4078,406,BJ7000T378BEV,综合油耗(L/100km),,不适用(BEV),3926,404,C-same-model,同一产品型号跨批次非空值唯一一致,medium,Copyright © 2026 David YE
4078,406,BJ7000T378BEV,B状态油耗(L/100km),,不适用(BEV),3926,404,C-same-model,同一产品型号跨批次非空值唯一一致,medium,Copyright © 2026 David YE
4078,406,BJ7000T378BEV,发动机排量(mL),,不适用(BEV),3926,404,C-same-model,同一产品型号跨批次非空值唯一一致,medium,Copyright © 2026 David YE
4078,406,BJ7000T378BEV,发动机功率(kW),,不适用(BEV),3926,404,C-same-model,同一产品型号跨批次非空值唯一一致,medium,Copyright © 2026 David YE
4078,406,BJ7000T378BEV,发动机生产企业,,不适用(BEV),3926,404,C-same-model,同一产品型号跨批次非空值唯一一致,medium,Copyright © 2026 David YE
4078,406,BJ7000T378BEV,发动机型号,,不适用(BEV),3926,404,C-same-model,同一产品型号跨批次非空值唯一一致,medium,Copyright © 2026 David YE
4059,405,HQ7151DCHEV120,企业名称,,浙江吉利汽车有限公司,3984,404,C-same-model,同一产品型号跨批次非空值唯一一致,medium,Copyright © 2026 David YE
4059,405,HQ7151DCHEV120,B状态油耗(L/100km),,3.75,3984,404,C-same-model,同一产品型号跨批次非空值唯一一致,medium,Copyright © 2026 David YE
4060,405,HQ7151DCHEV121,企业名称,,浙江吉利汽车有限公司,3985,404,C-same-model,同一产品型号跨批次非空值唯一一致,medium,Copyright © 2026 David YE
4060,405,HQ7151DCHEV121,B状态油耗(L/100km),,3.75,3985,404,C-same-model,同一产品型号跨批次非空值唯一一致,medium,Copyright © 2026 David YE
4183,407,FZ6490BEVC16T,纯电续航里程(km),,630（CLTC）,4100,406,C-same-model,同一产品型号跨批次非空值唯一一致,medium,Copyright © 2026 David YE
4277,408,LZ6480MME0EV,纯电续航里程(km),,510（CLTC）,4191,407,C-same-model,同一产品型号跨批次非空值唯一一致,medium,Copyright © 2026 David YE
4278,408,LZ6490MME0EV,纯电续航里程(km),,510（CLTC）,4192,407,C-same-model,同一产品型号跨批次非空值唯一一致,medium,Copyright © 2026 David YE
4336,408,SC6510AAAL6HEV,纯电续航里程(km),,144140,4249,407,C-same-model,同一产品型号跨批次非空值唯一一致,medium,Copyright © 2026 David YE
4336,408,SC6510AAAL6HEV,综合油耗(L/100km),,7.30/7.50,4249,407,C-same-model,同一产品型号跨批次非空值唯一一致,medium,Copyright © 2026 David YE
